crash_record_id;crash_date;posted_speed_limit;traffic_control_device;device_condition;weather_condition;lighting_condition;first_crash_type;trafficway_type;alignment;roadway_surface_cond;road_defect;crash_type;intersection_related_i;hit_and_run_i;damage;prim_contributory_cause;sec_contributory_cause;street_no;street_direction;street_name;beat_of_occurrence;photos_taken_i;statements_taken_i;dooring_i;work_zone_i;work_zone_type;workers_present_i;num_units;most_severe_injury;injuries_total;injuries_fatal;injuries_incapacitating;injuries_non_incapacitating;injuries_reported_not_evident;injuries_no_indication;injuries_unknown;crash_hour;crash_day_of_week;crash_month;latitude;longitude;location;report_type;date_police_notified
cb3ce960c276d9a6c43253b24fa7a066921027601d67a52a5270ade4e29cd87fa146055dd473b32a23ea712e41f190c5f18e2c9c57717b345c03ef3435b0e040;2025-06-16 16:50:00;30;TRAFFIC SIGNAL;FUNCTIONING PROPERLY;CLEAR;DAYLIGHT;REAR END;FOUR WAY;STRAIGHT AND LEVEL;DRY;NO DEFECTS;NO INJURY / DRIVE AWAY;Y;;$500 OR LESS;UNABLE TO DETERMINE;NOT APPLICABLE;2500;S;PULASKI RD;1013;;;;;;;2;NO INDICATION OF INJURY;0;0;0;0;0;2;0;16;2;6;41.846037569;-87.7247613705;{'type': 'Point', 'coordinates': [-87.724761370522, 41.846037568964]};NOT ON SCENE (DESK REPORT);2025-06-16T18:24:00.000
de2cbc2f55b6ea064360b4c846c2c7e2a4e05ed0fd7325a385d17338206e0ddb437526675a4f67100b0d2d342d2a00faf2eadf303df141ec4c54ca583a4e5def;2025-06-16 16:47:00;30;STOP SIGN/FLASHER;FUNCTIONING PROPERLY;CLEAR;DAYLIGHT;TURNING;NOT DIVIDED;STRAIGHT AND LEVEL;DRY;NO DEFECTS;NO INJURY / DRIVE AWAY;;Y;OVER $1,500;IMPROPER TURNING/NO SIGNAL;IMPROPER LANE USAGE;3705;W;CHICAGO AVE;1112;;;;;;;2;NO INDICATION OF INJURY;0;0;0;0;0;3;0;16;2;6;41.8953246598;-87.7189966753;{'type': 'Point', 'coordinates': [-87.718996675278, 41.8953246598]};NOT ON SCENE (DESK REPORT);2025-06-16T16:50:00.000
2f1a4212137b2e66df315db85d72ff06b6e0536ea57c68a5a7eead2179fe2964c2dc64e7c531410ee70298100fe8dd6cc13b09d63848df357537a94c172be7dd;2025-06-16 16:40:00;30;TRAFFIC SIGNAL;FUNCTIONING PROPERLY;CLEAR;DAYLIGHT;REAR END;NOT DIVIDED;STRAIGHT AND LEVEL;DRY;NO DEFECTS;NO INJURY / DRIVE AWAY;;;$501 - $1,500;FOLLOWING TOO CLOSELY;UNABLE TO DETERMINE;6308;N;CENTRAL AVE;1621;;;;;;;2;NO INDICATION OF INJURY;0;0;0;0;0;3;0;16;2;6;41.996371597;-87.7642770382;{'type': 'Point', 'coordinates': [-87.764277038221, 41.996371597022]};NOT ON SCENE (DESK REPORT);2025-06-16T17:45:00.000
da9b19e860881f0c896b4f073fb8a174b67696bf1b00fcd18010795ba7e09af3bfdf731f43b728f9928460d758714840253434d2323f8e82fa89cdb1cd7a5675;2025-06-16 16:37:00;30;TRAFFIC SIGNAL;UNKNOWN;CLEAR;DAYLIGHT;TURNING;NOT DIVIDED;STRAIGHT AND LEVEL;DRY;UNKNOWN;NO INJURY / DRIVE AWAY;Y;;OVER $1,500;UNABLE TO DETERMINE;NOT APPLICABLE;6999;W;ARCHER AVE;811;;;;;;;2;NO INDICATION OF INJURY;0;0;0;0;0;3;0;16;2;6;41.7919544335;-87.7963928279;{'type': 'Point', 'coordinates': [-87.796392827856, 41.791954433544]};ON SCENE;2025-06-16T16:43:00.000
36c9f101d3ac22a41e237cc7f3bd0c99c7a08850a3971231a2130cf4f80d9f23338f67fac8a5178005849801c5a7a4268401f0f353df2b226d352738bb9cc8e4;2025-06-16 16:30:00;30;TRAFFIC SIGNAL;FUNCTIONING PROPERLY;CLEAR;DAYLIGHT;SIDESWIPE OPPOSITE DIRECTION;DIVIDED - W/MEDIAN (NOT RAISED);STRAIGHT AND LEVEL;DRY;NO DEFECTS;NO INJURY / DRIVE AWAY;Y;;$501 - $1,500;UNABLE TO DETERMINE;NOT APPLICABLE;1200;W;47TH ST;924;;;;;;;2;NO INDICATION OF INJURY;0;0;0;0;0;2;0;16;2;6;41.8088429385;-87.6553045946;{'type': 'Point', 'coordinates': [-87.655304594554, 41.808842938485]};NOT ON SCENE (DESK REPORT);2025-06-16T17:00:00.000
70ba44d51abeedbd306ad59ce9135e32eb1442f5d4539b644688146660bc3aaef4ae04cc7ce46d735fc6be10ac5a7d1658bda5ffd942a57c6c4711e13334fffd;2025-06-16 16:30:00;30;NO CONTROLS;NO CONTROLS;CLEAR;DAYLIGHT;ANGLE;NOT DIVIDED;STRAIGHT AND LEVEL;DRY;UNKNOWN;NO INJURY / DRIVE AWAY;;;OVER $1,500;UNABLE TO DETERMINE;NOT APPLICABLE;2000;S;PULASKI RD;1012;;;;;;;2;NO INDICATION OF INJURY;0;0;0;0;0;4;0;16;2;6;41.8543804421;-87.7249789944;{'type': 'Point', 'coordinates': [-87.72497899436, 41.854380442115]};ON SCENE;2025-06-16T16:39:00.000
c2adbfc360849d596bd1e6d8a14ddb436852b764673a9d855cdff9b5e4f1ccd484954719be68e6b65d3d07e8c402e6f488f3a67cd26c2c793a37b33f891176d0;2025-06-16 16:28:00;30;NO CONTROLS;NO CONTROLS;CLEAR;DAYLIGHT;PEDALCYCLIST;CENTER TURN LANE;STRAIGHT AND LEVEL;DRY;NO DEFECTS;INJURY AND / OR TOW DUE TO CRASH;;;OVER $1,500;UNABLE TO DETERMINE;UNABLE TO DETERMINE;4713;S;CALIFORNIA AVE;922;;;;;;;2;NONINCAPACITATING INJURY;1;0;0;1;0;1;0;16;2;6;41.8078715338;-87.694047255;{'type': 'Point', 'coordinates': [-87.694047255025, 41.807871533771]};NOT ON SCENE (DESK REPORT);2025-06-16T16:45:00.000
efd7ba0e81f1eb35556cf8f034bcf627b6a87942beefe932c55dec7742f02a0c1b803a8e229ef51fd0197f9439b241669f8263dd7807b1ed1360cf9e045c1197;2025-06-16 16:15:00;30;NO CONTROLS;NO CONTROLS;CLEAR;DAYLIGHT;ANGLE;DIVIDED - W/MEDIAN (NOT RAISED);STRAIGHT AND LEVEL;DRY;UNKNOWN;NO INJURY / DRIVE AWAY;;;OVER $1,500;NOT APPLICABLE;NOT APPLICABLE;6700;S;RHODES AVE;321;;;;;;;2;NO INDICATION OF INJURY;0;0;0;0;0;2;0;16;2;6;41.7729355853;-87.6119726402;{'type': 'Point', 'coordinates': [-87.611972640218, 41.7729355853]};NOT ON SCENE (DESK REPORT);2025-06-16T16:50:00.000
6c14d6344865bf586f4468891161a710c17569ff42ea7a4c6f429dccbba2543cc451784e51055053f549103ad6e59a864ff7a85561819af05643df4232155736;2025-06-16 16:01:00;30;UNKNOWN;UNKNOWN;CLEAR;DAYLIGHT;FIXED OBJECT;DIVIDED - W/MEDIAN (NOT RAISED);STRAIGHT AND LEVEL;DRY;NO DEFECTS;INJURY AND / OR TOW DUE TO CRASH;;;OVER $1,500;UNABLE TO DETERMINE;UNABLE TO DETERMINE;5133;S;COTTAGE GROVE AVE;233;;Y;;;;;1;REPORTED, NOT EVIDENT;6;0;0;0;6;0;0;16;2;6;41.8012699557;-87.6062276255;{'type': 'Point', 'coordinates': [-87.60622762555, 41.801269955655]};ON SCENE;2025-06-16T16:04:00.000
385ab31a62b96bbeb2e957f7665e150865247346e4b3d8e231ef57c09d0ad009fa360ece425027bf4fac052f0fc5b27fff922b6e5f29ca45903c2be9cd7a6a7b;2025-06-16 16:00:00;30;NO CONTROLS;NO CONTROLS;CLEAR;DAYLIGHT;REAR END;NOT DIVIDED;STRAIGHT AND LEVEL;DRY;NO DEFECTS;NO INJURY / DRIVE AWAY;;;OVER $1,500;DISTRACTION - FROM OUTSIDE VEHICLE;NOT APPLICABLE;4837;W;MONTROSE AVE;1624;;;;;;;2;NO INDICATION OF INJURY;0;0;0;0;0;2;0;16;2;6;41.9605940334;-87.7490501911;{'type': 'Point', 'coordinates': [-87.749050191059, 41.960594033411]};NOT ON SCENE (DESK REPORT);2025-06-16T16:30:00.000
7b90f6a00f1c63121877dc5368cbfd4be2ba452c5e99f2221fb8ca02b58ad750c54e1dec95f9abf18fe27b96f4dffa0317735e347bffcc9a0f9329a373628214;2025-06-16 16:00:00;30;NO CONTROLS;NO CONTROLS;CLEAR;DAYLIGHT;SIDESWIPE SAME DIRECTION;ONE-WAY;STRAIGHT AND LEVEL;DRY;NO DEFECTS;NO INJURY / DRIVE AWAY;;;OVER $1,500;UNABLE TO DETERMINE;UNABLE TO DETERMINE;259;E;ERIE ST;1834;;;;;;;2;NO INDICATION OF INJURY;0;0;0;0;0;2;0;16;2;6;41.8940853807;-87.62040431;{'type': 'Point', 'coordinates': [-87.620404310022, 41.894085380663]};NOT ON SCENE (DESK REPORT);2025-06-16T17:15:00.000
81d335207f9d0766b0f8b4620aa09505fd2ebbe59b65ed84c74793fc34726a30eb62d10da63d5814604701d6ca565b532b9b4ee8f13a5d137b306e8ef684b296;2025-06-16 16:00:00;10;NO CONTROLS;NO CONTROLS;CLEAR;DAYLIGHT;PARKED MOTOR VEHICLE;PARKING LOT;STRAIGHT AND LEVEL;DRY;NO DEFECTS;NO INJURY / DRIVE AWAY;;;$500 OR LESS;DRIVING SKILLS/KNOWLEDGE/EXPERIENCE;NOT APPLICABLE;1500;S;INDIANA AVE;132;;;;;;;2;NO INDICATION OF INJURY;0;0;0;0;0;3;0;16;2;6;41.8619430978;-87.6225704424;{'type': 'Point', 'coordinates': [-87.622570442358, 41.86194309783]};NOT ON SCENE (DESK REPORT);2025-06-16T18:20:00.000
a68da9cdc3c0e96e670697be2d12ec22622e79b04cfcee6bf5950ba972d7ad47587ae8bab1e101e1183c837bb298db9ff508e350d15c83fdd0b4484bdefabd46;2025-06-16 16:00:00;20;NO CONTROLS;NO CONTROLS;CLEAR;DAYLIGHT;SIDESWIPE SAME DIRECTION;NOT DIVIDED;STRAIGHT AND LEVEL;DRY;NO DEFECTS;NO INJURY / DRIVE AWAY;;;OVER $1,500;DISTRACTION - FROM OUTSIDE VEHICLE;DISTRACTION - FROM OUTSIDE VEHICLE;1116;N;ASHLAND AVE;1213;Y;;;;;;2;NO INDICATION OF INJURY;0;0;0;0;0;2;0;16;2;6;41.9021030828;-87.6676093769;{'type': 'Point', 'coordinates': [-87.66760937694, 41.902103082755]};NOT ON SCENE (DESK REPORT);2025-06-16T16:00:00.000
3fb914a9093fe0b878fe93ab74dfe6c96bbbe5decfac71644e327ba13424a34badc8a77c740b6dee745fc69938be8bda6b2afb61805c03690bcfec7a4d58c76f;2025-06-16 15:55:00;35;TRAFFIC SIGNAL;FUNCTIONING PROPERLY;CLEAR;DAYLIGHT;SIDESWIPE OPPOSITE DIRECTION;DIVIDED - W/MEDIAN (NOT RAISED);STRAIGHT AND LEVEL;DRY;NO DEFECTS;NO INJURY / DRIVE AWAY;;Y;$500 OR LESS;IMPROPER OVERTAKING/PASSING;IMPROPER LANE USAGE;2601;W;TOUHY AVE;2411;;;;;;;2;NO INDICATION OF INJURY;0;0;0;0;0;2;0;15;2;6;42.0120637331;-87.6950994608;{'type': 'Point', 'coordinates': [-87.695099460786, 42.012063733103]};ON SCENE;2025-06-16T16:01:00.000
d7a32122c967cad7eec79b952528e6071df17cd8a526512b3873e1dc052c993d01f539923d12e6ad85ed00afd3637e8766ab37c20a27652b3a00dff499751fec;2025-06-16 15:55:00;30;UNKNOWN;UNKNOWN;CLEAR;DAYLIGHT;SIDESWIPE SAME DIRECTION;FOUR WAY;STRAIGHT AND LEVEL;DRY;UNKNOWN;NO INJURY / DRIVE AWAY;;;OVER $1,500;IMPROPER OVERTAKING/PASSING;NOT APPLICABLE;7850;S;DR MARTIN LUTHER KING JR DR;623;;;;;;;2;NO INDICATION OF INJURY;0;0;0;0;0;2;0;15;2;6;41.7514302943;-87.6151127336;{'type': 'Point', 'coordinates': [-87.615112733615, 41.751430294265]};NOT ON SCENE (DESK REPORT);2025-06-16T16:15:00.000
19e82880119acbb3c1ce6dfd967c1fb332e53537945a24d4ab29771fffbe9b2779ebb03b8528d531c53d22f0f6748f259b1456dd4da587f4b7641088006c7f29;2025-06-16 15:52:00;30;NO CONTROLS;NO CONTROLS;CLEAR;DAYLIGHT;REAR END;NOT DIVIDED;STRAIGHT AND LEVEL;DRY;NO DEFECTS;NO INJURY / DRIVE AWAY;;Y;$501 - $1,500;FOLLOWING TOO CLOSELY;FOLLOWING TOO CLOSELY;6901;N;WESTERN AVE;2411;;;;;;;2;NO INDICATION OF INJURY;0;0;0;0;0;2;0;15;2;6;42.0062838142;-87.6899526295;{'type': 'Point', 'coordinates': [-87.689952629546, 42.006283814184]};NOT ON SCENE (DESK REPORT);2025-06-16T16:32:00.000
94a3f188490833be9806b747a5192d184e42678c26697e0d88bd85db412ed6830c4288d3f1265cdb89425097985910073ca4d042b7ce1c025c9b7dcbead04f4d;2025-06-16 15:50:00;30;NO CONTROLS;NO CONTROLS;CLEAR;DAYLIGHT;PEDESTRIAN;DIVIDED - W/MEDIAN (NOT RAISED);STRAIGHT AND LEVEL;DRY;UNKNOWN;INJURY AND / OR TOW DUE TO CRASH;;;OVER $1,500;UNABLE TO DETERMINE;IMPROPER LANE USAGE;3133;W;AUGUSTA BLVD;1211;;;;;;;3;INCAPACITATING INJURY;2;0;1;0;1;2;0;15;2;6;41.8990958473;-87.705606953;{'type': 'Point', 'coordinates': [-87.705606953023, 41.899095847333]};ON SCENE;2025-06-16T15:55:00.000
23c5a5b680c26d33b8ca06f9403aac603bc64e9f00f0091cb224e96616006edef4896c4e6e6daa5c1873e444549e45d8f58522cb60599ff5a67172ba160872aa;2025-06-16 15:48:00;30;NO CONTROLS;NO CONTROLS;CLEAR;DAYLIGHT;PEDALCYCLIST;NOT DIVIDED;STRAIGHT AND LEVEL;DRY;NO DEFECTS;INJURY AND / OR TOW DUE TO CRASH;Y;;OVER $1,500;NOT APPLICABLE;NOT APPLICABLE;5559;N;ELSTON AVE;1621;;;;;;;2;NONINCAPACITATING INJURY;1;0;0;1;0;1;0;15;2;6;41.9825634124;-87.7634297744;{'type': 'Point', 'coordinates': [-87.763429774409, 41.982563412361]};ON SCENE;2025-06-16T15:53:00.000
8fceb864b4b589223242fe042be072d960cba8aeb2c8aef024b11d6efd09ac71ce2c2619ba14ef94b3a7b701a9757f8febb900bbc0d70a192f68d2d7b3bb0770;2025-06-16 15:45:00;30;NO CONTROLS;NO CONTROLS;CLEAR;DAYLIGHT;PARKED MOTOR VEHICLE;NOT DIVIDED;STRAIGHT AND LEVEL;DRY;NO DEFECTS;NO INJURY / DRIVE AWAY;;;OVER $1,500;UNABLE TO DETERMINE;NOT APPLICABLE;10706;S;WESTERN AVE;2212;;;;;;;2;NO INDICATION OF INJURY;0;0;0;0;0;2;0;15;2;6;41.6988409382;-87.6815265332;{'type': 'Point', 'coordinates': [-87.681526533238, 41.69884093819]};ON SCENE;2025-06-16T15:45:00.000
c3cd5b9205b8f4883a5f2ea3a078a18a707083117ab893454904df0be1830bca9755e0504b3cfcc55aa1005e62dc019818e04be03c2b7bfc55ae4904ed4653ba;2025-06-16 15:45:00;30;NO CONTROLS;NO CONTROLS;CLEAR;DAYLIGHT;SIDESWIPE SAME DIRECTION;NOT DIVIDED;STRAIGHT AND LEVEL;DRY;NO DEFECTS;NO INJURY / DRIVE AWAY;;Y;OVER $1,500;UNABLE TO DETERMINE;NOT APPLICABLE;800;N;LAKE SHORE DR NB;1833;;;;;;;2;NO INDICATION OF INJURY;0;0;0;0;0;2;0;15;2;6;41.8968049724;-87.6170274232;{'type': 'Point', 'coordinates': [-87.617027423234, 41.896804972416]};NOT ON SCENE (DESK REPORT);2025-06-16T16:30:00.000
cc91896644eabcc1ce543945a37eb3ae0051a401fbc4f45b3c39c5d8ef320db173c0e11140624b954d1cd0a04a67c23ad61291925aad6490a8fd707677f037f9;2025-06-16 15:45:00;25;NO CONTROLS;NO CONTROLS;CLEAR;DAYLIGHT;PARKED MOTOR VEHICLE;ONE-WAY;STRAIGHT AND LEVEL;DRY;NO DEFECTS;NO INJURY / DRIVE AWAY;;;OVER $1,500;DRIVING SKILLS/KNOWLEDGE/EXPERIENCE;UNABLE TO DETERMINE;2868;S;QUINN ST;913;;;;;;;2;NO INDICATION OF INJURY;0;0;0;0;0;1;0;15;2;6;41.841266235;-87.6510618386;{'type': 'Point', 'coordinates': [-87.651061838628, 41.841266234965]};NOT ON SCENE (DESK REPORT);2025-06-16T16:30:00.000
ef40cc3c64233df7db44a95dba0609247cb35fcc869d8bfed042e627f06df105141b6653645a550aa9c28a6ad067f2161903ec2d0c32f5da192096ffa2090ae6;2025-06-16 15:45:00;30;NO CONTROLS;NO CONTROLS;CLEAR;DAYLIGHT;REAR TO REAR;NOT DIVIDED;STRAIGHT AND LEVEL;DRY;NO DEFECTS;NO INJURY / DRIVE AWAY;;;$501 - $1,500;UNABLE TO DETERMINE;UNABLE TO DETERMINE;3950;N;HARLEM AVE;1631;;;;;;;2;NO INDICATION OF INJURY;0;0;0;0;0;2;0;15;2;6;41.9522548895;-87.807396909;{'type': 'Point', 'coordinates': [-87.807396909006, 41.952254889468]};NOT ON SCENE (DESK REPORT);2025-06-16T17:00:00.000
30112f28fa44d69f90da3633a420923d8122d586a167f847f57d005ff43acd314313a6cfb04204adaf5adaf76d74950d33ecc9070f66d64eaebba9f1c575d230;2025-06-16 15:43:00;30;NO CONTROLS;NO CONTROLS;CLEAR;DAYLIGHT;REAR END;FOUR WAY;STRAIGHT AND LEVEL;DRY;NO DEFECTS;NO INJURY / DRIVE AWAY;;;OVER $1,500;UNABLE TO DETERMINE;NOT APPLICABLE;4500;N;BROADWAY;1913;;;;;;;2;NO INDICATION OF INJURY;0;0;0;0;0;2;0;15;2;6;41.9637889643;-87.6566064924;{'type': 'Point', 'coordinates': [-87.656606492376, 41.963788964252]};NOT ON SCENE (DESK REPORT);2025-06-16T16:00:00.000
edcff787946cad84a159d2f3d6470cc64753f91016c214496f9f08b83020f8b53f1c17bbfb2e3e433d07ca95c1de62876d743c2b8375c629999e455491d25589;2025-06-16 15:35:00;30;NO CONTROLS;NO CONTROLS;CLEAR;DAYLIGHT;SIDESWIPE SAME DIRECTION;NOT DIVIDED;STRAIGHT AND LEVEL;DRY;NO DEFECTS;NO INJURY / DRIVE AWAY;;;OVER $1,500;IMPROPER OVERTAKING/PASSING;IMPROPER OVERTAKING/PASSING;3853;N;PULASKI RD;1732;;;;;;;2;NO INDICATION OF INJURY;0;0;0;0;0;2;0;15;2;6;41.9514810837;-87.7274002811;{'type': 'Point', 'coordinates': [-87.727400281094, 41.951481083711]};NOT ON SCENE (DESK REPORT);2025-06-16T18:15:00.000
17fbe875d705ce6db89e3e89b1eaf5acc61444695ffda5fb14ea98b38a4e696d9980582b7e4674fbdf325b36a543d8276eedae62b0c92c039c389343fc8a85e4;2025-06-16 15:30:00;30;NO CONTROLS;NO CONTROLS;CLEAR;DAYLIGHT;PARKED MOTOR VEHICLE;NOT DIVIDED;STRAIGHT AND LEVEL;DRY;NO DEFECTS;NO INJURY / DRIVE AWAY;;;OVER $1,500;UNABLE TO DETERMINE;NOT APPLICABLE;6568;N;SHERIDAN RD;2432;;;;;;;2;NO INDICATION OF INJURY;0;0;0;0;0;1;0;15;2;6;42.0020170986;-87.6609087897;{'type': 'Point', 'coordinates': [-87.660908789659, 42.00201709856]};NOT ON SCENE (DESK REPORT);2025-06-16T16:00:00.000
f739afdf8817fe957d5b66d798751fc59126ce9ef8ea11d3124ed9a6335549e2e778c5f928185dc51489ac524d8a65b3e413a100c65dfc3e384c270a6cffc83e;2025-06-16 15:30:00;30;NO CONTROLS;NO CONTROLS;CLEAR;DAYLIGHT;SIDESWIPE SAME DIRECTION;NOT DIVIDED;STRAIGHT AND LEVEL;DRY;NO DEFECTS;NO INJURY / DRIVE AWAY;;Y;OVER $1,500;IMPROPER LANE USAGE;NOT APPLICABLE;2323;W;111TH ST;2212;;;;;;;2;NO INDICATION OF INJURY;0;0;0;0;0;4;0;15;2;6;41.691679204;-87.6797791725;{'type': 'Point', 'coordinates': [-87.679779172526, 41.691679204031]};NOT ON SCENE (DESK REPORT);2025-06-16T15:30:00.000
8b02446349f32913ab42a0280b2bdf869b863cac9ba88daee699e885d10ee41b8062b56195702e3dc1f1413b16cc4a13fc573f06723ab2e8e73a660dd93e7927;2025-06-16 15:28:00;35;NO CONTROLS;NO CONTROLS;CLEAR;DAYLIGHT;TURNING;NOT DIVIDED;STRAIGHT AND LEVEL;DRY;NO DEFECTS;INJURY AND / OR TOW DUE TO CRASH;;;OVER $1,500;IMPROPER TURNING/NO SIGNAL;NOT APPLICABLE;3034;S;KEDZIE AVE;1032;;;;;;;2;NO INDICATION OF INJURY;0;0;0;0;0;2;0;15;2;6;41.8380009531;-87.7049911873;{'type': 'Point', 'coordinates': [-87.704991187254, 41.838000953098]};NOT ON SCENE (DESK REPORT);2025-06-16T16:04:00.000
038136136faad81debbe2dde4779507220ab6a73bf7197618ad7d2ea9f72a5a311486d2b5e73d0a2051d09a07f7e73a3f42db8b5473d7f92ce5c03163249120d;2025-06-16 15:25:00;30;NO CONTROLS;NO CONTROLS;CLEAR;DAYLIGHT;SIDESWIPE SAME DIRECTION;NOT DIVIDED;STRAIGHT AND LEVEL;DRY;NO DEFECTS;NO INJURY / DRIVE AWAY;;;OVER $1,500;FAILING TO YIELD RIGHT-OF-WAY;NOT APPLICABLE;715;E;51ST ST;233;;;;;;;2;NO INDICATION OF INJURY;0;0;0;0;0;3;0;15;2;6;41.802108117;-87.6082053424;{'type': 'Point', 'coordinates': [-87.608205342448, 41.802108117037]};NOT ON SCENE (DESK REPORT);2025-06-16T16:10:00.000
b525ebfc56a34403ece96e9cf272db3e24b0ec169c3c29d97a4313bc8cff48c66a9f1b094ab8d9e15601c036f7236d1c31131802274e759d7009bfe17b5715fd;2025-06-16 15:15:00;30;STOP SIGN/FLASHER;FUNCTIONING PROPERLY;CLEAR;DAYLIGHT;TURNING;DIVIDED - W/MEDIAN (NOT RAISED);STRAIGHT AND LEVEL;DRY;NO DEFECTS;NO INJURY / DRIVE AWAY;Y;;$501 - $1,500;IMPROPER OVERTAKING/PASSING;NOT APPLICABLE;631;E;115TH ST;532;;;;;;;2;NO INDICATION OF INJURY;0;0;0;0;0;2;0;15;2;6;41.6853709807;-87.6071151958;{'type': 'Point', 'coordinates': [-87.607115195764, 41.685370980748]};NOT ON SCENE (DESK REPORT);2025-06-16T16:00:00.000
176b223d6cb1608c4852fb2c5ec37e939507b7014e218326c26966f61c99d25f685c392ebac2ba4a257ef39de22c400bcc02bfadd25c06a85d38e3461faea5c3;2025-06-16 15:10:00;30;STOP SIGN/FLASHER;UNKNOWN;CLEAR;DAYLIGHT;PARKED MOTOR VEHICLE;DIVIDED - W/MEDIAN (NOT RAISED);STRAIGHT AND LEVEL;DRY;NO DEFECTS;INJURY AND / OR TOW DUE TO CRASH;;;OVER $1,500;PHYSICAL CONDITION OF DRIVER;UNABLE TO DETERMINE;9944;S;STATE ST;511;;;;;;;3;REPORTED, NOT EVIDENT;1;0;0;0;1;0;0;15;2;6;41.7131124007;-87.623792063;{'type': 'Point', 'coordinates': [-87.623792063005, 41.713112400707]};ON SCENE;2025-06-16T15:13:00.000
6b62672f378af9d220245db8be2b32eafeeed3bdfb38dc5d5afaea64379076ce3487299f32fc49152e77c86632afaab495c3a9d89fcaa775bb2ce5bb2c99f99c;2025-06-16 15:04:00;30;TRAFFIC SIGNAL;FUNCTIONING PROPERLY;CLEAR;DAYLIGHT;REAR END;NOT DIVIDED;STRAIGHT AND LEVEL;DRY;NO DEFECTS;NO INJURY / DRIVE AWAY;;;$501 - $1,500;UNABLE TO DETERMINE;NOT APPLICABLE;42;E;PERSHING RD;213;;;;;;;2;NO INDICATION OF INJURY;0;0;0;0;0;2;0;15;2;6;41.8238446202;-87.6249048218;{'type': 'Point', 'coordinates': [-87.624904821753, 41.823844620169]};NOT ON SCENE (DESK REPORT);2025-06-16T15:45:00.000
1386069502ca577c631f2b5eab77b4d387ff679b58c8c2389832d0426ffcd64b279aa349a7bfd4e8f97e67db1e73fe8a724a3cb4f7027d9f8f3e89638e64bb34;2025-06-16 15:00:00;25;NO CONTROLS;NO CONTROLS;CLEAR;DAYLIGHT;PARKED MOTOR VEHICLE;NOT DIVIDED;STRAIGHT AND LEVEL;DRY;NO DEFECTS;NO INJURY / DRIVE AWAY;;Y;OVER $1,500;UNABLE TO DETERMINE;UNABLE TO DETERMINE;3520;S;PRAIRIE AVE;212;;;;;;;2;NO INDICATION OF INJURY;0;0;0;0;0;1;0;15;2;6;41.8304513224;-87.6206850743;{'type': 'Point', 'coordinates': [-87.620685074299, 41.830451322407]};NOT ON SCENE (DESK REPORT);2025-06-16T16:20:00.000
2057ac4361bb8ba9790818aef5b5b1ea39629b018abb8a628c17ed32123078f0da8f5c252f93eb807474ff22a7059de1cecb813372ecace9cb9144e0b4f8811c;2025-06-16 15:00:00;30;STOP SIGN/FLASHER;FUNCTIONING PROPERLY;CLEAR;DAYLIGHT;TURNING;ONE-WAY;STRAIGHT AND LEVEL;DRY;NO DEFECTS;NO INJURY / DRIVE AWAY;;Y;OVER $1,500;DRIVING ON WRONG SIDE/WRONG WAY;IMPROPER OVERTAKING/PASSING;2920;W;GLENLAKE AVE;2413;;;;;;;2;NO INDICATION OF INJURY;0;0;0;0;0;2;0;15;2;6;41.9922729842;-87.7026745192;{'type': 'Point', 'coordinates': [-87.702674519183, 41.992272984204]};ON SCENE;2025-06-16T15:30:00.000
996f9d5aaa581eea6573ff225fa65937404226d8854ec20906b070c8558ec83aecc2878b353217050aeb09c6a845e20d9fa93bd9c65d7f54652357395db9fb13;2025-06-16 15:00:00;30;TRAFFIC SIGNAL;FUNCTIONING PROPERLY;CLEAR;DAYLIGHT;ANGLE;FOUR WAY;STRAIGHT AND LEVEL;DRY;UNKNOWN;INJURY AND / OR TOW DUE TO CRASH;Y;;OVER $1,500;UNABLE TO DETERMINE;NOT APPLICABLE;3600;N;CICERO AVE;1634;;;;;;;2;NO INDICATION OF INJURY;0;0;0;0;0;2;0;15;2;6;41.9461635236;-87.747215169;{'type': 'Point', 'coordinates': [-87.74721516897, 41.946163523626]};ON SCENE;2025-06-16T15:15:00.000
bbca51541dd2e92d20ea9d44680291a52e2743586f84818192736eef5fe18dfeca6c1978e42a5e136b42931c227c547dec49c60db2fad8ed369bf462d3fb2a1e;2025-06-16 15:00:00;30;NO CONTROLS;NO CONTROLS;CLEAR;DAYLIGHT;PARKED MOTOR VEHICLE;NOT DIVIDED;STRAIGHT AND LEVEL;DRY;NO DEFECTS;INJURY AND / OR TOW DUE TO CRASH;N;;$501 - $1,500;EQUIPMENT - VEHICLE CONDITION;EQUIPMENT - VEHICLE CONDITION;1411;N;HAMLIN AVE;2535;;;;;;;2;NO INDICATION OF INJURY;0;0;0;0;0;1;0;15;2;6;41.9066950794;-87.7214117071;{'type': 'Point', 'coordinates': [-87.721411707132, 41.906695079429]};ON SCENE;2025-06-16T15:44:00.000