crash_record_id;crash_date;posted_speed_limit;traffic_control_device;device_condition;weather_condition;lighting_condition;first_crash_type;trafficway_type;alignment;roadway_surface_cond;road_defect;crash_type;intersection_related_i;hit_and_run_i;damage;prim_contributory_cause;sec_contributory_cause;street_no;street_direction;street_name;beat_of_occurrence;photos_taken_i;statements_taken_i;dooring_i;work_zone_i;work_zone_type;workers_present_i;num_units;most_severe_injury;injuries_total;injuries_fatal;injuries_incapacitating;injuries_non_incapacitating;injuries_reported_not_evident;injuries_no_indication;injuries_unknown;crash_hour;crash_day_of_week;crash_month;latitude;longitude;location;report_type;date_police_notified
f1cbcc38c5026ec531e15cbba2e63c806567a44f98ca3592d2a23d0feb31d0f37190316567a38cd298a39cf5c33f442a88ce2066335fcafcc41f02f54fba4287;2025-06-16 15:00:00;30;NO CONTROLS;NO CONTROLS;CLEAR;DAYLIGHT;SIDESWIPE SAME DIRECTION;ONE-WAY;STRAIGHT AND LEVEL;UNKNOWN;UNKNOWN;NO INJURY / DRIVE AWAY;;;OVER $1,500;DRIVING SKILLS/KNOWLEDGE/EXPERIENCE;NOT APPLICABLE;7255;S;ROCKWELL ST;832;;;;;;;2;NO INDICATION OF INJURY;0;0;0;0;0;2;0;15;2;6;41.7611781174;-87.6878964007;{'type': 'Point', 'coordinates': [-87.687896400675, 41.761178117402]};NOT ON SCENE (DESK REPORT);2025-06-16T17:10:00.000
8941e935aa22c8b73fb1769c2b352afbae4e86739b5060645dc94d37dcb26dcb0f76c9f024fb6051729fece0048ed546e5dbfa7a379396c1bc82ebcf76d56e78;2025-06-16 14:57:00;30;NO CONTROLS;NO CONTROLS;CLEAR;DAYLIGHT;SIDESWIPE SAME DIRECTION;NOT DIVIDED;STRAIGHT AND LEVEL;DRY;NO DEFECTS;NO INJURY / DRIVE AWAY;;;OVER $1,500;IMPROPER OVERTAKING/PASSING;IMPROPER OVERTAKING/PASSING;10701;S;PULASKI RD;2211;;;;;;;2;NO INDICATION OF INJURY;0;0;0;0;0;3;0;14;2;6;41.6984396508;-87.7204864951;{'type': 'Point', 'coordinates': [-87.720486495063, 41.698439650791]};ON SCENE;2025-06-16T15:00:00.000
30bc320cb27fff581130bd8a6af44a302020e92c677a93fc1043a2fb53d78dcbbf11a1a0551e2e0bb2caa150f1c0842544a26290a4e0081f1d38e7cd0654fa1b;2025-06-16 14:56:00;30;NO CONTROLS;NO CONTROLS;CLEAR;DAYLIGHT;PARKED MOTOR VEHICLE;NOT DIVIDED;STRAIGHT AND LEVEL;DRY;UNKNOWN;NO INJURY / DRIVE AWAY;;;OVER $1,500;IMPROPER OVERTAKING/PASSING;NOT APPLICABLE;2047;W;ST PAUL AVE;1434;N;;;;;;2;NO INDICATION OF INJURY;0;0;0;0;0;1;0;14;2;6;41.9129292601;-87.6793953424;{'type': 'Point', 'coordinates': [-87.679395342351, 41.912929260098]};NOT ON SCENE (DESK REPORT);2025-06-16T15:35:00.000
f2f492094c623148063f28d194a5d8c96424bf61a6ca0482066c7ecbce89b19541c8b4c4f5b89297a143fa1ae0d82cccd13dbb8ac450e926e0bcced94d075d91;2025-06-16 14:51:00;30;NO CONTROLS;NO CONTROLS;CLEAR;DAYLIGHT;SIDESWIPE SAME DIRECTION;NOT DIVIDED;STRAIGHT AND LEVEL;DRY;NO DEFECTS;NO INJURY / DRIVE AWAY;;Y;OVER $1,500;IMPROPER OVERTAKING/PASSING;UNABLE TO DETERMINE;3200;W;PETERSON AVE;1711;;;;;;;2;NO INDICATION OF INJURY;0;0;0;0;0;2;0;14;2;6;41.9904931296;-87.7091921904;{'type': 'Point', 'coordinates': [-87.70919219044, 41.99049312958]};NOT ON SCENE (DESK REPORT);2025-06-16T16:40:00.000
0ef156ef30417c422bb1f9eb286b5eaa6fd54e6fae61ae00ba5a70f8c76d0f9c224898270d5df1e4b197828b16917d4dc356cd8f4fd179dcd1250c367ea08fb1;2025-06-16 14:45:00;30;TRAFFIC SIGNAL;FUNCTIONING PROPERLY;CLEAR;DAYLIGHT;TURNING;DIVIDED - W/MEDIAN (NOT RAISED);STRAIGHT AND LEVEL;DRY;NO DEFECTS;NO INJURY / DRIVE AWAY;;;OVER $1,500;FAILING TO YIELD RIGHT-OF-WAY;UNABLE TO DETERMINE;3527;N;KEDZIE AVE;1733;;;;;;;2;NO INDICATION OF INJURY;0;0;0;0;0;2;0;14;2;6;41.9458062173;-87.7076533662;{'type': 'Point', 'coordinates': [-87.707653366171, 41.945806217307]};NOT ON SCENE (DESK REPORT);2025-06-16T15:25:00.000
bf9c21b95c0ce82d08271b88fe969bf2f42733eb852ed39fbe8ece3ea892847b80be479e3c6b6df112c8d378659a0f5e972bc8ef4b1559c6fd628f74308c05b4;2025-06-16 14:33:00;30;NO CONTROLS;NO CONTROLS;CLEAR;DAYLIGHT;TURNING;NOT DIVIDED;STRAIGHT AND LEVEL;DRY;NO DEFECTS;NO INJURY / DRIVE AWAY;Y;;OVER $1,500;UNABLE TO DETERMINE;RELATED TO BUS STOP;3200;W;51ST ST;821;;;;;;;2;NO INDICATION OF INJURY;0;0;0;0;0;2;0;14;2;6;41.8009296689;-87.7038296529;{'type': 'Point', 'coordinates': [-87.703829652877, 41.800929668943]};ON SCENE;2025-06-16T14:33:00.000
c0767b68e2fe0a125a94b0d023af075b411be869b163b412e403615c9b3c1665aa73b297559ea08692579dc6680ba70946ee3c9973bb7d33e9883d9754d9f70b;2025-06-16 14:30:00;30;STOP SIGN/FLASHER;NO CONTROLS;CLEAR;DAYLIGHT;REAR END;DIVIDED - W/MEDIAN (NOT RAISED);STRAIGHT AND LEVEL;DRY;NO DEFECTS;NO INJURY / DRIVE AWAY;;Y;OVER $1,500;FOLLOWING TOO CLOSELY;UNABLE TO DETERMINE;1133;W;95TH ST;2213;;;;;;;2;NO INDICATION OF INJURY;0;0;0;0;0;2;0;14;2;6;41.7212400418;-87.6520212828;{'type': 'Point', 'coordinates': [-87.652021282769, 41.721240041777]};NOT ON SCENE (DESK REPORT);2025-06-16T15:00:00.000
f6a7bdc6aeefd6214407924bf25dde81c081f6720a9ff06f4ee141ecb8fba11c5233c1d20f7577147b1f6580f6c60a0b281e93d4187f9a1dc24dfbf81b28d5c9;2025-06-16 14:30:00;30;NO CONTROLS;NO CONTROLS;UNKNOWN;UNKNOWN;PARKED MOTOR VEHICLE;NOT DIVIDED;STRAIGHT AND LEVEL;UNKNOWN;UNKNOWN;NO INJURY / DRIVE AWAY;;Y;OVER $1,500;UNABLE TO DETERMINE;UNABLE TO DETERMINE;1503;W;CORTEZ ST;1213;;;;;;;2;NO INDICATION OF INJURY;0;0;0;0;0;1;0;14;2;6;41.9005427207;-87.665205717;{'type': 'Point', 'coordinates': [-87.665205716979, 41.900542720691]};NOT ON SCENE (DESK REPORT);2025-06-16T18:12:00.000
ff8625b01847bf4e8856c1b698738f3aba650ba1803cdbd8cc4213aeedd96c8afeb03f7fa8fa81c041c99320d67054632912907d476c2b95a8a3c810f7a768ee;2025-06-16 14:30:00;30;STOP SIGN/FLASHER;FUNCTIONING PROPERLY;CLEAR;DAYLIGHT;REAR TO FRONT;FOUR WAY;STRAIGHT AND LEVEL;DRY;NO DEFECTS;NO INJURY / DRIVE AWAY;N;;$500 OR LESS;FOLLOWING TOO CLOSELY;NOT APPLICABLE;3700;W;28TH ST;1031;;;;;;;2;NO INDICATION OF INJURY;0;0;0;0;0;3;0;14;2;6;41.8407926032;-87.7171969969;{'type': 'Point', 'coordinates': [-87.717196996931, 41.840792603188]};NOT ON SCENE (DESK REPORT);2025-06-16T15:30:00.000
1502488bf1bf5700a3c5bfc989b52fa052d9bbaa88a8726e851df6bd521d69f64906eab38004239d427c59cc16839cd1b9a76898bb4c53313df0e974b59b9c8a;2025-06-16 14:16:00;30;NO CONTROLS;NO CONTROLS;CLEAR;DAYLIGHT;REAR END;NOT DIVIDED;STRAIGHT AND LEVEL;UNKNOWN;NO DEFECTS;NO INJURY / DRIVE AWAY;;;OVER $1,500;FOLLOWING TOO CLOSELY;NOT APPLICABLE;3800;W;63RD ST;823;;;;;;;2;NO INDICATION OF INJURY;0;0;0;0;0;3;0;14;2;6;41.7788424584;-87.7179800027;{'type': 'Point', 'coordinates': [-87.717980002689, 41.778842458353]};NOT ON SCENE (DESK REPORT);2025-06-16T14:30:00.000
2ac76a139f00c095fc4ebf196316c3b8058e7467c7e7895127cfcb0e927ace8a176d89981413f5565434430f12ab54e2e10412c5b783d432a9631a079d20a646;2025-06-16 14:00:00;30;NO CONTROLS;NO CONTROLS;CLEAR;DAYLIGHT;REAR TO SIDE;PARKING LOT;STRAIGHT AND LEVEL;DRY;NO DEFECTS;NO INJURY / DRIVE AWAY;;;OVER $1,500;IMPROPER BACKING;NOT APPLICABLE;4355;N;SHERIDAN RD;1915;;;;;;;2;NO INDICATION OF INJURY;0;0;0;0;0;2;0;14;2;6;41.9613977799;-87.6545929748;{'type': 'Point', 'coordinates': [-87.654592974847, 41.961397779903]};NOT ON SCENE (DESK REPORT);2025-06-16T14:43:00.000
2b9845051a5c21e9a280350b883ccb74893e82d760d285f02bc5ba681b147c4f7b72595cc6aa9ee155710ba5cb78554c8e7f729985af2118205229b29bf68613;2025-06-16 13:52:00;30;NO CONTROLS;NO CONTROLS;CLEAR;DAYLIGHT;ANGLE;NOT DIVIDED;STRAIGHT AND LEVEL;DRY;NO DEFECTS;NO INJURY / DRIVE AWAY;;;OVER $1,500;FAILING TO YIELD RIGHT-OF-WAY;NOT APPLICABLE;3735;W;84TH ST;834;;;;;;;2;NO INDICATION OF INJURY;0;0;0;0;0;2;0;13;2;6;41.7403409583;-87.7155392933;{'type': 'Point', 'coordinates': [-87.715539293343, 41.740340958335]};ON SCENE;2025-06-16T16:19:00.000
4012dead981cb31deb5bc68f8bdaa73c6625f627969c51e99ebb2e42c0878b0ec46b8f8e398ff97769adac5ee3bb9f17d26f6e4f58f37cdaecce82edb45a01e9;2025-06-16 13:50:00;30;NO CONTROLS;NO CONTROLS;CLEAR;DAYLIGHT;PARKED MOTOR VEHICLE;NOT DIVIDED;STRAIGHT AND LEVEL;DRY;NO DEFECTS;NO INJURY / DRIVE AWAY;;;$501 - $1,500;IMPROPER BACKING;IMPROPER BACKING;2520;N;NARRAGANSETT AVE;2512;;;;;;;2;NO INDICATION OF INJURY;0;0;0;0;0;1;0;13;2;6;41.9262969563;-87.785694824;{'type': 'Point', 'coordinates': [-87.785694823992, 41.926296956326]};NOT ON SCENE (DESK REPORT);2025-06-16T14:20:00.000
036f3355e63fda720c817cf51881f8cffccec0d91c20dc0c7992a9ffdb9430d5efa68544e4d0063a170774f18ef5f86fb4c1bdaf50d89039f1e9fe8ab401e17b;2025-06-16 13:45:00;25;STOP SIGN/FLASHER;NO CONTROLS;CLEAR;DAYLIGHT;TURNING;NOT DIVIDED;STRAIGHT AND LEVEL;DRY;NO DEFECTS;NO INJURY / DRIVE AWAY;;N;OVER $1,500;DRIVING SKILLS/KNOWLEDGE/EXPERIENCE;UNABLE TO DETERMINE;1200;W;31ST ST;913;;;;;;;2;NO INDICATION OF INJURY;0;0;0;0;0;2;0;13;2;6;41.8380231094;-87.6560655358;{'type': 'Point', 'coordinates': [-87.656065535848, 41.838023109434]};NOT ON SCENE (DESK REPORT);2025-06-16T14:20:00.000
29657083544ed8f7c46eebe287fed7e1774e8ab9695a5d00aa5038d6e2995d798c0d9a74632b2971e26effe9a83f43931325efa7211dcb5f795f22c05f20e41d;2025-06-16 13:41:00;30;NO CONTROLS;NO CONTROLS;CLEAR;DAYLIGHT;PARKED MOTOR VEHICLE;ONE-WAY;STRAIGHT AND LEVEL;DRY;NO DEFECTS;NO INJURY / DRIVE AWAY;;;$500 OR LESS;NOT APPLICABLE;NOT APPLICABLE;4616;N;CLIFTON AVE;1913;;;;;;;2;NO INDICATION OF INJURY;0;0;0;0;0;1;0;13;2;6;41.9658879921;-87.6590107761;{'type': 'Point', 'coordinates': [-87.659010776079, 41.965887992065]};ON SCENE;2025-06-16T13:42:00.000
d738df5b5c14f9ab625a5d350ab5ca43ee317eedd28cfdd54a78e35a4c82b112eda771b6a6e041eced199c9071ed748506fa99707dafb00e145a5213fdd53760;2025-06-16 13:40:00;30;NO CONTROLS;NO CONTROLS;CLEAR;DAYLIGHT;PARKED MOTOR VEHICLE;ONE-WAY;STRAIGHT AND LEVEL;DRY;NO DEFECTS;NO INJURY / DRIVE AWAY;;Y;OVER $1,500;NOT APPLICABLE;UNABLE TO DETERMINE;6651;S;MAPLEWOOD AVE;832;;;;;;;2;NO INDICATION OF INJURY;0;0;0;0;0;1;0;13;2;6;41.7722404034;-87.6869698215;{'type': 'Point', 'coordinates': [-87.686969821509, 41.772240403396]};ON SCENE;2025-06-16T18:38:00.000
571e5d131baa83f6b94ab929bb7d0e5c15f897fbb1e572570baf69015f00321d35ebfa9afaf6409e7304a19a9d13b18143cf5be40e0a51b058476cdfe2cc7610;2025-06-16 13:20:00;30;NO CONTROLS;NO CONTROLS;UNKNOWN;UNKNOWN;PARKED MOTOR VEHICLE;DIVIDED - W/MEDIAN (NOT RAISED);STRAIGHT AND LEVEL;UNKNOWN;UNKNOWN;NO INJURY / DRIVE AWAY;;;$501 - $1,500;FOLLOWING TOO CLOSELY;FOLLOWING TOO CLOSELY;601;S;WINCHESTER AVE;1231;;;;;;;2;NO INDICATION OF INJURY;0;0;0;0;0;2;0;13;2;6;41.8739212436;-87.6749484645;{'type': 'Point', 'coordinates': [-87.674948464472, 41.873921243568]};NOT ON SCENE (DESK REPORT);2025-06-16T14:30:00.000
f273667592269d9e3330f895ae07e0a72bc8b0068331ea778b66ce3d4c027c6fad497d19c4190b09521f752112856a4d22aa35449f608af0579baaa60aba8dda;2025-06-16 13:20:00;30;NO CONTROLS;NO CONTROLS;CLEAR;DAYLIGHT;TURNING;DIVIDED - W/MEDIAN (NOT RAISED);STRAIGHT AND LEVEL;DRY;NO DEFECTS;INJURY AND / OR TOW DUE TO CRASH;;;OVER $1,500;FAILING TO YIELD RIGHT-OF-WAY;NOT APPLICABLE;1803;S;CANAL ST;1235;;;;;;;2;NO INDICATION OF INJURY;0;0;0;0;0;2;0;13;2;6;41.857516366;-87.6387834096;{'type': 'Point', 'coordinates': [-87.638783409634, 41.857516365972]};ON SCENE;2025-06-16T13:26:00.000
aeaf83a5044087833c95ffdc1cf4f62e7f1bb7d056ba5677cafc4ada02289e139958b1501d38d5d5c26e0e9e0ea3f76408e2f49b88ea007d1612af7d4759d44c;2025-06-16 13:17:00;30;STOP SIGN/FLASHER;FUNCTIONING PROPERLY;CLEAR;DAYLIGHT;ANGLE;NOT DIVIDED;STRAIGHT AND LEVEL;DRY;NO DEFECTS;NO INJURY / DRIVE AWAY;Y;;OVER $1,500;IMPROPER TURNING/NO SIGNAL;UNABLE TO DETERMINE;4501;N;AUSTIN AVE;1622;;;;;;;2;NO INDICATION OF INJURY;0;0;0;0;0;4;0;13;2;6;41.9623156491;-87.7769379244;{'type': 'Point', 'coordinates': [-87.776937924396, 41.962315649146]};NOT ON SCENE (DESK REPORT);2025-06-16T13:48:00.000
64700dbe704c44237c4f0e7108a86a73a45dfc0a579aca14c86ac4521f4e441c66e0c8a970179d2958270f1acbf7a0093b18bccbf438f739c8511b6bb3a21c24;2025-06-16 13:16:00;30;NO CONTROLS;NO CONTROLS;CLEAR;DAYLIGHT;PARKED MOTOR VEHICLE;NOT DIVIDED;STRAIGHT AND LEVEL;DRY;NO DEFECTS;NO INJURY / DRIVE AWAY;;;OVER $1,500;UNABLE TO DETERMINE;NOT APPLICABLE;3358;N;BROADWAY;1925;;;;;;;2;NO INDICATION OF INJURY;0;0;0;0;0;1;0;13;2;6;41.9435549852;-87.6451191904;{'type': 'Point', 'coordinates': [-87.645119190381, 41.943554985172]};NOT ON SCENE (DESK REPORT);2025-06-16T13:58:00.000
cf442c6d0464778d830f11fcad3ce7ea7482635fd2d003ff8f73790e57f0f698b019845ce5211625647781160b8e122fd4c87cfdaca4137b29f3f4441055bebe;2025-06-16 13:14:00;30;UNKNOWN;UNKNOWN;CLEAR;DAYLIGHT;REAR TO FRONT;DIVIDED - W/MEDIAN (NOT RAISED);STRAIGHT AND LEVEL;DRY;UNKNOWN;NO INJURY / DRIVE AWAY;;;$500 OR LESS;UNABLE TO DETERMINE;NOT APPLICABLE;725;W;MONTROSE AVE;1915;;;;;;;2;NO INDICATION OF INJURY;0;0;0;0;0;2;0;13;2;6;41.9617548035;-87.648543725;{'type': 'Point', 'coordinates': [-87.648543724977, 41.961754803528]};ON SCENE;2025-06-16T13:14:00.000
c44935cb61a7b325062d26a5d9d3723ee392bf385049d20c680004720f24304cd47d37046613e55a4ddffb6035f17c32677c18a99dd92ab9251e403175bdcac6;2025-06-16 13:12:00;30;TRAFFIC SIGNAL;FUNCTIONING PROPERLY;CLEAR;DAYLIGHT;TURNING;DIVIDED - W/MEDIAN (NOT RAISED);STRAIGHT AND LEVEL;DRY;NO DEFECTS;NO INJURY / DRIVE AWAY;;;OVER $1,500;FOLLOWING TOO CLOSELY;UNABLE TO DETERMINE;3400;W;55TH ST;822;;;;;;;2;NO INDICATION OF INJURY;0;0;0;0;0;2;0;13;2;6;41.7935494395;-87.708523971;{'type': 'Point', 'coordinates': [-87.708523970978, 41.793549439541]};NOT ON SCENE (DESK REPORT);2025-06-16T13:28:00.000
af141902a437bbf776e6781f6d025590a79347f688e510028b77776a8a09442dd14d1e65109f05031168133b7fcedcbc4fa1055d701b9c28abeebf667fd60ce9;2025-06-16 13:10:00;30;TRAFFIC SIGNAL;FUNCTIONING PROPERLY;CLEAR;DAYLIGHT;SIDESWIPE SAME DIRECTION;DIVIDED - W/MEDIAN (NOT RAISED);STRAIGHT AND LEVEL;DRY;NO DEFECTS;NO INJURY / DRIVE AWAY;;;OVER $1,500;UNABLE TO DETERMINE;UNABLE TO DETERMINE;2420;N;ASHLAND AVE;1931;;;;;;;2;NO INDICATION OF INJURY;0;0;0;0;0;3;0;13;2;6;41.9258204843;-87.6683158604;{'type': 'Point', 'coordinates': [-87.668315860387, 41.925820484303]};NOT ON SCENE (DESK REPORT);2025-06-16T13:40:00.000
52636dd5a62d6abbf8a623031ecf681481adccb79c80e1cd8e018e5b9cb9506375c505a3ff8621eec37555752e99e93a50c39aa2cd959c7a52d1ba6fb0edf869;2025-06-16 12:30:00;30;NO CONTROLS;NO CONTROLS;CLEAR;DAYLIGHT;PARKED MOTOR VEHICLE;PARKING LOT;STRAIGHT AND LEVEL;DRY;NO DEFECTS;NO INJURY / DRIVE AWAY;;Y;OVER $1,500;IMPROPER LANE USAGE;NOT APPLICABLE;6501;S;PROMONTORY DR;331;;;;;;;2;NO INDICATION OF INJURY;0;0;0;0;0;1;0;12;2;6;41.7766536724;-87.5708246098;{'type': 'Point', 'coordinates': [-87.570824609782, 41.776653672409]};NOT ON SCENE (DESK REPORT);2025-06-16T13:50:00.000
71c77fb402b10fbcf0d06afdde766d217b799be006bcf3f89908df350c50c48800db1d11309803dc22f007cf70355dc5f7efe5b4978692a1e28f3be5e2c7d05b;2025-06-16 12:30:00;30;NO CONTROLS;NO CONTROLS;CLEAR;DAYLIGHT;REAR END;NOT DIVIDED;STRAIGHT AND LEVEL;UNKNOWN;UNKNOWN;NO INJURY / DRIVE AWAY;;;OVER $1,500;FOLLOWING TOO CLOSELY;NOT APPLICABLE;4948;S;WESTERN AVE;923;;;;;;;2;NO INDICATION OF INJURY;0;0;0;0;0;2;0;12;2;6;41.8032964266;-87.6844259945;{'type': 'Point', 'coordinates': [-87.684425994512, 41.803296426565]};NOT ON SCENE (DESK REPORT);2025-06-16T13:00:00.000
8290c6d34a7eb80c89ef56a6977bce8f7e02ba6a6d3187cd226acb165c1e2a7bf7c5c4b9c17efc5dece1fe66b70dba1c74c84b0b5bdfdfd5f2979043580de0ab;2025-06-16 12:30:00;30;NO CONTROLS;NO CONTROLS;CLEAR;DAYLIGHT;SIDESWIPE SAME DIRECTION;ONE-WAY;STRAIGHT AND LEVEL;DRY;NO DEFECTS;INJURY AND / OR TOW DUE TO CRASH;;;OVER $1,500;UNABLE TO DETERMINE;NOT APPLICABLE;1598;W;VAN BUREN ST;1231;;;;;;;3;REPORTED, NOT EVIDENT;2;0;0;0;2;2;0;12;2;6;41.8764606299;-87.6666220791;{'type': 'Point', 'coordinates': [-87.666622079113, 41.876460629864]};NOT ON SCENE (DESK REPORT);2025-06-16T15:00:00.000
e07b7d88ef5f442b3e7a9e895b4c77ca2bbc502c621fef6c01741b809fe8199f593a8b535cb4afaec68a1044fb672073d16186ad8b920d9d4fed44499333672f;2025-06-16 12:24:00;30;STOP SIGN/FLASHER;FUNCTIONING PROPERLY;CLEAR;DAYLIGHT;ANGLE;FOUR WAY;STRAIGHT AND LEVEL;DRY;NO DEFECTS;INJURY AND / OR TOW DUE TO CRASH;Y;;OVER $1,500;FAILING TO YIELD RIGHT-OF-WAY;NOT APPLICABLE;1300;S;DAMEN AVE;1233;;;;;;;2;NONINCAPACITATING INJURY;3;0;0;1;2;0;0;12;2;6;41.8648904976;-87.6763426733;{'type': 'Point', 'coordinates': [-87.676342673293, 41.864890497632]};ON SCENE;2025-06-16T12:40:00.000
a24622b5bcb7716b32bdb2c41ffd6316ff6f029e44f377e4eb22659dc7e0dc4ae153c561cde7f12bd9ea308c3fc13293a3e8474434e24869b98bc10079610c63;2025-06-16 12:23:00;30;NO CONTROLS;NO CONTROLS;CLEAR;DAYLIGHT;PARKED MOTOR VEHICLE;ONE-WAY;STRAIGHT AND LEVEL;DRY;NO DEFECTS;NO INJURY / DRIVE AWAY;;;OVER $1,500;UNABLE TO DETERMINE;NOT APPLICABLE;525;W;OAKDALE AVE;1934;;;;;;;2;NO INDICATION OF INJURY;0;0;0;0;0;1;0;12;2;6;41.9354355366;-87.642844429;{'type': 'Point', 'coordinates': [-87.642844428981, 41.935435536639]};NOT ON SCENE (DESK REPORT);2025-06-16T17:45:00.000
41243a3af2578c4719844dc4f46366a26d9a8ec5b4fa51bd08e935c88f42156adedd56de647b6cb42183ee42c4e725fa81abd8e51c6d244a42444954068f6a75;2025-06-16 12:20:00;30;NO CONTROLS;NO CONTROLS;CLEAR;DAYLIGHT;PARKED MOTOR VEHICLE;NOT DIVIDED;STRAIGHT AND LEVEL;DRY;NO DEFECTS;NO INJURY / DRIVE AWAY;;;$501 - $1,500;IMPROPER OVERTAKING/PASSING;IMPROPER OVERTAKING/PASSING;2376;N;LINCOLN AVE;1812;;;;;;;2;NO INDICATION OF INJURY;0;0;0;0;0;1;0;12;2;6;41.9252042766;-87.6486283524;{'type': 'Point', 'coordinates': [-87.648628352434, 41.925204276597]};NOT ON SCENE (DESK REPORT);2025-06-16T14:00:00.000
46ade23771ef35d215126b60642b7500cb158a7944390481ca49c70f9b6d06a34cb15d2c42979ef87fe235af079c4012c39fbaa82ae398d8bc98584686a15821;2025-06-16 12:15:00;30;NO CONTROLS;NO CONTROLS;CLEAR;DAYLIGHT;PEDALCYCLIST;NOT DIVIDED;STRAIGHT AND LEVEL;DRY;NO DEFECTS;NO INJURY / DRIVE AWAY;;Y;$500 OR LESS;UNABLE TO DETERMINE;NOT APPLICABLE;6421;W;ARCHER AVE;811;;;;;;;2;NO INDICATION OF INJURY;0;0;0;0;0;2;0;12;2;6;41.7922147543;-87.7827775293;{'type': 'Point', 'coordinates': [-87.782777529288, 41.792214754253]};ON SCENE;2025-06-16T12:17:00.000
3e92a745a0207ab08e525e162b2bf76bffa3def02a3116a627665c4095db4105f057ed2a9f7dac4d4ba8b87f7959385192ad6d844bbe5efbca697ad8a96f5228;2025-06-16 12:05:00;30;NO CONTROLS;NO CONTROLS;CLEAR;DAYLIGHT;PEDALCYCLIST;DRIVEWAY;STRAIGHT AND LEVEL;DRY;UNKNOWN;NO INJURY / DRIVE AWAY;;N;OVER $1,500;UNABLE TO DETERMINE;UNABLE TO DETERMINE;6417;W;ARCHER AVE;811;;;;;;;2;NO INDICATION OF INJURY;0;0;0;0;0;2;0;12;2;6;41.7922185905;-87.7825949597;{'type': 'Point', 'coordinates': [-87.782594959736, 41.792218590468]};NOT ON SCENE (DESK REPORT);2025-06-16T14:15:00.000
22392bb2f4ebe2766665312bf6c542b3828924b1223353d5f47141b5ef85bfd6642af839c3f4639fa97b4e4b008c39aa6da7b89563ef8f874e5377ce48d32b92;2025-06-16 12:00:00;10;NO CONTROLS;NO CONTROLS;CLEAR;DAYLIGHT;REAR TO SIDE;PARKING LOT;STRAIGHT AND LEVEL;DRY;UNKNOWN;NO INJURY / DRIVE AWAY;;;OVER $1,500;FAILING TO YIELD RIGHT-OF-WAY;NOT APPLICABLE;2656;N;ELSTON AVE;1432;;;;;;;2;NO INDICATION OF INJURY;0;0;0;0;0;2;0;12;2;6;41.9298489966;-87.6846437835;{'type': 'Point', 'coordinates': [-87.684643783527, 41.929848996597]};NOT ON SCENE (DESK REPORT);2025-06-16T12:30:00.000
67598e8dfa0e9d3aba0e61127fb3d862bf4df9b6352a3a992ea0a20630174c3f6a51d2c9e70ea3e6ef649deee2a601dd6f951e9a18f27eafdb4fe6e0e00dc81c;2025-06-16 11:51:00;30;NO CONTROLS;NO CONTROLS;CLEAR;DAYLIGHT;PARKED MOTOR VEHICLE;NOT DIVIDED;STRAIGHT AND LEVEL;DRY;NO DEFECTS;NO INJURY / DRIVE AWAY;;Y;OVER $1,500;NOT APPLICABLE;NOT APPLICABLE;2807;W;63RD ST;823;;;;;;;2;NO INDICATION OF INJURY;0;0;0;0;0;2;0;11;2;6;41.7790009953;-87.693703284;{'type': 'Point', 'coordinates': [-87.693703283997, 41.779000995321]};ON SCENE;2025-06-16T11:51:00.000
7219612e6d41cdb22422bd291efc077c362ad641b52a80e38f625faff42e667e465dec07de8e8b4feda0e1f91bacc4ff7c91a62237082f3a3d859a97312c9786;2025-06-16 11:45:00;30;TRAFFIC SIGNAL;UNKNOWN;CLEAR;DAYLIGHT;SIDESWIPE SAME DIRECTION;FOUR WAY;STRAIGHT AND LEVEL;DRY;UNKNOWN;NO INJURY / DRIVE AWAY;Y;;$501 - $1,500;UNABLE TO DETERMINE;UNABLE TO DETERMINE;2400;W;26TH ST;1034;;;;;;;2;NO INDICATION OF INJURY;0;0;0;0;0;2;0;11;2;6;41.8449346323;-87.6855315193;{'type': 'Point', 'coordinates': [-87.68553151932, 41.844934632259]};;2025-06-16T13:00:00.000
7c135e6c4a123f8db29bd4033994067bb8779e2b28c80f385b2fa3e1bb40f13589fc7a47277052ce91f6fb7261f8410ecb1ab46489c8d5fe78958740f1ab6f08;2025-06-16 11:45:00;30;TRAFFIC SIGNAL;FUNCTIONING PROPERLY;CLEAR;DAYLIGHT;REAR END;NOT DIVIDED;STRAIGHT AND LEVEL;DRY;UNKNOWN;NO INJURY / DRIVE AWAY;N;;OVER $1,500;UNABLE TO DETERMINE;NOT APPLICABLE;206;N;PULASKI RD;1114;;;;;;;2;NO INDICATION OF INJURY;0;0;0;0;0;2;0;11;2;6;41.8836152984;-87.725899601;{'type': 'Point', 'coordinates': [-87.725899601039, 41.883615298431]};NOT ON SCENE (DESK REPORT);2025-06-16T12:30:00.000