crash_record_id;crash_date;posted_speed_limit;traffic_control_device;device_condition;weather_condition;lighting_condition;first_crash_type;trafficway_type;alignment;roadway_surface_cond;road_defect;crash_type;intersection_related_i;hit_and_run_i;damage;prim_contributory_cause;sec_contributory_cause;street_no;street_direction;street_name;beat_of_occurrence;photos_taken_i;statements_taken_i;dooring_i;work_zone_i;work_zone_type;workers_present_i;num_units;most_severe_injury;injuries_total;injuries_fatal;injuries_incapacitating;injuries_non_incapacitating;injuries_reported_not_evident;injuries_no_indication;injuries_unknown;crash_hour;crash_day_of_week;crash_month;latitude;longitude;location;report_type;date_police_notified
3864c44037a004f3b443744428fe9313cb6de24b7935fef48079896345e3ec9d585d6869677a4398c7772e72cadc17e2736501feaaa9c165fe06c000adfb9203;2025-06-16 11:43:00;10;NO CONTROLS;UNKNOWN;CLEAR;DAYLIGHT;PARKED MOTOR VEHICLE;PARKING LOT;STRAIGHT AND LEVEL;DRY;NO DEFECTS;NO INJURY / DRIVE AWAY;;;$501 - $1,500;UNABLE TO DETERMINE;UNABLE TO DETERMINE;3120;N;PULASKI RD;2523;;;;;;;2;NO INDICATION OF INJURY;0;0;0;0;0;1;0;11;2;6;41.9379244242;-87.7272974368;{'type': 'Point', 'coordinates': [-87.727297436758, 41.937924424195]};NOT ON SCENE (DESK REPORT);2025-06-16T13:15:00.000
172aeb672871e8310058db5c63a9585e367a898fd4d7cfa3e496098dc383310f12bd7ecbe420ee11f6d3b8a9ebab8171bde784ae77ce7a5eb3265e6439bbaf55;2025-06-16 11:40:00;10;OTHER;OTHER;CLEAR;DAYLIGHT;FIXED OBJECT;PARKING LOT;STRAIGHT AND LEVEL;DRY;NO DEFECTS;NO INJURY / DRIVE AWAY;;Y;$501 - $1,500;UNABLE TO DETERMINE;NOT APPLICABLE;10100;S;WESTERN AVE;2211;;;;;;;1;NO INDICATION OF INJURY;0;0;0;0;0;1;0;11;2;6;41.7099280481;-87.6818747791;{'type': 'Point', 'coordinates': [-87.681874779128, 41.709928048135]};ON SCENE;2025-06-16T11:50:00.000
32f44577efcc6ff55b003ba452d1988703159db2f7774d754efeacfb64050a4f4625863dfc0f13ee22f0376088d307cf1125666d829ea941f53104a7465b49ca;2025-06-16 11:38:00;30;NO CONTROLS;NO CONTROLS;CLEAR;DAYLIGHT;SIDESWIPE SAME DIRECTION;NOT DIVIDED;STRAIGHT AND LEVEL;DRY;NO DEFECTS;NO INJURY / DRIVE AWAY;Y;Y;OVER $1,500;IMPROPER OVERTAKING/PASSING;FAILING TO YIELD RIGHT-OF-WAY;501;S;LARAMIE AVE;1533;;;;;;;2;NO INDICATION OF INJURY;0;0;0;0;0;2;0;11;2;6;41.8738968349;-87.7546800865;{'type': 'Point', 'coordinates': [-87.754680086507, 41.873896834903]};ON SCENE;2025-06-16T11:52:00.000
8e2bcd8826331331be0cd4240c0b1337e3b56709548bc0b1d2da858d7f884aa66bb10fe84a23033cfb92ebeac11e35015a16a2c7eb78b38861051a9d021e6227;2025-06-16 11:37:00;25;NO CONTROLS;NO CONTROLS;CLEAR;DAYLIGHT;SIDESWIPE OPPOSITE DIRECTION;NOT DIVIDED;STRAIGHT AND LEVEL;DRY;NO DEFECTS;NO INJURY / DRIVE AWAY;;;$500 OR LESS;DRIVING SKILLS/KNOWLEDGE/EXPERIENCE;NOT APPLICABLE;1837;W;WINNEMAC AVE;2032;;;;;;;2;NO INDICATION OF INJURY;0;0;0;0;0;3;0;11;2;6;41.9732054843;-87.6762460755;{'type': 'Point', 'coordinates': [-87.676246075532, 41.973205484321]};ON SCENE;2025-06-16T11:47:00.000
6f8b79deffd87a2754f5430dbbabe6c6186af745476c6572e344674e296bd2254fe8697a7a4b89fcd294dbbb914f26d8ec85ee008864c1ed856bb821fb1f1c54;2025-06-16 11:30:00;30;OTHER WARNING SIGN;FUNCTIONING PROPERLY;CLEAR;DAYLIGHT;PARKED MOTOR VEHICLE;NOT DIVIDED;STRAIGHT AND LEVEL;DRY;NO DEFECTS;NO INJURY / DRIVE AWAY;;;$501 - $1,500;IMPROPER LANE USAGE;FOLLOWING TOO CLOSELY;2739;N;CLYBOURN AVE;1931;;;;;;;2;NO INDICATION OF INJURY;0;0;0;0;0;1;0;11;2;6;41.9309967985;-87.6764493806;{'type': 'Point', 'coordinates': [-87.676449380644, 41.930996798488]};NOT ON SCENE (DESK REPORT);2025-06-16T12:00:00.000
23b5dae1b562c717de3930f4784c592a63270bab6413e42ed7ace95d14fd91c9c3c313cea99fe87006b49b559f396c0474641f539c70022d604a752ba046b647;2025-06-16 11:10:00;30;TRAFFIC SIGNAL;FUNCTIONING PROPERLY;CLEAR;DAYLIGHT;REAR END;DIVIDED - W/MEDIAN (NOT RAISED);STRAIGHT AND LEVEL;DRY;NO DEFECTS;NO INJURY / DRIVE AWAY;Y;;$501 - $1,500;FOLLOWING TOO CLOSELY;FOLLOWING TOO CLOSELY;3200;W;DIVISION ST;1422;;;;;;;2;NO INDICATION OF INJURY;0;0;0;0;0;2;0;11;2;6;41.9029404715;-87.7069135127;{'type': 'Point', 'coordinates': [-87.706913512682, 41.902940471512]};NOT ON SCENE (DESK REPORT);2025-06-16T15:50:00.000
2f3fc09b2ca73c446654e96e8a0291ce405b6f567325ad2acdb1afcc7c1108346dce5cee3a9cb921b375d508459ae58f7928b781d6ee0792e6713f9e0ef96d5d;2025-06-16 11:00:00;20;NO CONTROLS;NO CONTROLS;CLEAR;UNKNOWN;PARKED MOTOR VEHICLE;ONE-WAY;STRAIGHT AND LEVEL;DRY;NO DEFECTS;NO INJURY / DRIVE AWAY;;Y;$501 - $1,500;UNABLE TO DETERMINE;NOT APPLICABLE;547;W;85TH ST;622;;;;;;;2;NO INDICATION OF INJURY;0;0;0;0;0;1;0;11;2;6;41.7395108298;-87.6382950661;{'type': 'Point', 'coordinates': [-87.638295066142, 41.739510829764]};NOT ON SCENE (DESK REPORT);2025-06-16T13:30:00.000
fdec136e5d2b0ac55894de8c390591c2acff3bcc8fc2760e5b0668a2ae7f3159fa3b431e640a17d5f437a1f18e71f6d5cefc8e81661b7f9a7cf17eda5a5b1edf;2025-06-16 11:00:00;10;NO CONTROLS;NO CONTROLS;CLEAR;DAYLIGHT;PARKED MOTOR VEHICLE;PARKING LOT;STRAIGHT AND LEVEL;DRY;UNKNOWN;NO INJURY / DRIVE AWAY;;Y;OVER $1,500;IMPROPER BACKING;NOT APPLICABLE;3531;N;WESTERN AVE;1921;;;;;;;2;NO INDICATION OF INJURY;0;0;0;0;0;1;0;11;2;6;41.9458558829;-87.6880860631;{'type': 'Point', 'coordinates': [-87.688086063093, 41.945855882864]};NOT ON SCENE (DESK REPORT);2025-06-16T18:00:00.000
074a8ecec7a45b4fdcea5b7e22607ef914ebc6e823abf2b2ca1ac7dfd2544e5d2c68421fe0dc9f78f0e339625434ab6dd0c1bca967f9ac073d7abc039fcedc75;2025-06-16 10:30:00;30;NO CONTROLS;NO CONTROLS;CLEAR;DAYLIGHT;PARKED MOTOR VEHICLE;DIVIDED - W/MEDIAN (NOT RAISED);STRAIGHT AND LEVEL;DRY;NO DEFECTS;NO INJURY / DRIVE AWAY;;;$500 OR LESS;NOT APPLICABLE;NOT APPLICABLE;2634;S;KEDZIE AVE;1032;;;;;;;2;NO INDICATION OF INJURY;0;0;0;0;0;2;0;10;2;6;41.8434629621;-87.7051564036;{'type': 'Point', 'coordinates': [-87.705156403565, 41.843462962112]};ON SCENE;2025-06-16T10:37:00.000
a79b17799f6aa9de8eb8041ade5295cecf9baac8c40f9080d655679c2f92e0a9f9f32c49f9e45ceb30ca54f14ae51982830d2d930091b3489da9e77e040c0545;2025-06-16 10:30:00;30;TRAFFIC SIGNAL;FUNCTIONING PROPERLY;CLEAR;DAYLIGHT;SIDESWIPE SAME DIRECTION;NOT DIVIDED;STRAIGHT AND LEVEL;DRY;NO DEFECTS;NO INJURY / DRIVE AWAY;;Y;$501 - $1,500;UNABLE TO DETERMINE;NOT APPLICABLE;2831;W;WASHINGTON BLVD;1222;;;;;;;2;NO INDICATION OF INJURY;0;0;0;0;0;2;0;10;2;6;41.8827745845;-87.6976332847;{'type': 'Point', 'coordinates': [-87.697633284708, 41.882774584488]};NOT ON SCENE (DESK REPORT);2025-06-16T10:50:00.000
abf4a388f64f3007d03226ced0d940d9f6a492de51cb6a491d101b6a314a55614d9dc1b0b363de7a001ac6a6b392a42e6daf718ed3ec887e2eb6bba068c6867f;2025-06-16 10:30:00;30;NO CONTROLS;NO CONTROLS;CLEAR;DAYLIGHT;REAR TO SIDE;ONE-WAY;STRAIGHT AND LEVEL;DRY;UNKNOWN;NO INJURY / DRIVE AWAY;;;OVER $1,500;IMPROPER BACKING;FAILING TO REDUCE SPEED TO AVOID CRASH;3212;N;OZARK AVE;1631;;;;;;;2;NO INDICATION OF INJURY;0;0;0;0;0;2;0;10;2;6;41.9382591492;-87.8203469455;{'type': 'Point', 'coordinates': [-87.820346945512, 41.938259149229]};NOT ON SCENE (DESK REPORT);2025-06-16T11:00:00.000
e7ccede797030d56e52072d26a0c8c874b07be0a4b27ffc9ff386be94cc8cbadb319efad3e828ae0c68a87d27886fc26656db2c3f6b4f3e852988416b2439601;2025-06-16 10:30:00;30;STOP SIGN/FLASHER;FUNCTIONING PROPERLY;UNKNOWN;DAYLIGHT;ANGLE;OTHER;STRAIGHT AND LEVEL;UNKNOWN;UNKNOWN;NO INJURY / DRIVE AWAY;Y;;$501 - $1,500;UNABLE TO DETERMINE;UNABLE TO DETERMINE;4578;S;ST LOUIS AVE;821;;;;;;;2;NO INDICATION OF INJURY;0;0;0;0;0;4;0;10;2;6;41.8098990951;-87.7113171046;{'type': 'Point', 'coordinates': [-87.711317104563, 41.80989909506]};NOT ON SCENE (DESK REPORT);2025-06-16T11:20:00.000
0894049dd82a106b4880585993d11f20e91a5913c38813c44255ac6770ac4495d7c184b02d59c010dbce02b1bbcd4bb90dc59b46fb9477ea21ee169c17cb338a;2025-06-16 10:20:00;30;NO CONTROLS;NO CONTROLS;CLEAR;DAYLIGHT;SIDESWIPE SAME DIRECTION;DIVIDED - W/MEDIAN (NOT RAISED);STRAIGHT AND LEVEL;DRY;NO DEFECTS;NO INJURY / DRIVE AWAY;;;$501 - $1,500;UNABLE TO DETERMINE;UNABLE TO DETERMINE;6030;N;CLARK ST;2433;;;;;;;2;NO INDICATION OF INJURY;0;0;0;0;0;2;0;10;2;6;41.9917443317;-87.670203914;{'type': 'Point', 'coordinates': [-87.670203914024, 41.991744331684]};NOT ON SCENE (DESK REPORT);2025-06-16T17:55:00.000
c737033ca996f7419870b979e1212aea43c902e3c42a9a260253ddcfc0a1242eae4320a7494cffbce339177daabafd2c462ae063ee9830052374c4b8a64c59c2;2025-06-16 10:20:00;30;TRAFFIC SIGNAL;FUNCTIONING PROPERLY;CLEAR;DAYLIGHT;TURNING;DIVIDED - W/MEDIAN (NOT RAISED);STRAIGHT AND LEVEL;DRY;NO DEFECTS;NO INJURY / DRIVE AWAY;;;$501 - $1,500;UNABLE TO DETERMINE;UNABLE TO DETERMINE;6400;W;NORTH AVE;2513;;;;;;;2;NO INDICATION OF INJURY;0;0;0;0;0;3;0;10;2;6;41.9092570732;-87.7850565929;{'type': 'Point', 'coordinates': [-87.785056592855, 41.909257073207]};ON SCENE;2025-06-16T10:30:00.000
5668a10024e6dcbf67718fe96695481f9cf078f63aa3b90b44b02d1135cf5fdc4d273b5bdee90461e664e86c24bf2f627a8d15ab892eba4a93eea97c62fa4093;2025-06-16 09:45:00;30;TRAFFIC SIGNAL;FUNCTIONING PROPERLY;CLEAR;DAYLIGHT;REAR END;NOT DIVIDED;STRAIGHT AND LEVEL;DRY;NO DEFECTS;NO INJURY / DRIVE AWAY;Y;;OVER $1,500;UNABLE TO DETERMINE;UNABLE TO DETERMINE;875;N;MICHIGAN AVE;1833;;;;;;;2;NO INDICATION OF INJURY;0;0;0;0;0;2;0;9;2;6;41.8989485417;-87.6239749877;{'type': 'Point', 'coordinates': [-87.62397498769, 41.89894854173]};NOT ON SCENE (DESK REPORT);2025-06-16T14:29:00.000
751cf0188a7944a4994fcdf75735f21a2ca595ff287ef4df5589daa2407e6a8d174dc7fdfc6a41038afda71f3c557fdf6a187a4b722c017b21024f78f68eb1bc;2025-06-16 09:40:00;30;OTHER WARNING SIGN;FUNCTIONING PROPERLY;CLEAR;DAYLIGHT;FIXED OBJECT;NOT DIVIDED;STRAIGHT AND LEVEL;DRY;NO DEFECTS;NO INJURY / DRIVE AWAY;;;OVER $1,500;DRIVING SKILLS/KNOWLEDGE/EXPERIENCE;NOT APPLICABLE;1800;N;PAULINA ST;1433;;;;;;;1;NO INDICATION OF INJURY;0;0;0;0;0;1;0;9;2;6;41.9143790634;-87.6703809207;{'type': 'Point', 'coordinates': [-87.670380920704, 41.914379063367]};ON SCENE;2025-06-16T09:42:00.000
1e3b69d949681008559f28acfa8b0c582d95ff22b1d875cc8fc263514e064e8aacdf0edfc959f541b3ac254c58a62f9337a51fd0677fe10204898c77975c71e6;2025-06-16 09:30:00;15;NO CONTROLS;NO CONTROLS;CLEAR;DAYLIGHT;REAR TO SIDE;PARKING LOT;STRAIGHT AND LEVEL;DRY;NO DEFECTS;NO INJURY / DRIVE AWAY;;Y;$501 - $1,500;FAILING TO YIELD RIGHT-OF-WAY;IMPROPER BACKING;4700;S;WESTERN AVE;922;;;;;;;2;NO INDICATION OF INJURY;0;0;0;0;0;3;0;9;2;6;41.8083784079;-87.6845707169;{'type': 'Point', 'coordinates': [-87.684570716896, 41.808378407947]};NOT ON SCENE (DESK REPORT);2025-06-16T10:00:00.000
db7150bc5bbf71954588f87e93c41d343b7945df00d0c05a4a1dcbfda0894c91782265a8f18bd272442e37fac4dceb642857a5b67757cb7fb1ba976a2cab3f1a;2025-06-16 09:30:00;30;NO CONTROLS;NO CONTROLS;CLEAR;DAYLIGHT;SIDESWIPE SAME DIRECTION;NOT DIVIDED;STRAIGHT AND LEVEL;DRY;NO DEFECTS;NO INJURY / DRIVE AWAY;;;OVER $1,500;UNABLE TO DETERMINE;NOT APPLICABLE;4333;N;HAZEL ST;1915;;;;;;;2;NO INDICATION OF INJURY;0;0;0;0;0;2;0;9;2;6;41.9611766779;-87.6521634569;{'type': 'Point', 'coordinates': [-87.652163456856, 41.961176677907]};ON SCENE;2025-06-16T10:00:00.000
fed087068058dea2a3c9ef326b96e8af2713b075691a5ef54dd976e3e2a724bd23dd48e74b46bfafb8c0f64aa0411202968a0bf358af98fb12d6c3b6c2aec234;2025-06-16 09:25:00;30;TRAFFIC SIGNAL;FUNCTIONING PROPERLY;CLEAR;DAYLIGHT;PARKED MOTOR VEHICLE;NOT DIVIDED;STRAIGHT AND LEVEL;DRY;NO DEFECTS;NO INJURY / DRIVE AWAY;;;$501 - $1,500;IMPROPER OVERTAKING/PASSING;NOT APPLICABLE;500;N;MICHIGAN AVE;1834;;;;;;;2;NO INDICATION OF INJURY;0;0;0;0;0;4;0;9;2;6;41.8909712296;-87.6242769456;{'type': 'Point', 'coordinates': [-87.624276945562, 41.890971229645]};NOT ON SCENE (DESK REPORT);2025-06-16T10:08:00.000
bb86e9db905706fa4fbc5a66d19f689a28ea92df94110631c9e292a5bbde138497194a8840d86144fd5cc35b6dc4539281bf5f8a7eac35c5eeba95206ca50dcd;2025-06-16 09:23:00;25;TRAFFIC SIGNAL;FUNCTIONING PROPERLY;CLEAR;DAYLIGHT;REAR END;FOUR WAY;STRAIGHT AND LEVEL;DRY;UNKNOWN;NO INJURY / DRIVE AWAY;Y;;OVER $1,500;NOT APPLICABLE;NOT APPLICABLE;2850;W;24TH BLVD;1033;;;;;;;2;NO INDICATION OF INJURY;0;0;0;0;0;2;0;9;2;6;41.8479685881;-87.6972871231;{'type': 'Point', 'coordinates': [-87.697287123089, 41.847968588061]};NOT ON SCENE (DESK REPORT);2025-06-16T10:15:00.000
9ccc942113859ba69a263ad23f7471e4d95f7b1bd30d0f5bacf4ceb458ef780857c507f86020c6e10be376914008eb3ec1bbcf1fae1bb2afb827ed3c01fab0d6;2025-06-16 09:15:00;25;NO CONTROLS;NO CONTROLS;CLEAR;DAYLIGHT;OTHER OBJECT;NOT DIVIDED;STRAIGHT AND LEVEL;DRY;NO DEFECTS;INJURY AND / OR TOW DUE TO CRASH;;;OVER $1,500;UNABLE TO DETERMINE;NOT APPLICABLE;476;N;PAULINA ST;1215;;;;;;;2;NONINCAPACITATING INJURY;2;0;0;2;0;1;0;9;2;6;41.8909214118;-87.6697240546;{'type': 'Point', 'coordinates': [-87.669724054621, 41.890921411842]};ON SCENE;2025-06-16T09:20:00.000
fa18a4fe911ccc7dcc5a702d193240a511887ff03d50c0257c2d7c7778285e24c03bc48f132876892143fab5291a686ef0985411542da718f6195814aadda192;2025-06-16 09:10:00;20;NO CONTROLS;NO CONTROLS;CLEAR;DAYLIGHT;PARKED MOTOR VEHICLE;PARKING LOT;STRAIGHT AND LEVEL;DRY;UNKNOWN;NO INJURY / DRIVE AWAY;;Y;OVER $1,500;DRIVING SKILLS/KNOWLEDGE/EXPERIENCE;NOT APPLICABLE;804;W;OHARE ST;1654;;;;;;;2;NO INDICATION OF INJURY;0;0;0;0;0;1;0;9;2;6;;;;ON SCENE;2025-06-16T15:00:00.000
0812140138141ff38bd085af6b319b8616b54e7297db61fb850fab8bcbfe2439403d2821a8b242cf614ed94cb68089dc3a4ad92587badce3d2d6ee64736fff30;2025-06-16 09:08:00;20;STOP SIGN/FLASHER;FUNCTIONING PROPERLY;CLEAR;DAYLIGHT;REAR END;DIVIDED - W/MEDIAN (NOT RAISED);STRAIGHT AND LEVEL;DRY;NO DEFECTS;NO INJURY / DRIVE AWAY;;;$501 - $1,500;UNABLE TO DETERMINE;UNABLE TO DETERMINE;635;N;LARAMIE AVE;1532;;;;;;;2;NO INDICATION OF INJURY;0;0;0;0;0;2;0;9;2;6;41.8923555648;-87.7553576051;{'type': 'Point', 'coordinates': [-87.755357605051, 41.892355564807]};NOT ON SCENE (DESK REPORT);2025-06-16T09:30:00.000
53ea7ef52c920eb6580b3dee2469d1183cffbc1ed13c2ce1a73dcf33dfd4b8d3c5cfee7b40cf846a4efe92608b49fca290352dfd16b3c5c479980c869e31862e;2025-06-16 09:00:00;35;NO CONTROLS;NO CONTROLS;CLEAR;DAYLIGHT;TURNING;NOT DIVIDED;STRAIGHT AND LEVEL;DRY;NO DEFECTS;NO INJURY / DRIVE AWAY;Y;;OVER $1,500;IMPROPER TURNING/NO SIGNAL;NOT APPLICABLE;7500;S;LAFAYETTE AVE;623;;;;;;;2;NO INDICATION OF INJURY;0;0;0;0;0;2;0;9;2;6;41.758068532;-87.6265169823;{'type': 'Point', 'coordinates': [-87.626516982328, 41.75806853202]};NOT ON SCENE (DESK REPORT);2025-06-16T09:00:00.000
97c77506126a50f11e3d59afa9b7de873060142b500a62f0b0457906e0f51ede71f4b5cfd6b2033f2e3c116697999451af0075c9c2eaf7da0175b056db60647b;2025-06-16 08:51:00;30;TRAFFIC SIGNAL;FUNCTIONING PROPERLY;CLEAR;DAYLIGHT;TURNING;NOT DIVIDED;STRAIGHT AND LEVEL;DRY;NO DEFECTS;INJURY AND / OR TOW DUE TO CRASH;Y;Y;OVER $1,500;NOT APPLICABLE;NOT APPLICABLE;5600;W;FULLERTON AVE;2515;;;;;;;2;NO INDICATION OF INJURY;0;0;0;0;0;2;0;8;2;6;41.9240901988;-87.7660535302;{'type': 'Point', 'coordinates': [-87.766053530161, 41.924090198835]};ON SCENE;2025-06-16T08:51:00.000
a5455f0ae452bf90429a3fc3ada2491acbae5ed71211f0fb9e0e011facb3eea11e70b3b064a8c31cc65b8399d47edbdda6d6b8d9737ff34e46d9ad5e5bc28a10;2025-06-16 08:40:00;30;NO CONTROLS;NO CONTROLS;CLEAR;DAYLIGHT;TURNING;NOT DIVIDED;STRAIGHT AND LEVEL;DRY;NO DEFECTS;NO INJURY / DRIVE AWAY;;;OVER $1,500;IMPROPER OVERTAKING/PASSING;UNABLE TO DETERMINE;957;W;18TH ST;1235;;;;;;;2;NO INDICATION OF INJURY;0;0;0;0;0;2;0;8;2;6;41.8579220539;-87.650920812;{'type': 'Point', 'coordinates': [-87.650920811952, 41.857922053853]};ON SCENE;2025-06-16T08:51:00.000
e42698a1542562be81d8968b07c40adad466f61119597f73ed1e2b4cfe34e5e36c1ca14de4e294ded417f941efcd6ed6c170225468964225ad01cd16e9a5fa3e;2025-06-16 08:40:00;25;UNKNOWN;UNKNOWN;CLEAR;DAYLIGHT;SIDESWIPE SAME DIRECTION;NOT DIVIDED;STRAIGHT AND LEVEL;DRY;UNKNOWN;NO INJURY / DRIVE AWAY;;;OVER $1,500;IMPROPER OVERTAKING/PASSING;FOLLOWING TOO CLOSELY;120;S;DESPLAINES ST;121;;;;;;;2;NO INDICATION OF INJURY;0;0;0;0;0;2;0;8;2;6;41.8798605382;-87.6442096581;{'type': 'Point', 'coordinates': [-87.644209658103, 41.879860538216]};NOT ON SCENE (DESK REPORT);2025-06-16T09:08:00.000
f08ac3318028f78ecdfdb256434bdbeeecc170de102d424bb6be062631a80c3498b3931a588f0aeca469d9c9da6eabfc7a8ff73303c03a4c76835a8fac09a348;2025-06-16 08:40:00;30;TRAFFIC SIGNAL;FUNCTIONING PROPERLY;CLEAR;DAYLIGHT;REAR END;DIVIDED - W/MEDIAN (NOT RAISED);STRAIGHT AND LEVEL;DRY;NO DEFECTS;NO INJURY / DRIVE AWAY;;;$500 OR LESS;FOLLOWING TOO CLOSELY;UNABLE TO DETERMINE;4359;N;CICERO AVE;1722;;;;;;;2;NO INDICATION OF INJURY;0;0;0;0;0;2;0;8;2;6;41.9606849048;-87.7473842477;{'type': 'Point', 'coordinates': [-87.747384247664, 41.960684904831]};NOT ON SCENE (DESK REPORT);2025-06-16T09:15:00.000
cda7ddd1bcb667365c3754495ad251fe34c53387f75f25fa324484b0edc6fb5a5fa1c6e0e62486b83f09d16cc37f6915d99359b88c992e709ba75b4ac2e90d08;2025-06-16 08:39:00;15;NO CONTROLS;NO CONTROLS;CLEAR;DAYLIGHT;OTHER NONCOLLISION;OTHER;STRAIGHT AND LEVEL;DRY;NO DEFECTS;INJURY AND / OR TOW DUE TO CRASH;;;OVER $1,500;EQUIPMENT - VEHICLE CONDITION;EQUIPMENT - VEHICLE CONDITION;4740;S;WHIPPLE ST;922;;;;;;;1;NO INDICATION OF INJURY;0;0;0;0;0;1;0;8;2;6;41.807009947;-87.7004265156;{'type': 'Point', 'coordinates': [-87.700426515629, 41.80700994704]};ON SCENE;2025-06-16T08:39:00.000
2c336aad4fca06cb36e62855ad0ff042e3e5e24e3e5ef8c13f2867ea91c051aca9b7e4634a9b043fd1a5088f345adc7ed81359ef60b0a2ef60eafa6485fc658e;2025-06-16 08:25:00;30;TRAFFIC SIGNAL;FUNCTIONING PROPERLY;CLEAR;DAYLIGHT;SIDESWIPE SAME DIRECTION;FOUR WAY;STRAIGHT AND LEVEL;DRY;NO DEFECTS;NO INJURY / DRIVE AWAY;;;OVER $1,500;IMPROPER OVERTAKING/PASSING;UNABLE TO DETERMINE;5929;N;SHERIDAN RD;2022;;;;;;;3;NO INDICATION OF INJURY;0;0;0;0;0;3;0;8;2;6;41.9900647219;-87.655237215;{'type': 'Point', 'coordinates': [-87.655237214988, 41.99006472186]};NOT ON SCENE (DESK REPORT);2025-06-16T09:15:00.000
d10caab7f058a69415064b3f63f68f33a3ea0444d8fe1d0857cebc1c12c0dc6f6fb015b03d872ae8eefd577abc530b26d2904e1a5e13b25c3bfa8e57edc20b53;2025-06-16 08:20:00;30;NO CONTROLS;NO CONTROLS;CLEAR;DAYLIGHT;REAR END;DIVIDED - W/MEDIAN (NOT RAISED);STRAIGHT AND LEVEL;DRY;UNKNOWN;NO INJURY / DRIVE AWAY;;;OVER $1,500;FAILING TO REDUCE SPEED TO AVOID CRASH;UNABLE TO DETERMINE;2150;N;CICERO AVE;2522;;;;;;;2;NO INDICATION OF INJURY;0;0;0;0;0;2;0;8;2;6;41.9203016479;-87.7463506417;{'type': 'Point', 'coordinates': [-87.746350641676, 41.920301647905]};NOT ON SCENE (DESK REPORT);2025-06-16T08:50:00.000
de15a8bc77f2e74258421f79d0e3984b65ebb2d83bc72697427f070b112f74eb6b2ddf41a84134b6e7242c3f2849379226dd0297655c3daadb108ac2891d86fa;2025-06-16 08:18:00;35;NO CONTROLS;NO CONTROLS;CLEAR;DAYLIGHT;REAR END;NOT DIVIDED;STRAIGHT AND LEVEL;DRY;NO DEFECTS;INJURY AND / OR TOW DUE TO CRASH;;;OVER $1,500;FAILING TO YIELD RIGHT-OF-WAY;UNABLE TO DETERMINE;7101;W;DEVON AVE;1611;;;;;;;2;NO INDICATION OF INJURY;0;0;0;0;0;4;0;8;2;6;41.9976837539;-87.8050197891;{'type': 'Point', 'coordinates': [-87.805019789121, 41.997683753875]};ON SCENE;2025-06-16T08:31:00.000
0ba20fe8cc6b35e03fa74007413fb77c3a61cef2e84964097905138682766aaf2d85e9241d3dbbb1adfea9b78d2ea09a829d6c3e0b48a69c7b35601909a88531;2025-06-16 08:17:00;30;TRAFFIC SIGNAL;FUNCTIONING PROPERLY;CLEAR;DAYLIGHT;SIDESWIPE SAME DIRECTION;DIVIDED - W/MEDIAN (NOT RAISED);STRAIGHT AND LEVEL;DRY;NO DEFECTS;NO INJURY / DRIVE AWAY;;;OVER $1,500;IMPROPER OVERTAKING/PASSING;IMPROPER LANE USAGE;4346;N;PULASKI RD;1722;;Y;;;;;2;NO INDICATION OF INJURY;0;0;0;0;0;2;0;8;2;6;41.9604777636;-87.7279616641;{'type': 'Point', 'coordinates': [-87.72796166413, 41.960477763554]};ON SCENE;2025-06-16T08:17:00.000
b4463509b3e321015ee8920e85b2f6d4210a5f8861baf4d7326d376176ffc8d650f84b6e9e88a16ff56e6fcc13a2ea54bbc7c91b220b077c806ec88caac4f957;2025-06-16 08:13:00;30;STOP SIGN/FLASHER;FUNCTIONING PROPERLY;CLEAR;DAYLIGHT;TURNING;T-INTERSECTION;STRAIGHT AND LEVEL;DRY;NO DEFECTS;INJURY AND / OR TOW DUE TO CRASH;Y;;OVER $1,500;DRIVING SKILLS/KNOWLEDGE/EXPERIENCE;FAILING TO YIELD RIGHT-OF-WAY;6100;W;NORTH AVE;2513;;;;;;;3;NONINCAPACITATING INJURY;3;0;0;3;0;0;0;8;2;6;41.9093369398;-87.7776821728;{'type': 'Point', 'coordinates': [-87.777682172791, 41.909336939761]};ON SCENE;2025-06-16T08:15:00.000