crash_record_id;crash_date;posted_speed_limit;traffic_control_device;device_condition;weather_condition;lighting_condition;first_crash_type;trafficway_type;alignment;roadway_surface_cond;road_defect;crash_type;intersection_related_i;hit_and_run_i;damage;prim_contributory_cause;sec_contributory_cause;street_no;street_direction;street_name;beat_of_occurrence;photos_taken_i;statements_taken_i;dooring_i;work_zone_i;work_zone_type;workers_present_i;num_units;most_severe_injury;injuries_total;injuries_fatal;injuries_incapacitating;injuries_non_incapacitating;injuries_reported_not_evident;injuries_no_indication;injuries_unknown;crash_hour;crash_day_of_week;crash_month;latitude;longitude;location;report_type;date_police_notified
7c2ec405fee29780f8a17d75c7ab3ae04e9047e882bb6e866b59a934b8783ff8820b2826757fcc79c418e7377ccb3d613ddad333733c9f1603712291563177b6;2025-06-16 08:10:00;20;NO CONTROLS;NO CONTROLS;CLEAR;UNKNOWN;PARKED MOTOR VEHICLE;ONE-WAY;STRAIGHT AND LEVEL;DRY;NO DEFECTS;NO INJURY / DRIVE AWAY;;Y;OVER $1,500;NOT APPLICABLE;NOT APPLICABLE;6719;S;MERRILL AVE;331;;;;;;;2;NO INDICATION OF INJURY;0;0;0;0;0;1;0;8;2;6;41.7728916959;-87.5726660787;{'type': 'Point', 'coordinates': [-87.572666078695, 41.772891695851]};NOT ON SCENE (DESK REPORT);2025-06-16T15:15:00.000
c165acc96b11274a355ad036e13b4c08db8b9c151808ffd0e464556e3a555de1fac2fd01ae346c0deff208f9f445ca349a7907add4533ca9460bc2fe11c3ca87;2025-06-16 08:10:00;30;NO CONTROLS;NO CONTROLS;CLEAR;DAYLIGHT;PARKED MOTOR VEHICLE;NOT DIVIDED;STRAIGHT AND LEVEL;DRY;NO DEFECTS;INJURY AND / OR TOW DUE TO CRASH;;;OVER $1,500;DRIVING SKILLS/KNOWLEDGE/EXPERIENCE;NOT APPLICABLE;6638;W;ARCHER AVE;811;;;;;;;2;NO INDICATION OF INJURY;0;0;0;0;0;1;0;8;2;6;41.7923313506;-87.7882309062;{'type': 'Point', 'coordinates': [-87.788230906217, 41.792331350567]};ON SCENE;2025-06-16T08:11:00.000
ae491bb169ea4534029c726a79968a3d49535a48b013b3e233d0d4356aae91456054ee5131e25dd9f87015df7521bf88c9d70ed9195c75827e9bd71a94996ebf;2025-06-16 08:05:00;30;TRAFFIC SIGNAL;FUNCTIONING PROPERLY;CLEAR;DAYLIGHT;TURNING;NOT DIVIDED;STRAIGHT AND LEVEL;DRY;NO DEFECTS;NO INJURY / DRIVE AWAY;Y;;OVER $1,500;IMPROPER TURNING/NO SIGNAL;FAILING TO YIELD RIGHT-OF-WAY;4831;S;KEDZIE AVE;922;;Y;;;;;2;NO INDICATION OF INJURY;0;0;0;0;0;2;0;8;2;6;41.805267682;-87.7037467772;{'type': 'Point', 'coordinates': [-87.703746777228, 41.805267682044]};ON SCENE;2025-06-16T08:09:00.000
feff6dd05ba160bab774dcbc47d90a40c621264991f2fcf64eadd02211ce966f89c47919121ca8169a655be29c3d32e3ffc76ea78569066c4f3cdabdbd9a4e0c;2025-06-16 08:00:00;30;TRAFFIC SIGNAL;NO CONTROLS;CLEAR;DAYLIGHT;REAR END;DIVIDED - W/MEDIAN (NOT RAISED);STRAIGHT AND LEVEL;DRY;NO DEFECTS;NO INJURY / DRIVE AWAY;Y;;OVER $1,500;UNABLE TO DETERMINE;UNABLE TO DETERMINE;5952;W;DIVISION ST;2531;;;;;;;3;NO INDICATION OF INJURY;0;0;0;0;0;3;0;8;2;6;41.9021117831;-87.7750525242;{'type': 'Point', 'coordinates': [-87.77505252421, 41.902111783105]};NOT ON SCENE (DESK REPORT);2025-06-16T09:30:00.000
875369cb5c36f1d7b038c15a82e31eb1dd8d31a05e3c2465ba4c15a2e0ebb2be10555d7249222b4c9ec8d880b2045ef4bc098835095b17b54cc3073957e02f65;2025-06-16 07:58:00;30;TRAFFIC SIGNAL;FUNCTIONING PROPERLY;CLEAR;DAYLIGHT;REAR TO FRONT;FOUR WAY;STRAIGHT AND LEVEL;DRY;NO DEFECTS;NO INJURY / DRIVE AWAY;Y;Y;$501 - $1,500;IMPROPER BACKING;NOT APPLICABLE;801;W;LAKE ST;1224;;;;;;;2;NO INDICATION OF INJURY;0;0;0;0;0;2;0;7;2;6;41.8855538089;-87.6475289557;{'type': 'Point', 'coordinates': [-87.647528955695, 41.885553808917]};ON SCENE;2025-06-16T08:01:00.000
d9c88b99e5540f9f7e902d8ff841ccb7ee8eb89da4edf2794d7dcb61b71eec309061907def87fe725a9e85bb8e5793aca22be916aac929637f2e16d918cbb942;2025-06-16 07:53:00;30;STOP SIGN/FLASHER;FUNCTIONING PROPERLY;CLEAR;DAYLIGHT;TURNING;NOT DIVIDED;STRAIGHT AND LEVEL;DRY;NO DEFECTS;INJURY AND / OR TOW DUE TO CRASH;Y;;OVER $1,500;NOT APPLICABLE;NOT APPLICABLE;1899;W;51ST ST;932;;;;;;;3;NO INDICATION OF INJURY;0;0;0;0;0;5;0;7;2;6;41.8011456906;-87.6720122569;{'type': 'Point', 'coordinates': [-87.672012256856, 41.801145690559]};ON SCENE;2025-06-16T07:55:00.000
aca60a629099ba07a3700e22a868564120d6c83c72aa64e96af26c47cddd154e3633a34c3db34745eae86ac362027b9183aade81fd1228c7e73e2623061d51de;2025-06-16 07:44:00;30;TRAFFIC SIGNAL;FUNCTIONING PROPERLY;CLEAR;DAYLIGHT;REAR END;DIVIDED - W/MEDIAN (NOT RAISED);STRAIGHT AND LEVEL;DRY;NO DEFECTS;INJURY AND / OR TOW DUE TO CRASH;;;$501 - $1,500;UNABLE TO DETERMINE;UNABLE TO DETERMINE;3934;W;IRVING PARK RD;1723;;Y;;;;;2;REPORTED, NOT EVIDENT;2;0;0;0;2;2;0;7;2;6;41.9537733613;-87.7265372935;{'type': 'Point', 'coordinates': [-87.726537293508, 41.953773361319]};ON SCENE;2025-06-16T07:44:00.000
23c5303f5d25557038ea282dfee1c2ff953a6e4a714a0edf0d73a3711cbac992e757242751a07863112e6368f70424b0cbee0f664424b2a871f294658a0977e2;2025-06-16 07:40:00;25;NO CONTROLS;NO CONTROLS;CLEAR;DAYLIGHT;PEDESTRIAN;NOT DIVIDED;STRAIGHT AND LEVEL;DRY;NO DEFECTS;INJURY AND / OR TOW DUE TO CRASH;;Y;$501 - $1,500;DRIVING ON WRONG SIDE/WRONG WAY;NOT APPLICABLE;2210;N;PULASKI RD;2525;;;;;;;2;INCAPACITATING INJURY;1;0;1;0;0;1;0;7;2;6;41.921207015;-87.7268244501;{'type': 'Point', 'coordinates': [-87.726824450095, 41.921207015039]};ON SCENE;2025-06-16T07:46:00.000
33cbbf9a6ee492d42ca2a95fad450afb17002103bc4b4b160a2328eec92acc18ee6e425afb441af9b5e8916f1cfb5a0e34fa6e24fbc4fa255d62540f4900ae6a;2025-06-16 07:32:00;20;NO CONTROLS;NO CONTROLS;CLEAR;DAYLIGHT;REAR TO FRONT;ONE-WAY;STRAIGHT AND LEVEL;DRY;NO DEFECTS;NO INJURY / DRIVE AWAY;;;OVER $1,500;IMPROPER BACKING;VISION OBSCURED (SIGNS, TREE LIMBS, BUILDINGS, ETC.);2416;W;LELAND AVE;1911;;;;;;;2;NO INDICATION OF INJURY;0;0;0;0;0;2;0;7;2;6;41.9668876076;-87.6895391561;{'type': 'Point', 'coordinates': [-87.68953915608, 41.966887607563]};ON SCENE;2025-06-16T07:47:00.000
8a50dbc183312004758a959551ecbc1d45d6bbe1dc6137e01616113edebb695adeabba7b219df0d45915816b5f4f3e9c7ebc333bb2294a12c14e0a158ebe06f6;2025-06-16 07:32:00;30;TRAFFIC SIGNAL;FUNCTIONING PROPERLY;CLEAR;DAYLIGHT;REAR END;NOT DIVIDED;STRAIGHT AND LEVEL;DRY;UNKNOWN;NO INJURY / DRIVE AWAY;;;$501 - $1,500;UNABLE TO DETERMINE;UNABLE TO DETERMINE;631;S;CENTRAL AVE;1522;;;;;;;2;NO INDICATION OF INJURY;0;0;0;0;0;3;0;7;2;6;41.872305917;-87.7644344432;{'type': 'Point', 'coordinates': [-87.764434443217, 41.872305917024]};NOT ON SCENE (DESK REPORT);2025-06-16T08:37:00.000
5fa1223d899b959f852ca9b32461a45fefdde4dd281e80ec9da93c1a1c76572f2254a051de1c85e53659f8947410908a78de5b08730ac26d218a2593531fe77f;2025-06-16 07:31:00;15;NO CONTROLS;NO CONTROLS;CLEAR;DAYLIGHT;PARKED MOTOR VEHICLE;PARKING LOT;STRAIGHT AND LEVEL;DRY;NO DEFECTS;NO INJURY / DRIVE AWAY;;;$500 OR LESS;NOT APPLICABLE;NOT APPLICABLE;4801;S;LAWNDALE AVE;821;;;;;;;2;NO INDICATION OF INJURY;0;0;0;0;0;2;0;7;2;6;41.8066587648;-87.7160330444;{'type': 'Point', 'coordinates': [-87.716033044428, 41.806658764758]};ON SCENE;2025-06-16T07:31:00.000
bd84bc2e732394a31bd52445e0f6f3fc385b2fb768589e7874807fccbb16f838b4f3c4b8663c09bdbd2260fa1995329145c435edc4180bb6c775f96f45c85f09;2025-06-16 07:30:00;30;STOP SIGN/FLASHER;FUNCTIONING PROPERLY;CLEAR;DAYLIGHT;PEDESTRIAN;ONE-WAY;STRAIGHT AND LEVEL;DRY;NO DEFECTS;INJURY AND / OR TOW DUE TO CRASH;N;;$500 OR LESS;FAILING TO YIELD RIGHT-OF-WAY;DRIVING SKILLS/KNOWLEDGE/EXPERIENCE;1100;N;LEAVITT ST;1212;;;;;;;2;REPORTED, NOT EVIDENT;1;0;0;0;1;1;0;7;2;6;41.901325248;-87.6822408487;{'type': 'Point', 'coordinates': [-87.682240848704, 41.901325247967]};ON SCENE;2025-06-16T12:00:00.000
fb9a7e083b609df0f0ce837150f11b0bb8253a3acbe221eb010d9a3d1aca689bccabb5cc21c1382ab8f44c4177c0573de1539a8bd89a2b62f61e688920785363;2025-06-16 07:30:00;30;TRAFFIC SIGNAL;FUNCTIONING PROPERLY;CLEAR;DAYLIGHT;SIDESWIPE SAME DIRECTION;FOUR WAY;STRAIGHT AND LEVEL;DRY;UNKNOWN;NO INJURY / DRIVE AWAY;Y;Y;$500 OR LESS;IMPROPER LANE USAGE;NOT APPLICABLE;5500;S;WESTERN AVE;824;;;;;;;2;NO INDICATION OF INJURY;0;0;0;0;0;2;0;7;2;6;41.7933705543;-87.6841753768;{'type': 'Point', 'coordinates': [-87.684175376759, 41.79337055433]};ON SCENE;2025-06-16T07:34:00.000
9a911ab383f311e5eec0c55457831e5eb689b3d64a21dedb3670caaa5143e6880f627d5d366ae5ef1b7f470d53c1d1ff05a73cf641a6ff05ff020df3f8b226d8;2025-06-16 07:22:00;30;NO CONTROLS;NO CONTROLS;CLEAR;DAYLIGHT;SIDESWIPE SAME DIRECTION;NOT DIVIDED;STRAIGHT AND LEVEL;DRY;UNKNOWN;INJURY AND / OR TOW DUE TO CRASH;;;OVER $1,500;IMPROPER OVERTAKING/PASSING;IMPROPER LANE USAGE;3355;W;NORTH AVE;1422;;Y;;;;;2;NO INDICATION OF INJURY;0;0;0;0;0;2;0;7;2;6;41.9099478353;-87.711516347;{'type': 'Point', 'coordinates': [-87.711516347008, 41.90994783535]};ON SCENE;2025-06-16T07:23:00.000
cec020b4c619c2b1fe0070a7fd0ef36fc4197370f625ae50dc94194ef51a0f8e298ff2c951da4bd2a08998a3fad2f581359e72da0db06f87a9677c4a26529b35;2025-06-16 07:13:00;40;NO CONTROLS;NO CONTROLS;CLEAR;DAYLIGHT;SIDESWIPE SAME DIRECTION;DIVIDED - W/MEDIAN BARRIER;STRAIGHT AND LEVEL;DRY;NO DEFECTS;NO INJURY / DRIVE AWAY;;Y;OVER $1,500;IMPROPER OVERTAKING/PASSING;UNABLE TO DETERMINE;2701;N;LAKE SHORE DR NB;1935;;;;;;;2;NO INDICATION OF INJURY;0;0;0;0;0;2;0;7;2;6;41.9315116622;-87.6317740991;{'type': 'Point', 'coordinates': [-87.631774099085, 41.93151166222]};ON SCENE;2025-06-16T07:30:00.000
0a271066349d7928874f7a8751e5ff370afa24ecf1f9246e4c199df91334afbcaf3d1688e06cbd6bb423b8e4c9aac4024be9d5f9f3fb98b84990435525552c1a;2025-06-16 07:10:00;30;NO CONTROLS;NO CONTROLS;CLEAR;DAYLIGHT;SIDESWIPE SAME DIRECTION;NOT DIVIDED;STRAIGHT AND LEVEL;UNKNOWN;UNKNOWN;NO INJURY / DRIVE AWAY;;Y;OVER $1,500;DRIVING SKILLS/KNOWLEDGE/EXPERIENCE;NOT APPLICABLE;2350;W;GARFIELD BLVD;932;;;;;;;2;NO INDICATION OF INJURY;0;0;0;0;0;2;0;7;2;6;41.7939330022;-87.6831437546;{'type': 'Point', 'coordinates': [-87.683143754624, 41.793933002156]};NOT ON SCENE (DESK REPORT);2025-06-16T15:20:00.000
da6cb7a9b9a4d6b1c1ac169a5c8da267491e6145cb8f273e50056621880e2fa3b8117d27f65a31e9d1c4133ecbf4595e47e4756d8d840137d80229893a0791a8;2025-06-16 07:00:00;30;NO CONTROLS;NO CONTROLS;UNKNOWN;UNKNOWN;PARKED MOTOR VEHICLE;DIVIDED - W/MEDIAN (NOT RAISED);STRAIGHT AND LEVEL;UNKNOWN;UNKNOWN;NO INJURY / DRIVE AWAY;;Y;OVER $1,500;IMPROPER LANE USAGE;IMPROPER LANE USAGE;648;N;RIDGEWAY AVE;1122;;;;;;;2;NO INDICATION OF INJURY;0;0;0;0;0;1;0;7;2;6;41.8932074384;-87.7200547318;{'type': 'Point', 'coordinates': [-87.720054731778, 41.893207438361]};NOT ON SCENE (DESK REPORT);2025-06-16T16:00:00.000
1fbfe16e4ae061f6cb928b5d856996e5503e512f779860b9e79fc6114b8a85d7f6cf1e64f753b1445e161b8aa8344a292681672d97ac1ddef719d477200749b9;2025-06-16 06:53:00;30;OTHER;FUNCTIONING PROPERLY;CLEAR;DAYLIGHT;FIXED OBJECT;DIVIDED - W/MEDIAN (NOT RAISED);STRAIGHT AND LEVEL;DRY;NO DEFECTS;INJURY AND / OR TOW DUE TO CRASH;;;OVER $1,500;DRIVING SKILLS/KNOWLEDGE/EXPERIENCE;DRIVING SKILLS/KNOWLEDGE/EXPERIENCE;5632;W;NORTH AVE;2531;;;;;;;1;NO INDICATION OF INJURY;0;0;0;0;0;2;0;6;2;6;41.9094745995;-87.7667619219;{'type': 'Point', 'coordinates': [-87.766761921893, 41.909474599529]};ON SCENE;2025-06-16T06:53:00.000
459798cf93e8c915fdffb1fe21246054eca54c90ef6f7d5f29fa3f46104a2da3cbe665437b0b8c7e7dbbc38f45acdef18ded308adc377ed6f8d946254557b724;2025-06-16 06:50:00;30;NO CONTROLS;NO CONTROLS;CLEAR;DAYLIGHT;SIDESWIPE SAME DIRECTION;DIVIDED - W/MEDIAN (NOT RAISED);STRAIGHT AND LEVEL;DRY;NO DEFECTS;INJURY AND / OR TOW DUE TO CRASH;;Y;OVER $1,500;UNABLE TO DETERMINE;UNABLE TO DETERMINE;8300;W;IRVING PARK RD;1614;;;;;;;2;NO INDICATION OF INJURY;0;0;0;0;0;2;0;6;2;6;41.9522095279;-87.8343178627;{'type': 'Point', 'coordinates': [-87.834317862655, 41.952209527931]};ON SCENE;2025-06-16T07:10:00.000
454fc387c6d138a14ecc3ae0f9942a3f54c6dab0361dd7709338757c32d7d073065ba03d4938cb071e86395578ed296e2d49ad2e001b2ad680faf79c1764c364;2025-06-16 06:40:00;35;TRAFFIC SIGNAL;FUNCTIONING PROPERLY;CLEAR;DAYLIGHT;ANGLE;FOUR WAY;STRAIGHT AND LEVEL;DRY;UNKNOWN;INJURY AND / OR TOW DUE TO CRASH;Y;;OVER $1,500;UNABLE TO DETERMINE;UNABLE TO DETERMINE;6900;S;WESTERN AVE;832;;;;;;;2;REPORTED, NOT EVIDENT;1;0;0;0;1;2;0;6;2;6;41.7682384769;-87.6834869571;{'type': 'Point', 'coordinates': [-87.68348695709, 41.76823847692]};ON SCENE;2025-06-16T06:41:00.000
ee4a1219ba51d36478f655cb4c059869fab36110bef65fad38301b5250af2a9f3275ec6556933c307a4a7d00fa521c094122cb33206778e9caccb3e4ae7c04fe;2025-06-16 06:36:00;30;NO CONTROLS;NO CONTROLS;CLEAR;DAYLIGHT;REAR END;DIVIDED - W/MEDIAN (NOT RAISED);STRAIGHT AND LEVEL;DRY;UNKNOWN;INJURY AND / OR TOW DUE TO CRASH;;;OVER $1,500;NOT APPLICABLE;NOT APPLICABLE;4272;N;ELSTON AVE;1723;;;;;;;2;NO INDICATION OF INJURY;0;0;0;0;0;3;0;6;2;6;41.9586318871;-87.7265785593;{'type': 'Point', 'coordinates': [-87.726578559308, 41.958631887145]};ON SCENE;2025-06-16T06:53:00.000
bc2d583320ffa34638304da7e718c02c09d1d6caca35b4488a318cd75509a76cff3c124f60730423f6acb6c6cefedd9dd2f660d6d60d4b9c2f480d9a3986d7dd;2025-06-16 06:32:00;30;TRAFFIC SIGNAL;FUNCTIONING PROPERLY;CLEAR;DAYLIGHT;REAR END;DIVIDED - W/MEDIAN (NOT RAISED);STRAIGHT AND LEVEL;DRY;NO DEFECTS;INJURY AND / OR TOW DUE TO CRASH;Y;;OVER $1,500;UNABLE TO DETERMINE;NOT APPLICABLE;8320;W;IRVING PARK RD;1614;;;;;;;3;REPORTED, NOT EVIDENT;1;0;0;0;1;4;0;6;2;6;41.9521894731;-87.835167462;{'type': 'Point', 'coordinates': [-87.835167462015, 41.952189473065]};ON SCENE;2025-06-16T06:50:00.000
39f65a7238ed0cd5e5ef056edee8d61045e88b3f58396b076aa60a51180df92926c3edaca9f8b350c894e29ade772881305f580f892a2319f10ef4302ff0fcc4;2025-06-16 06:20:00;30;STOP SIGN/FLASHER;FUNCTIONING PROPERLY;CLEAR;DAYLIGHT;TURNING;NOT DIVIDED;STRAIGHT AND LEVEL;DRY;NO DEFECTS;NO INJURY / DRIVE AWAY;Y;;OVER $1,500;IMPROPER TURNING/NO SIGNAL;UNABLE TO DETERMINE;5368;N;CICERO AVE;1621;;;;;;;2;NO INDICATION OF INJURY;0;0;0;0;0;2;0;6;2;6;41.979975281;-87.7482900151;{'type': 'Point', 'coordinates': [-87.748290015058, 41.979975280976]};NOT ON SCENE (DESK REPORT);2025-06-16T15:15:00.000
afa685c80aae9d7899e60e15f7007abd8d396f87b48c35fb5effe324acabddffc55218d525155a66443278db4ea4777ab47612674218eba2012b3861205c0344;2025-06-16 06:03:00;30;NO CONTROLS;NO CONTROLS;CLEAR;DAYLIGHT;FIXED OBJECT;NOT DIVIDED;STRAIGHT AND LEVEL;DRY;NO DEFECTS;NO INJURY / DRIVE AWAY;;;OVER $1,500;DISTRACTION - FROM INSIDE VEHICLE;TEXTING;698;E;79TH ST;624;;;;;;;1;NO INDICATION OF INJURY;0;0;0;0;0;1;0;6;2;6;41.7513522098;-87.6077216207;{'type': 'Point', 'coordinates': [-87.607721620708, 41.751352209789]};ON SCENE;2025-06-16T06:05:00.000
6e8d0cb717fb0058982796f6b49cba70a1d550661dffd57fb395d8a1a402bf0ef024e5547ab377fe07cfb667877600b791a97347d3ac447bb69c684d22e82455;2025-06-16 06:00:00;30;UNKNOWN;UNKNOWN;UNKNOWN;UNKNOWN;PARKED MOTOR VEHICLE;ONE-WAY;STRAIGHT AND LEVEL;UNKNOWN;UNKNOWN;NO INJURY / DRIVE AWAY;;Y;$501 - $1,500;UNABLE TO DETERMINE;NOT APPLICABLE;2714;W;65TH ST;825;;;;;;;2;NO INDICATION OF INJURY;0;0;0;0;0;1;0;6;2;6;41.7755604423;-87.6915640385;{'type': 'Point', 'coordinates': [-87.691564038523, 41.775560442267]};NOT ON SCENE (DESK REPORT);2025-06-16T06:40:00.000
8a06d304a19f28ebe242d9a5e3665a1ab61d3321a81a10f03f126b27b0a49054f1b754147a6aea86f521bf3e277132642d8e2ad593ca8ee9cc9b896d539127bb;2025-06-16 05:56:00;30;STOP SIGN/FLASHER;FUNCTIONING PROPERLY;CLEAR;DAYLIGHT;TURNING;T-INTERSECTION;STRAIGHT AND LEVEL;UNKNOWN;UNKNOWN;NO INJURY / DRIVE AWAY;Y;;OVER $1,500;FAILING TO YIELD RIGHT-OF-WAY;UNABLE TO DETERMINE;3004;N;CENTRAL PARK AVE;2523;;;;;;;2;NO INDICATION OF INJURY;0;0;0;0;0;5;0;5;2;6;41.9355326542;-87.7174368622;{'type': 'Point', 'coordinates': [-87.717436862232, 41.935532654229]};ON SCENE;2025-06-16T06:02:00.000
9310b631843a6c5af5b599eb5463f3823fcbfcd9d8d9411fc4b77361b73d44e4fcca4fdabb2f046b13973a06830a76fa707a050d45f6d23c149cb2322f24a3c8;2025-06-16 05:45:00;30;TRAFFIC SIGNAL;FUNCTIONING PROPERLY;CLEAR;DAWN;TURNING;FOUR WAY;STRAIGHT AND LEVEL;DRY;NO DEFECTS;NO INJURY / DRIVE AWAY;Y;Y;$501 - $1,500;UNABLE TO DETERMINE;UNABLE TO DETERMINE;4801;W;ARMITAGE AVE;2533;;;;;;;2;NO INDICATION OF INJURY;0;0;0;0;0;2;0;5;2;6;41.91682247;-87.7461730914;{'type': 'Point', 'coordinates': [-87.746173091407, 41.916822470032]};ON SCENE;2025-06-16T05:51:00.000
97f45873bd21360805a65d46662ec1557b785c655f561239d81ce5bfe88686f7ded746cf766d0254bedb49bc72ab12927c884e78c5e404027fd2f416663439c0;2025-06-16 05:03:00;25;NO CONTROLS;NO CONTROLS;CLEAR;DAYLIGHT;ANGLE;ONE-WAY;STRAIGHT AND LEVEL;DRY;UNKNOWN;INJURY AND / OR TOW DUE TO CRASH;Y;;OVER $1,500;FAILING TO YIELD RIGHT-OF-WAY;UNABLE TO DETERMINE;2620;W;ROSEMONT AVE;2413;;;;;;;2;NONINCAPACITATING INJURY;1;0;0;1;0;1;0;5;2;6;41.9959342686;-87.6956803182;{'type': 'Point', 'coordinates': [-87.695680318172, 41.995934268646]};ON SCENE;2025-06-16T05:03:00.000
0e84a8b72b5f4f12714a6a349077518a19e2098ff5b1ed369f1caa2571cac5299c6ca1c54c8e5606338f19d378894522449716a32fbe6654d367293a0dc68900;2025-06-16 05:01:00;30;POLICE/FLAGMAN;FUNCTIONING PROPERLY;CLEAR;DAWN;SIDESWIPE OPPOSITE DIRECTION;ONE-WAY;STRAIGHT AND LEVEL;DRY;NO DEFECTS;NO INJURY / DRIVE AWAY;;Y;OVER $1,500;IMPROPER OVERTAKING/PASSING;NOT APPLICABLE;624;N;SAWYER AVE;1121;;;;;;;2;NO INDICATION OF INJURY;0;0;0;0;0;3;0;5;2;6;41.8926777358;-87.7078372161;{'type': 'Point', 'coordinates': [-87.70783721612, 41.892677735796]};NOT ON SCENE (DESK REPORT);2025-06-16T05:01:00.000
a595c8a138d638c0cc3dbbb7346db9515f3cfcbbf919dafabe0975c8fe9323d13938fd1c544cc4901e1678f907cdd0beffb4ed68c4de917c0b1aab300ecceb06;2025-06-16 05:00:00;25;TRAFFIC SIGNAL;FUNCTIONING PROPERLY;CLEAR;DARKNESS, LIGHTED ROAD;SIDESWIPE SAME DIRECTION;NOT DIVIDED;STRAIGHT AND LEVEL;DRY;NO DEFECTS;NO INJURY / DRIVE AWAY;;Y;OVER $1,500;FAILING TO YIELD RIGHT-OF-WAY;NOT APPLICABLE;558;N;CENTRAL AVE;1512;;;;;;;2;NO INDICATION OF INJURY;0;0;0;0;0;2;0;5;2;6;41.8910040274;-87.7653930639;{'type': 'Point', 'coordinates': [-87.765393063863, 41.891004027389]};NOT ON SCENE (DESK REPORT);2025-06-16T05:00:00.000
b956e1a80cb7609188c5971f5fb66cb0bcf9dc1a458eb0db573013c8a13207fdcc66973dcb2847d8a9b290c6d296b84fea8655c885e8552e3ab96ea52d8dd05d;2025-06-16 04:59:00;30;UNKNOWN;UNKNOWN;CLEAR;DAWN;FIXED OBJECT;UNKNOWN;STRAIGHT AND LEVEL;DRY;UNKNOWN;INJURY AND / OR TOW DUE TO CRASH;;;OVER $1,500;UNDER THE INFLUENCE OF ALCOHOL/DRUGS (USE WHEN ARREST IS EFFECTED);NOT APPLICABLE;28;N;CENTRAL AVE;1513;Y;Y;;;;;1;NONINCAPACITATING INJURY;1;0;0;1;0;0;0;4;2;6;41.8810972421;-87.7650331196;{'type': 'Point', 'coordinates': [-87.765033119633, 41.881097242139]};ON SCENE;2025-06-16T04:59:00.000
604882419e793ca4f53801115918800bcf8e6e05ef5549944686aae721a0bc4c7a1d89f3ca0db7403f6287c4049946f0851efbef5c5320d027231e966a67b96f;2025-06-16 04:45:00;30;NO CONTROLS;NO CONTROLS;CLEAR;DAWN;PARKED MOTOR VEHICLE;FOUR WAY;STRAIGHT AND LEVEL;DRY;NO DEFECTS;INJURY AND / OR TOW DUE TO CRASH;;;OVER $1,500;FAILING TO REDUCE SPEED TO AVOID CRASH;FAILING TO REDUCE SPEED TO AVOID CRASH;700;W;90TH ST;2223;;;;;;;2;NO INDICATION OF INJURY;0;0;0;0;0;1;0;4;2;6;41.7309139944;-87.6410998953;{'type': 'Point', 'coordinates': [-87.641099895344, 41.730913994412]};ON SCENE;2025-06-16T04:45:00.000
fcfdac7df38be0017cf3e13b81756b64136fe1653c36322040cfd9ee8427e5e71b9cba702abba8f5fb33cda3c2d46a02066fac2c088902b37669aa3529cd9307;2025-06-16 04:30:00;30;NO CONTROLS;NO CONTROLS;CLEAR;DUSK;PARKED MOTOR VEHICLE;ONE-WAY;STRAIGHT AND LEVEL;UNKNOWN;UNKNOWN;NO INJURY / DRIVE AWAY;;;OVER $1,500;DRIVING SKILLS/KNOWLEDGE/EXPERIENCE;NOT APPLICABLE;6124;S;TRIPP AVE;813;;;;;;;2;NO INDICATION OF INJURY;0;0;0;0;0;1;0;4;2;6;41.7814560213;-87.729091741;{'type': 'Point', 'coordinates': [-87.729091740969, 41.781456021282]};NOT ON SCENE (DESK REPORT);2025-06-16T18:18:00.000
1541084a3740f6b1cdc8ea40fef7a384f859762c670d55193d32ae92281b03ef6fa097937637768f9065cd1c1957b9a5a624df7f18beac92d395bf9afd19c640;2025-06-16 04:22:00;30;TRAFFIC SIGNAL;FUNCTIONING PROPERLY;CLEAR;DAYLIGHT;TURNING;FOUR WAY;STRAIGHT AND LEVEL;DRY;NO DEFECTS;INJURY AND / OR TOW DUE TO CRASH;Y;;OVER $1,500;DISREGARDING TRAFFIC SIGNALS;DISREGARDING OTHER TRAFFIC SIGNS;3142;W;NORTH AVE;1421;;;;;;;2;REPORTED, NOT EVIDENT;1;0;0;0;1;1;0;4;2;6;41.9102296082;-87.7062300461;{'type': 'Point', 'coordinates': [-87.706230046121, 41.910229608231]};NOT ON SCENE (DESK REPORT);2025-06-16T18:30:00.000
c4cbfa96d8c2420d876c72a926f41c5cffb1f4674dfd7c6ce2ecb17e9203998c7b58e1378c25264352962b81959aab9d342807af356017c0fb598ff641185b7e;2025-06-16 04:22:00;30;TRAFFIC SIGNAL;FUNCTIONING PROPERLY;CLEAR;DARKNESS, LIGHTED ROAD;FIXED OBJECT;DIVIDED - W/MEDIAN BARRIER;STRAIGHT AND LEVEL;DRY;NO DEFECTS;INJURY AND / OR TOW DUE TO CRASH;;;OVER $1,500;FAILING TO REDUCE SPEED TO AVOID CRASH;NOT APPLICABLE;1200;S;COLUMBUS DR;132;;;;;;;1;NO INDICATION OF INJURY;0;0;0;0;0;1;0;4;2;6;41.8673879139;-87.6204910341;{'type': 'Point', 'coordinates': [-87.620491034097, 41.867387913926]};ON SCENE;2025-06-16T04:26:00.000