crash_record_id;crash_date;posted_speed_limit;traffic_control_device;device_condition;weather_condition;lighting_condition;first_crash_type;trafficway_type;alignment;roadway_surface_cond;road_defect;crash_type;intersection_related_i;hit_and_run_i;damage;prim_contributory_cause;sec_contributory_cause;street_no;street_direction;street_name;beat_of_occurrence;photos_taken_i;statements_taken_i;dooring_i;work_zone_i;work_zone_type;workers_present_i;num_units;most_severe_injury;injuries_total;injuries_fatal;injuries_incapacitating;injuries_non_incapacitating;injuries_reported_not_evident;injuries_no_indication;injuries_unknown;crash_hour;crash_day_of_week;crash_month;latitude;longitude;location;report_type;date_police_notified
0f492185e668aec4641d7d448cff58a39b4e1c56e5dcb952226ddab13287f83acdaf7822ac474164b550df0f3aea571431fa265b17ba9ef3c9850a7eb9809090;2025-06-16 03:39:00;30;TRAFFIC SIGNAL;FUNCTIONING PROPERLY;CLEAR;DARKNESS, LIGHTED ROAD;REAR END;FOUR WAY;STRAIGHT AND LEVEL;DRY;NO DEFECTS;INJURY AND / OR TOW DUE TO CRASH;;;OVER $1,500;FAILING TO REDUCE SPEED TO AVOID CRASH;NOT APPLICABLE;6900;S;LAFAYETTE AVE;731;;;;;;;2;NONINCAPACITATING INJURY;2;0;0;1;1;0;0;3;2;6;41.7691553353;-87.6268126763;{'type': 'Point', 'coordinates': [-87.626812676272, 41.769155335336]};ON SCENE;2025-06-16T03:39:00.000
187c12e70689de54adbf5b25aa20cdaa30dc9287313b83cd1d6b77361e0715f9634a7240cbe29335107c014bf5cafea09271a87253714d3015ea597fdab1f5ba;2025-06-16 03:34:00;30;TRAFFIC SIGNAL;FUNCTIONING PROPERLY;CLEAR;DARKNESS, LIGHTED ROAD;REAR END;FOUR WAY;STRAIGHT AND LEVEL;DRY;NO DEFECTS;NO INJURY / DRIVE AWAY;;;$501 - $1,500;DRIVING SKILLS/KNOWLEDGE/EXPERIENCE;FOLLOWING TOO CLOSELY;1900;S;ASHLAND AVE;1234;;;;;;;2;NO INDICATION OF INJURY;0;0;0;0;0;3;0;3;2;6;41.8559248428;-87.6662398305;{'type': 'Point', 'coordinates': [-87.666239830496, 41.855924842836]};ON SCENE;2025-06-16T03:35:00.000
0290771561f20a804ef03ff1a07243992bfd95527276dc4cacdae5253f96eef995793bcf07182e5b59e5e4c61f997078354585b55188ce3a026df9b05adca43c;2025-06-16 03:30:00;30;NO CONTROLS;NO CONTROLS;UNKNOWN;DARKNESS, LIGHTED ROAD;PARKED MOTOR VEHICLE;UNKNOWN INTERSECTION TYPE;STRAIGHT AND LEVEL;UNKNOWN;UNKNOWN;NO INJURY / DRIVE AWAY;;;OVER $1,500;UNABLE TO DETERMINE;NOT APPLICABLE;7641;S;MORGAN ST;621;;Y;;;;;2;NO INDICATION OF INJURY;0;0;0;0;0;1;0;3;2;6;41.7548116075;-87.6488563718;{'type': 'Point', 'coordinates': [-87.648856371766, 41.754811607537]};NOT ON SCENE (DESK REPORT);2025-06-16T18:00:00.000
983579c7d7b515d99be66c31b0d93a2c99d684cab5fa8b46ae970c5c827f103d041158f65acb1651d6f7b5e8a96245167a611839074e53e4451115034f2deb7b;2025-06-16 03:20:00;30;UNKNOWN;UNKNOWN;CLEAR;DARKNESS, LIGHTED ROAD;OTHER NONCOLLISION;UNKNOWN;STRAIGHT AND LEVEL;UNKNOWN;UNKNOWN;INJURY AND / OR TOW DUE TO CRASH;;;OVER $1,500;UNABLE TO DETERMINE;UNABLE TO DETERMINE;26;E;79TH ST;623;;;;;;;1;NO INDICATION OF INJURY;0;0;0;0;0;1;0;3;2;6;41.7510826566;-87.623482685;{'type': 'Point', 'coordinates': [-87.623482684954, 41.751082656635]};ON SCENE;2025-06-16T03:20:00.000
47bc3117768dbf4229a3b4c3bbdcbd7803c8bfbef72328da285b5c73fb07feb312c8a22e161ecd7d6b3891c896d7d4ff93fda530a6c2324d1ee983baa112fad4;2025-06-16 03:08:00;15;NO CONTROLS;NO CONTROLS;CLEAR;DARKNESS, LIGHTED ROAD;FIXED OBJECT;NOT DIVIDED;STRAIGHT AND LEVEL;DRY;NO DEFECTS;NO INJURY / DRIVE AWAY;;;$500 OR LESS;UNABLE TO DETERMINE;NOT APPLICABLE;7214;S;OAKLEY AVE;832;;;;;;;1;NO INDICATION OF INJURY;0;0;0;0;0;2;0;3;2;6;41.762419546;-87.6807760727;{'type': 'Point', 'coordinates': [-87.680776072658, 41.762419545966]};ON SCENE;2025-06-16T03:08:00.000
bf6d94bc1b22300d4b340d537aaa8e137bd04b72b55222fb74706f928a1ca85a2b74c7e332787dcdb8f3195423acd13c181073c97647b96df5e2c7291817ba33;2025-06-16 03:00:00;30;TRAFFIC SIGNAL;FUNCTIONING PROPERLY;CLEAR;DARKNESS, LIGHTED ROAD;REAR END;NOT DIVIDED;STRAIGHT AND LEVEL;DRY;NO DEFECTS;NO INJURY / DRIVE AWAY;;Y;OVER $1,500;FOLLOWING TOO CLOSELY;DRIVING SKILLS/KNOWLEDGE/EXPERIENCE;4815;W;DIVISION ST;1531;;;;;;;2;NO INDICATION OF INJURY;0;0;0;0;0;2;0;3;2;6;41.9022351236;-87.7466288432;{'type': 'Point', 'coordinates': [-87.746628843184, 41.902235123616]};NOT ON SCENE (DESK REPORT);2025-06-16T03:40:00.000
07b8157ddcb766c5509bf50906e1afce93c846171043e7d2941d5a147782b4164506fa6d233c4af3ce8d67489789d2ce8f789c2efdc7ed524490554c10e59ba9;2025-06-16 02:59:00;30;NO CONTROLS;NO CONTROLS;CLEAR;DARKNESS, LIGHTED ROAD;REAR END;ONE-WAY;STRAIGHT AND LEVEL;DRY;NO DEFECTS;INJURY AND / OR TOW DUE TO CRASH;;Y;OVER $1,500;UNABLE TO DETERMINE;NOT APPLICABLE;4650;S;WELLS ST;925;;;;;;;2;NO INDICATION OF INJURY;0;0;0;0;0;2;0;2;2;6;;;;ON SCENE;2025-06-16T02:59:00.000
8f46677b3cce4efa5830bc35a938ae667604bb27cc3326c174e88519613260d6f353064f895043325ddd190180c3ba7bb4284e2922a4b842d0a9ee0c4a470ce2;2025-06-16 02:46:00;30;TRAFFIC SIGNAL;FUNCTIONING PROPERLY;CLEAR;DARKNESS, LIGHTED ROAD;TURNING;FOUR WAY;STRAIGHT AND LEVEL;DRY;OTHER;INJURY AND / OR TOW DUE TO CRASH;Y;;OVER $1,500;FAILING TO YIELD RIGHT-OF-WAY;FAILING TO REDUCE SPEED TO AVOID CRASH;3602;W;ADDISON ST;1732;;;;Y;CONSTRUCTION;;2;NO INDICATION OF INJURY;0;0;0;0;0;2;0;2;2;6;41.9466111842;-87.7177780363;{'type': 'Point', 'coordinates': [-87.717778036341, 41.946611184156]};ON SCENE;2025-06-16T02:53:00.000
0cce2907c0103c6e716b1199db75646ca04930b3685d8b5f99e944cbc0fe8b2b5604939cc496beeacbe16ec54a77f3cefed17af775609735dee66f0a0942eae9;2025-06-16 02:02:00;30;NO CONTROLS;NO CONTROLS;CLEAR;DARKNESS, LIGHTED ROAD;PARKED MOTOR VEHICLE;ONE-WAY;STRAIGHT AND LEVEL;DRY;NO DEFECTS;INJURY AND / OR TOW DUE TO CRASH;;;OVER $1,500;UNABLE TO DETERMINE;NOT APPLICABLE;5927;S;FRANCISCO AVE;824;;;;;;;4;NO INDICATION OF INJURY;0;0;0;0;0;1;0;2;2;6;41.7855429772;-87.6958626292;{'type': 'Point', 'coordinates': [-87.695862629187, 41.785542977181]};ON SCENE;2025-06-16T02:23:00.000
630c347fab3fab1e4ade0c259770116a45ae9a780740200a705128811ff468ab77ee0c30aa5791a5ebd30cd1b4266dd72860d6ff92edfbd4e8731c10c9b6051c;2025-06-16 02:02:00;30;NO CONTROLS;NO CONTROLS;CLEAR;DARKNESS;PARKED MOTOR VEHICLE;ONE-WAY;STRAIGHT AND LEVEL;DRY;NO DEFECTS;INJURY AND / OR TOW DUE TO CRASH;;Y;OVER $1,500;FAILING TO REDUCE SPEED TO AVOID CRASH;PHYSICAL CONDITION OF DRIVER;2832;W;60TH ST;824;;Y;;;;;2;NO INDICATION OF INJURY;0;0;0;0;0;1;0;2;2;6;41.7846729084;-87.6948265615;{'type': 'Point', 'coordinates': [-87.694826561538, 41.784672908369]};ON SCENE;2025-06-16T11:00:00.000
5c7688951266ba530f06609a9624b4fb5b1cef85fb6e854be7c7cc9aa948f28e3419db76577c7464f56897a73a5a4a94820bdc6b0277a5981b1ba5062a8388fb;2025-06-16 01:31:00;30;TRAFFIC SIGNAL;FUNCTIONING PROPERLY;CLEAR;DARKNESS, LIGHTED ROAD;ANGLE;FOUR WAY;STRAIGHT AND LEVEL;DRY;NO DEFECTS;INJURY AND / OR TOW DUE TO CRASH;Y;;OVER $1,500;DISREGARDING TRAFFIC SIGNALS;NOT APPLICABLE;1600;W;59TH ST;715;Y;Y;;;;;2;INCAPACITATING INJURY;1;0;1;0;0;1;0;1;2;6;41.7868560112;-87.6644291209;{'type': 'Point', 'coordinates': [-87.664429120895, 41.786856011187]};ON SCENE;2025-06-16T01:31:00.000
701ec11cbb19ed3b71bbae08456c5e9a7704454ea51140660220b1472d52e9985f45042839f00029ce0ab5a7c62cdc4b1a9c093763734467ad66721ae08bbbd1;2025-06-16 01:30:00;30;STOP SIGN/FLASHER;FUNCTIONING PROPERLY;CLEAR;DARKNESS, LIGHTED ROAD;REAR END;NOT DIVIDED;STRAIGHT AND LEVEL;DRY;NO DEFECTS;NO INJURY / DRIVE AWAY;;Y;OVER $1,500;FAILING TO YIELD RIGHT-OF-WAY;NOT APPLICABLE;6131;W;SCHUBERT AVE;2512;;;;;;;2;NO INDICATION OF INJURY;0;0;0;0;0;2;0;1;2;6;41.9291472901;-87.7796068397;{'type': 'Point', 'coordinates': [-87.779606839743, 41.929147290112]};NOT ON SCENE (DESK REPORT);2025-06-16T02:15:00.000
50fc495ce6be0dbf5ef9fe1d82fcbbf152297c5de6977265c1b0e08a529e2a2082439fcf39f24548e9e5641a7846a47f1b8c2f0aa7e269635578f5216788485b;2025-06-16 01:00:00;30;NO CONTROLS;NO CONTROLS;CLEAR;DARKNESS, LIGHTED ROAD;PARKED MOTOR VEHICLE;NOT DIVIDED;STRAIGHT AND LEVEL;UNKNOWN;UNKNOWN;NO INJURY / DRIVE AWAY;;Y;OVER $1,500;UNABLE TO DETERMINE;UNABLE TO DETERMINE;8653;W;FOSTER AVE;1614;;;;;;;2;NO INDICATION OF INJURY;0;0;0;0;0;1;0;1;2;6;41.97364471;-87.8432448844;{'type': 'Point', 'coordinates': [-87.843244884366, 41.973644709965]};NOT ON SCENE (DESK REPORT);2025-06-16T07:30:00.000
ce140dfae6f8041fa59ff6d9e6ecd1da44809c3b62ca11e5a1e2b721135e42c103fa3928eca9b1724265db68861d6478d326b97adcc211a0b211abd05236465e;2025-06-16 01:00:00;30;NO CONTROLS;NO CONTROLS;CLEAR;DARKNESS, LIGHTED ROAD;PARKED MOTOR VEHICLE;NOT DIVIDED;STRAIGHT AND LEVEL;DRY;NO DEFECTS;NO INJURY / DRIVE AWAY;;;OVER $1,500;UNABLE TO DETERMINE;NOT APPLICABLE;3647;W;FIFTH AVE;1133;;;;;;;2;NO INDICATION OF INJURY;0;0;0;0;0;2;0;1;2;6;41.8750513107;-87.7175961342;{'type': 'Point', 'coordinates': [-87.717596134214, 41.87505131066]};NOT ON SCENE (DESK REPORT);2025-06-16T17:10:00.000
ee26991155d001ef8f10fcbdd14605755a860ebc09fed842568270730b8f232e3ea6dbd28838ea43db1fdbc175a98dd62d919e16fd30e90dd9d34b53f3321c06;2025-06-16 00:55:00;30;NO CONTROLS;NO CONTROLS;CLEAR;DARKNESS;REAR TO FRONT;OTHER;STRAIGHT AND LEVEL;DRY;NO DEFECTS;NO INJURY / DRIVE AWAY;;Y;OVER $1,500;UNABLE TO DETERMINE;UNABLE TO DETERMINE;3645;W;FIFTH AVE;1133;;;;;;;2;NO INDICATION OF INJURY;0;0;0;0;0;3;0;0;2;6;41.8750688573;-87.7175319057;{'type': 'Point', 'coordinates': [-87.717531905741, 41.875068857297]};NOT ON SCENE (DESK REPORT);2025-06-16T01:11:00.000
398fd6ec6b437a343fb4f675fb2a8db567a9e2a6b8eacfeeb058f8e20af3eec51241fb2c814870b177f8fc44f6d4a574f01342a9d59d26799ad322279b996e62;2025-06-16 00:39:00;30;NO CONTROLS;NO CONTROLS;CLEAR;DARKNESS, LIGHTED ROAD;PARKED MOTOR VEHICLE;NOT DIVIDED;STRAIGHT AND LEVEL;DRY;NO DEFECTS;INJURY AND / OR TOW DUE TO CRASH;N;;OVER $1,500;UNABLE TO DETERMINE;UNABLE TO DETERMINE;5800;S;COTTAGE GROVE AVE;233;;;;;;;2;NONINCAPACITATING INJURY;1;0;0;1;0;0;0;0;2;6;41.7894207178;-87.6062625882;{'type': 'Point', 'coordinates': [-87.606262588229, 41.789420717811]};ON SCENE;2025-06-16T00:40:00.000
b6a902e9a4a542e70e8d46e82cb0d4c3bce44c093e0aa4b7cb8d5e1d92ef843bf7d8f82266f66d7798fbf48ff5ba4515b51f2e154e81001425f1c9b67d60a7d2;2025-06-16 00:35:00;10;NO CONTROLS;NO CONTROLS;CLEAR;DARKNESS, LIGHTED ROAD;REAR END;OTHER;STRAIGHT AND LEVEL;DRY;UNKNOWN;INJURY AND / OR TOW DUE TO CRASH;;Y;OVER $1,500;UNABLE TO DETERMINE;NOT APPLICABLE;1356;W;47TH ST;924;;;;;;;2;NONINCAPACITATING INJURY;1;0;0;1;0;1;0;0;2;6;41.8087802473;-87.6599568571;{'type': 'Point', 'coordinates': [-87.659956857111, 41.808780247268]};NOT ON SCENE (DESK REPORT);2025-06-16T01:15:00.000
cb968f8aad8ea0b99e113d1e73bd44b09e71a63b4c1e60552351a32a3b3712eb6e1e6dde8fd14e4e05a2b650059dad05cda7295b0b14ce875f29a08929e63c3c;2025-06-16 00:00:00;30;NO CONTROLS;NO CONTROLS;CLEAR;DARKNESS, LIGHTED ROAD;FIXED OBJECT;ONE-WAY;STRAIGHT AND LEVEL;DRY;WORN SURFACE;INJURY AND / OR TOW DUE TO CRASH;;Y;OVER $1,500;UNABLE TO DETERMINE;UNABLE TO DETERMINE;3520;S;WENTWORTH AVE;915;;;;;;;1;NO INDICATION OF INJURY;0;0;0;0;0;1;0;0;2;6;41.8302424504;-87.63163855;{'type': 'Point', 'coordinates': [-87.631638549951, 41.830242450385]};ON SCENE;2025-06-16T00:04:00.000
79b88b5c9f6d6fb5cc9516c49b3738e0a8eb0d23f28a5c0b36e626003dd4c7af8b9957e56a92c824f02069756db61715d56086e8ea77c11f4cbfee175ef98737;2025-06-15 23:51:00;30;NO CONTROLS;NO CONTROLS;CLEAR;DARKNESS, LIGHTED ROAD;PARKED MOTOR VEHICLE;PARKING LOT;STRAIGHT AND LEVEL;DRY;NO DEFECTS;NO INJURY / DRIVE AWAY;;;$500 OR LESS;IMPROPER BACKING;NOT APPLICABLE;3940;W;WASHINGTON BLVD;1122;;;;;;;2;NO INDICATION OF INJURY;0;0;0;0;0;1;0;23;1;6;41.8819609333;-87.7248580001;{'type': 'Point', 'coordinates': [-87.724858000134, 41.881960933344]};ON SCENE;2025-06-15T23:51:00.000
3e0ffc6b34eed264b0a82b008217e78b31b7606dc0eaf983dba46a619611ddccc895caa720ebb6a011683a1072d523eb6b3b8e853ef662040c13d794261fd547;2025-06-15 23:50:00;30;TRAFFIC SIGNAL;FUNCTIONING PROPERLY;CLEAR;DARKNESS;REAR END;NOT DIVIDED;STRAIGHT AND LEVEL;UNKNOWN;UNKNOWN;NO INJURY / DRIVE AWAY;;;OVER $1,500;UNABLE TO DETERMINE;NOT APPLICABLE;1434;W;NORTH AVE;1433;;;;;;;2;NO INDICATION OF INJURY;0;0;0;0;0;2;0;23;1;6;41.9107873932;-87.6642612527;{'type': 'Point', 'coordinates': [-87.664261252719, 41.910787393223]};NOT ON SCENE (DESK REPORT);2025-06-16T15:44:00.000
1c54be1c499eae294a9ac2b39bd9d0270680f57bd6c5a67be5839feccc5380d09b92c6bc136eac83ccb3d6c5b3debe95cad61e28794e7902f1fc24edf66a5947;2025-06-15 23:34:00;25;NO CONTROLS;NO CONTROLS;CLEAR;DARKNESS, LIGHTED ROAD;REAR END;PARKING LOT;STRAIGHT AND LEVEL;DRY;NO DEFECTS;NO INJURY / DRIVE AWAY;;;OVER $1,500;UNDER THE INFLUENCE OF ALCOHOL/DRUGS (USE WHEN ARREST IS EFFECTED);UNDER THE INFLUENCE OF ALCOHOL/DRUGS (USE WHEN ARREST IS EFFECTED);2317;N;CICERO AVE;2522;;;;;;;2;NO INDICATION OF INJURY;0;0;0;0;0;2;0;23;1;6;41.9229310426;-87.7461194779;{'type': 'Point', 'coordinates': [-87.746119477943, 41.922931042554]};ON SCENE;2025-06-16T00:32:00.000
59bbc3f7a92f01dc74932f7f59fb81d55df5ef42337b36d725ec10d8a10fca2bca5aee7dcccc1698868bfc92cd2ecb703c883cdeae5e919648ece7bdae379497;2025-06-15 23:17:00;30;NO CONTROLS;NO CONTROLS;CLEAR;DARKNESS, LIGHTED ROAD;PARKED MOTOR VEHICLE;ONE-WAY;STRAIGHT AND LEVEL;DRY;NO DEFECTS;INJURY AND / OR TOW DUE TO CRASH;;;OVER $1,500;IMPROPER TURNING/NO SIGNAL;FAILING TO REDUCE SPEED TO AVOID CRASH;7901;S;AVALON AVE;411;;;;;;;4;REPORTED, NOT EVIDENT;1;0;0;0;1;0;0;23;1;6;41.7513108876;-87.594123519;{'type': 'Point', 'coordinates': [-87.594123518955, 41.751310887575]};ON SCENE;2025-06-15T23:30:00.000
091fea02edc9a80596d6316407ebc5b4fed21037878c72f5c2b639f4d6d84b12f2c603fb15931f3db52d66513581e662d85e4969a216c8aa5dab6735d74da16c;2025-06-15 23:10:00;30;TRAFFIC SIGNAL;FUNCTIONING PROPERLY;CLEAR;DARKNESS, LIGHTED ROAD;REAR END;DIVIDED - W/MEDIAN BARRIER;STRAIGHT AND LEVEL;DRY;NO DEFECTS;NO INJURY / DRIVE AWAY;Y;;OVER $1,500;FAILING TO REDUCE SPEED TO AVOID CRASH;FOLLOWING TOO CLOSELY;4759;N;WESTERN AVE;1911;;;;;;;2;NO INDICATION OF INJURY;0;0;0;0;0;2;0;23;1;6;41.9684681351;-87.6887563136;{'type': 'Point', 'coordinates': [-87.688756313644, 41.968468135052]};ON SCENE;2025-06-15T23:15:00.000
5976be22fbc01c8f42f863b2a439b938d167a557e35c936dc005bb9e0ec21659254b2a19c9a5ebec29f6d10a0e2c98277c7c389f82dd0dd46b5beaf43e11c492;2025-06-15 23:00:00;30;TRAFFIC SIGNAL;UNKNOWN;UNKNOWN;DARKNESS, LIGHTED ROAD;REAR END;FOUR WAY;STRAIGHT AND LEVEL;UNKNOWN;UNKNOWN;NO INJURY / DRIVE AWAY;;Y;OVER $1,500;DRIVING SKILLS/KNOWLEDGE/EXPERIENCE;UNABLE TO DETERMINE;1452;S;PULASKI RD;1011;;;;;;;2;NO INDICATION OF INJURY;0;0;0;0;0;2;0;23;1;6;41.8609545151;-87.7251643713;{'type': 'Point', 'coordinates': [-87.725164371267, 41.860954515128]};NOT ON SCENE (DESK REPORT);2025-06-16T00:05:00.000
d950169724cdb0ea10081fc1d07cb6600894c4aefd338f77b1cbf2045696f41d4068913b1b5e5bc0391f71cfeeff0f5082e32a48398e3a15209e6ee91e6c9d3f;2025-06-15 23:00:00;30;NO CONTROLS;NO CONTROLS;CLEAR;DARKNESS, LIGHTED ROAD;PEDESTRIAN;ONE-WAY;STRAIGHT AND LEVEL;DRY;UNKNOWN;INJURY AND / OR TOW DUE TO CRASH;;Y;$500 OR LESS;UNABLE TO DETERMINE;UNABLE TO DETERMINE;7511;S;UNION AVE;621;;;;;;;2;NONINCAPACITATING INJURY;1;0;0;1;0;1;0;23;1;6;41.7577022812;-87.6416349811;{'type': 'Point', 'coordinates': [-87.641634981091, 41.757702281168]};ON SCENE;2025-06-16T03:34:00.000
413a2c6ca0134ef13be6e7625026b91124714bcb3416dfab70625893592d4bc1e13e5f587996d5bcd923564ef60ec8d972eaa69d3874901f85dc4c14c107ef7f;2025-06-15 22:55:00;35;NO CONTROLS;NO CONTROLS;CLEAR;DARKNESS, LIGHTED ROAD;TURNING;NOT DIVIDED;STRAIGHT AND LEVEL;DRY;NO DEFECTS;NO INJURY / DRIVE AWAY;;;OVER $1,500;IMPROPER TURNING/NO SIGNAL;FAILING TO REDUCE SPEED TO AVOID CRASH;4006;N;PULASKI RD;1722;;;;;;;2;NO INDICATION OF INJURY;0;0;0;0;0;2;0;22;1;6;41.9539073165;-87.7277711332;{'type': 'Point', 'coordinates': [-87.727771133203, 41.95390731653]};NOT ON SCENE (DESK REPORT);2025-06-15T23:20:00.000
4349fd3901aeb8843732903e86fbafb86766e5f969d671ab4b914d1a494fd6fe0f9a28229efb06fa7d2032c2de63c5853465517f981bc4a49de0090c7e81cd4b;2025-06-15 22:55:00;30;UNKNOWN;UNKNOWN;CLEAR;DUSK;ANGLE;NOT DIVIDED;STRAIGHT AND LEVEL;DRY;UNKNOWN;NO INJURY / DRIVE AWAY;Y;;$501 - $1,500;UNABLE TO DETERMINE;NOT APPLICABLE;1300;W;WASHINGTON BLVD;1224;;;;;;;2;NO INDICATION OF INJURY;0;0;0;0;0;2;0;22;1;6;41.8830459194;-87.6597438459;{'type': 'Point', 'coordinates': [-87.659743845872, 41.883045919386]};NOT ON SCENE (DESK REPORT);2025-06-15T23:45:00.000
9e4187716f32f1d1ac652db8e8354eed8e58c245b44798a173f8c71d8d7897667d936d8cee0053499a50dadd9ef07f8e3a6f153d346a0683a32da01a3a786952;2025-06-15 22:50:00;35;NO CONTROLS;NO CONTROLS;CLEAR;DARKNESS, LIGHTED ROAD;TURNING;DIVIDED - W/MEDIAN BARRIER;STRAIGHT AND LEVEL;DRY;NO DEFECTS;INJURY AND / OR TOW DUE TO CRASH;;Y;OVER $1,500;IMPROPER OVERTAKING/PASSING;FOLLOWING TOO CLOSELY;2519;W;NORTH AVE;1423;;;;;;;2;NO INDICATION OF INJURY;0;0;0;0;0;3;0;22;1;6;41.9101764933;-87.6904399323;{'type': 'Point', 'coordinates': [-87.690439932286, 41.910176493282]};ON SCENE;2025-06-15T22:50:00.000
5bf856d5081df422c7a9f9b530a107e14d48334769aa606e7430f2dbfa678fd999474a32e80a528aeeee634048508cb6956204a94c881a99a7b987cc68e040d4;2025-06-15 22:47:00;30;NO CONTROLS;NO CONTROLS;UNKNOWN;DARKNESS, LIGHTED ROAD;PARKED MOTOR VEHICLE;ONE-WAY;STRAIGHT AND LEVEL;DRY;UNKNOWN;NO INJURY / DRIVE AWAY;N;Y;OVER $1,500;UNABLE TO DETERMINE;NOT APPLICABLE;1250;S;ALBANY AVE;1022;;;;;;;2;NO INDICATION OF INJURY;0;0;0;0;0;4;0;22;1;6;41.8649162865;-87.7032626899;{'type': 'Point', 'coordinates': [-87.703262689922, 41.864916286549]};NOT ON SCENE (DESK REPORT);2025-06-15T23:00:00.000
2568cc5c90c19435fb884b1c72a4c534215de347d60e23a635ff4d8985c697a7ed2fd01c24e08894c773c98a2e2cf053213b39a1e6ab4a1edcdcf544a3eff573;2025-06-15 22:45:00;10;NO CONTROLS;NO CONTROLS;CLEAR;DARKNESS, LIGHTED ROAD;PARKED MOTOR VEHICLE;PARKING LOT;STRAIGHT AND LEVEL;DRY;NO DEFECTS;NO INJURY / DRIVE AWAY;;;OVER $1,500;UNABLE TO DETERMINE;NOT APPLICABLE;9900;S;VINCENNES AVE;2213;;;;;;;2;NO INDICATION OF INJURY;0;0;0;0;0;2;0;22;1;6;41.7139794991;-87.6535123131;{'type': 'Point', 'coordinates': [-87.653512313106, 41.713979499108]};NOT ON SCENE (DESK REPORT);2025-06-16T14:40:00.000
beb9731e6ddd2ca344523bef1fd57786128b7cced53406a5c00dc90cec3d12eaba1d823df274ab6d6cbbd8047c559a5a6098e7d57dc12991affaf76ba993b3b3;2025-06-15 22:45:00;30;NO CONTROLS;NO CONTROLS;CLEAR;DARKNESS, LIGHTED ROAD;PARKED MOTOR VEHICLE;NOT DIVIDED;STRAIGHT AND LEVEL;DRY;NO DEFECTS;NO INJURY / DRIVE AWAY;;Y;OVER $1,500;IMPROPER BACKING;NOT APPLICABLE;3245;S;PRAIRIE AVE;211;;;;;;;2;NO INDICATION OF INJURY;0;0;0;0;0;2;0;22;1;6;41.8352133473;-87.6204857618;{'type': 'Point', 'coordinates': [-87.620485761785, 41.835213347331]};NOT ON SCENE (DESK REPORT);2025-06-16T14:20:00.000
12fb44831f37b6ad82a82296ef9058a4fba0401f4fd6b31c8b9842b9c00a2c99eb55e3ebb7caeb2cc33cc571c675bf269adf72e07e8030c50c4a1908419e844b;2025-06-15 22:39:00;30;TRAFFIC SIGNAL;FUNCTIONING PROPERLY;CLEAR;DARKNESS, LIGHTED ROAD;FIXED OBJECT;NOT DIVIDED;STRAIGHT AND LEVEL;DRY;NO DEFECTS;NO INJURY / DRIVE AWAY;Y;;OVER $1,500;FAILING TO REDUCE SPEED TO AVOID CRASH;IMPROPER LANE USAGE;1600;N;WESTERN AVE;1434;;;;;;;2;NO INDICATION OF INJURY;0;0;0;0;0;3;0;22;1;6;41.9104090236;-87.6873702684;{'type': 'Point', 'coordinates': [-87.687370268401, 41.910409023629]};ON SCENE;2025-06-15T23:12:00.000
0fc16fa532ed0e682ac32b627da097c9c7ff3678ee526290c61356eb7ec261622f693fb40fd79c9d716361b1ecdfe20c91d4693ab87e172a7f0e3643cd2c6a77;2025-06-15 22:30:00;30;NO CONTROLS;NO CONTROLS;CLEAR;DARKNESS, LIGHTED ROAD;PARKED MOTOR VEHICLE;DIVIDED - W/MEDIAN BARRIER;STRAIGHT AND LEVEL;DRY;NO DEFECTS;NO INJURY / DRIVE AWAY;;;$500 OR LESS;FAILING TO REDUCE SPEED TO AVOID CRASH;NOT APPLICABLE;320;N;MICHIGAN AVE;111;;;;;;;2;NO INDICATION OF INJURY;0;0;0;0;0;2;0;22;1;6;41.8872907063;-87.6246952832;{'type': 'Point', 'coordinates': [-87.624695283197, 41.88729070631]};ON SCENE;2025-06-15T22:54:00.000
fb1da3cb498f74590f77bd5834ea5d8a94c813534a58774fd4b0403c4922cca9d8f7aea4980f35ef800e9234235de0e8fb75317f821dc27097bf828d8ad1596a;2025-06-15 22:30:00;10;NO CONTROLS;NO CONTROLS;CLEAR;DARKNESS, LIGHTED ROAD;PARKED MOTOR VEHICLE;PARKING LOT;STRAIGHT AND LEVEL;DRY;UNKNOWN;NO INJURY / DRIVE AWAY;;Y;OVER $1,500;UNABLE TO DETERMINE;NOT APPLICABLE;7001;N;CLARK ST;2423;;;;;;;2;NO INDICATION OF INJURY;0;0;0;0;0;6;0;22;1;6;42.0090728171;-87.6738322306;{'type': 'Point', 'coordinates': [-87.673832230615, 42.009072817142]};NOT ON SCENE (DESK REPORT);2025-06-15T22:30:00.000