crash_record_id;crash_date;posted_speed_limit;traffic_control_device;device_condition;weather_condition;lighting_condition;first_crash_type;trafficway_type;alignment;roadway_surface_cond;road_defect;crash_type;intersection_related_i;hit_and_run_i;damage;prim_contributory_cause;sec_contributory_cause;street_no;street_direction;street_name;beat_of_occurrence;photos_taken_i;statements_taken_i;dooring_i;work_zone_i;work_zone_type;workers_present_i;num_units;most_severe_injury;injuries_total;injuries_fatal;injuries_incapacitating;injuries_non_incapacitating;injuries_reported_not_evident;injuries_no_indication;injuries_unknown;crash_hour;crash_day_of_week;crash_month;latitude;longitude;location;report_type;date_police_notified
2a34df49c4ac646ee67a7e3267103580692165b0403d855953e6779ca0452b8dcfb05ecd136143edf4a1d395719d1b66e487c6c5437ffdbbfa9e8d59613e6a63;2025-06-15 19:30:00;30;TRAFFIC SIGNAL;UNKNOWN;CLEAR;DAYLIGHT;ANGLE;FOUR WAY;STRAIGHT AND LEVEL;UNKNOWN;UNKNOWN;NO INJURY / DRIVE AWAY;;Y;OVER $1,500;UNABLE TO DETERMINE;UNABLE TO DETERMINE;800;N;LARAMIE AVE;1524;;;;;;;2;NO INDICATION OF INJURY;0;0;0;0;0;2;0;19;1;6;41.8950231464;-87.7557497823;{'type': 'Point', 'coordinates': [-87.755749782345, 41.895023146364]};NOT ON SCENE (DESK REPORT);2025-06-15T19:30:00.000
7f85a0a59892a6c7df1f386de1c851cb957b397e72de86afd28e98843f2fc51a63fbce6cc7f7233e4a5f16854a01f726a0964cfaf2ac62044cd6ffb74c3f8db1;2025-06-15 19:30:00;30;NO CONTROLS;NO CONTROLS;CLEAR;DAYLIGHT;SIDESWIPE SAME DIRECTION;NOT DIVIDED;STRAIGHT AND LEVEL;DRY;NO DEFECTS;NO INJURY / DRIVE AWAY;Y;;OVER $1,500;IMPROPER OVERTAKING/PASSING;IMPROPER OVERTAKING/PASSING;649;N;MILWAUKEE AVE;1214;;;;;;;2;NO INDICATION OF INJURY;0;0;0;0;0;2;0;19;1;6;41.8934367974;-87.6508424581;{'type': 'Point', 'coordinates': [-87.650842458094, 41.893436797379]};NOT ON SCENE (DESK REPORT);2025-06-15T20:25:00.000
65d077b686abec130e97ab0ddbaaa8bbf6cec1897449a4dae9c28d7827b922dfd321b66983456d3f406d1d9c10f7224cbe5007e27614c3d67d75705b467e5fb0;2025-06-15 19:20:00;30;TRAFFIC SIGNAL;FUNCTIONING PROPERLY;CLEAR;DAYLIGHT;TURNING;FOUR WAY;STRAIGHT AND LEVEL;DRY;NO DEFECTS;NO INJURY / DRIVE AWAY;N;Y;OVER $1,500;IMPROPER TURNING/NO SIGNAL;UNABLE TO DETERMINE;5731;N;LINCOLN AVE;2011;;;;;;;2;NO INDICATION OF INJURY;0;0;0;0;0;2;0;19;1;6;41.9856573201;-87.6991910517;{'type': 'Point', 'coordinates': [-87.699191051746, 41.985657320107]};NOT ON SCENE (DESK REPORT);2025-06-15T19:45:00.000
c7b2702ffa34e7941373c16c1d7c848ab0c9b5a5773e16831b4d8cb76380ed14d7d114d9fffc755ea72bc2e780ba3d7ced2a54844f4c2e0b04ccf216ead7f8ef;2025-06-15 19:14:00;25;NO CONTROLS;NO CONTROLS;CLEAR;DAYLIGHT;PARKED MOTOR VEHICLE;NOT DIVIDED;STRAIGHT AND LEVEL;DRY;NO DEFECTS;INJURY AND / OR TOW DUE TO CRASH;;;OVER $1,500;UNABLE TO DETERMINE;NOT APPLICABLE;2735;W;SEIPP ST;835;;;;;;;2;NONINCAPACITATING INJURY;1;0;0;1;0;0;0;19;1;6;41.7376585836;-87.6911251832;{'type': 'Point', 'coordinates': [-87.691125183225, 41.737658583584]};;2025-06-15T19:14:00.000
b58ce0bca8743770f529b454e5574043e85d78ca3f543223bad53dbdf5ec92183b43d9ee6ab1412e683b8f40d4448cb0745e9dfbb7d0cc8031912325d89e334a;2025-06-15 19:00:00;30;TRAFFIC SIGNAL;FUNCTIONING PROPERLY;CLEAR;DARKNESS, LIGHTED ROAD;PEDESTRIAN;ONE-WAY;STRAIGHT AND LEVEL;DRY;NO DEFECTS;INJURY AND / OR TOW DUE TO CRASH;N;Y;$500 OR LESS;UNABLE TO DETERMINE;UNABLE TO DETERMINE;8801;S;STATE ST;632;;;;;;;2;NONINCAPACITATING INJURY;1;0;0;1;0;1;0;19;1;6;41.7344398803;-87.6239703374;{'type': 'Point', 'coordinates': [-87.623970337398, 41.734439880325]};NOT ON SCENE (DESK REPORT);2025-06-16T00:55:00.000
ad67a6b8e9af57eef696c914c50e5287c022f3bd6b7834033c8ac9bb8ae63dcedcd6187137cd453fc6e827eb8e345c5810d686564e87b6a5a2a532c8e3af5fa1;2025-06-15 18:52:00;30;NO CONTROLS;NO CONTROLS;CLEAR;DAYLIGHT;PARKED MOTOR VEHICLE;NOT DIVIDED;STRAIGHT AND LEVEL;DRY;NO DEFECTS;INJURY AND / OR TOW DUE TO CRASH;;;OVER $1,500;UNABLE TO DETERMINE;NOT APPLICABLE;4504;N;MAGNOLIA AVE;1913;;;;;;;3;NO INDICATION OF INJURY;0;0;0;0;0;1;0;18;1;6;41.963725599;-87.6611410678;{'type': 'Point', 'coordinates': [-87.661141067808, 41.963725599038]};;2025-06-15T18:52:00.000
b3583a3568d946494b90fc0014afb9938cda82df22f0ff88eeb9fd9c71c369333f8cd3b28d5a08277507aa8e85ee0190c93ddd68c26a518511f25c51e9ba03d8;2025-06-15 18:50:00;30;NO CONTROLS;NO CONTROLS;CLEAR;DAYLIGHT;TURNING;NOT DIVIDED;STRAIGHT AND LEVEL;DRY;NO DEFECTS;NO INJURY / DRIVE AWAY;;;OVER $1,500;FAILING TO YIELD RIGHT-OF-WAY;IMPROPER LANE USAGE;810;W;MONROE ST;1232;;;;;;;2;NO INDICATION OF INJURY;0;0;0;0;0;3;0;18;1;6;41.880593704;-87.6478799572;{'type': 'Point', 'coordinates': [-87.647879957152, 41.880593703995]};NOT ON SCENE (DESK REPORT);2025-06-15T19:50:00.000
dfdafed330a255fe2367983c30fa99ca1aa748a1b5ba6b9ccde10b30529f70c57a0d6e1463e1aaf2f1c7af257d3a280c68f7dbff13d99667bf1ae7552ea83662;2025-06-15 18:50:00;10;NO CONTROLS;NO CONTROLS;CLEAR;DAYLIGHT;PARKED MOTOR VEHICLE;OTHER;STRAIGHT AND LEVEL;DRY;WORN SURFACE;NO INJURY / DRIVE AWAY;;;$501 - $1,500;IMPROPER BACKING;NOT APPLICABLE;3400;S;ARCHER AVE;912;;;;;;;2;NO INDICATION OF INJURY;0;0;0;0;0;1;0;18;1;6;41.8322335756;-87.6748711646;{'type': 'Point', 'coordinates': [-87.674871164632, 41.832233575624]};ON SCENE;2025-06-15T19:25:00.000
9e7782e7deebe60576777e674bb17611337e0f2d095e1b1824088a917a86d19edbf8a5a05ec213d2ebd31c98c391697ac7d8d82d695956e94d50a18e0f597c70;2025-06-15 18:44:00;30;TRAFFIC SIGNAL;FUNCTIONING PROPERLY;CLEAR;DAYLIGHT;HEAD ON;NOT DIVIDED;STRAIGHT AND LEVEL;DRY;NO DEFECTS;INJURY AND / OR TOW DUE TO CRASH;;Y;OVER $1,500;FAILING TO YIELD RIGHT-OF-WAY;IMPROPER TURNING/NO SIGNAL;1013;N;SACRAMENTO AVE;1211;;;;;;;2;REPORTED, NOT EVIDENT;1;0;0;0;1;2;0;18;1;6;41.8996677216;-87.7015832772;{'type': 'Point', 'coordinates': [-87.7015832772, 41.89966772163]};;2025-06-15T18:45:00.000
de820cc355741fa4e933771425738c81c8be0faea5eeadf7876bf8db6d8529271c652ba070cf3da5afd90c5a5ed52208fd448348aa4ecc7424a9cd051b14ab34;2025-06-15 18:30:00;15;NO CONTROLS;NO CONTROLS;CLEAR;DAYLIGHT;SIDESWIPE SAME DIRECTION;DRIVEWAY;STRAIGHT AND LEVEL;UNKNOWN;UNKNOWN;NO INJURY / DRIVE AWAY;;;OVER $1,500;UNABLE TO DETERMINE;UNABLE TO DETERMINE;151;E;WACKER DR;114;;;;;;;2;NO INDICATION OF INJURY;0;0;0;0;0;4;0;18;1;6;41.8879998873;-87.6225651326;{'type': 'Point', 'coordinates': [-87.62256513256, 41.887999887349]};NOT ON SCENE (DESK REPORT);2025-06-15T20:30:00.000
15aa6691ac1791756ba7ea9bd7624582ecdf399c6066d4ebfc47cc9531c0d120eec974ab94c65b94cb176a231a2659a80231a2e92345a23279aa1e480ee1aadb;2025-06-15 18:28:00;30;NO CONTROLS;NO CONTROLS;CLEAR;DARKNESS;OVERTURNED;RAMP;CURVE, LEVEL;DRY;NO DEFECTS;INJURY AND / OR TOW DUE TO CRASH;;;OVER $1,500;UNDER THE INFLUENCE OF ALCOHOL/DRUGS (USE WHEN ARREST IS EFFECTED);NOT APPLICABLE;13000;S;BISHOP FORD EXPY OB;533;;;;;;;1;NO INDICATION OF INJURY;0;0;0;0;0;1;0;18;1;6;41.660213009;-87.5893020375;{'type': 'Point', 'coordinates': [-87.589302037468, 41.66021300898]};ON SCENE;2025-06-15T18:28:00.000
d31fe596f3c7b5b05918dfa6d05039134e4359e4f269776943444bac2f2ebd492d6f563f05bf630929314695af7ea4c343a5aba478202d085efe175f61b20cb5;2025-06-15 18:20:00;30;TRAFFIC SIGNAL;FUNCTIONING PROPERLY;CLEAR;DAYLIGHT;TURNING;NOT DIVIDED;STRAIGHT AND LEVEL;DRY;NO DEFECTS;INJURY AND / OR TOW DUE TO CRASH;Y;Y;OVER $1,500;IMPROPER TURNING/NO SIGNAL;NOT APPLICABLE;798;W;99TH ST;2232;;;;;;;2;NO INDICATION OF INJURY;0;0;0;0;0;3;0;18;1;6;41.7143243683;-87.6429440279;{'type': 'Point', 'coordinates': [-87.642944027873, 41.714324368329]};ON SCENE;2025-06-15T18:22:00.000
1cc9b5903222ef114e3d69751582c246890a2d5e874b7d601ae071848ada68df390050a401f830effc0752fe8cfb826806b100f317952f729f6811b60db8b5e7;2025-06-15 18:15:00;30;NO CONTROLS;NO CONTROLS;CLEAR;DAYLIGHT;TURNING;ONE-WAY;STRAIGHT AND LEVEL;DRY;NO DEFECTS;NO INJURY / DRIVE AWAY;;;OVER $1,500;FAILING TO YIELD RIGHT-OF-WAY;UNABLE TO DETERMINE;100;N;DESPLAINES ST;121;;;;;;;2;NO INDICATION OF INJURY;0;0;0;0;0;3;0;18;1;6;41.8831915921;-87.644313714;{'type': 'Point', 'coordinates': [-87.64431371401, 41.883191592079]};NOT ON SCENE (DESK REPORT);2025-06-15T21:30:00.000
54e2c2b94074831a1966d1411f05495bed46ccfa111b00f5df2624b8b42185546d2ebc8f86f3d80876495f0b680eed2e326299173dc25885c95250258ced279c;2025-06-15 18:15:00;30;NO CONTROLS;NO CONTROLS;CLEAR;DAWN;ANGLE;NOT DIVIDED;STRAIGHT AND LEVEL;UNKNOWN;UNKNOWN;INJURY AND / OR TOW DUE TO CRASH;;;OVER $1,500;FAILING TO YIELD RIGHT-OF-WAY;FAILING TO YIELD RIGHT-OF-WAY;6700;S;JEFFERY BLVD;332;;;;;;;2;REPORTED, NOT EVIDENT;1;0;0;0;1;1;0;18;1;6;41.7733684085;-87.5766385522;{'type': 'Point', 'coordinates': [-87.576638552177, 41.773368408547]};NOT ON SCENE (DESK REPORT);2025-06-15T20:00:00.000
f5eda24700a009278ce1df0bc2c1c2e644c0248915f21accfcee00b1519eb1e1d3c95b050c55f179d1b713385793d2c04b1b1d9a0cd5758bce3ef0ac9a1fe3c9;2025-06-15 18:13:00;30;UNKNOWN;UNKNOWN;CLEAR;DAYLIGHT;REAR END;NOT DIVIDED;STRAIGHT AND LEVEL;DRY;UNKNOWN;NO INJURY / DRIVE AWAY;;Y;OVER $1,500;UNABLE TO DETERMINE;UNABLE TO DETERMINE;1;S;HALSTED ST;1232;;;;;;;2;NO INDICATION OF INJURY;0;0;0;0;0;2;0;18;1;6;41.8817170556;-87.6472105392;{'type': 'Point', 'coordinates': [-87.647210539206, 41.881717055619]};NOT ON SCENE (DESK REPORT);2025-06-15T18:45:00.000
d13dd426b3fe71c7079a483ff4823d979ebd72e74f79d66439d40a167af27b12b3ee8d1fea30ce6684036c15d8846ad3ea1f518dcf032e925513d8ef5df0f7cc;2025-06-15 18:05:00;30;NO CONTROLS;NO CONTROLS;CLEAR;DAYLIGHT;REAR END;NOT DIVIDED;STRAIGHT AND LEVEL;DRY;NO DEFECTS;NO INJURY / DRIVE AWAY;;Y;$501 - $1,500;FOLLOWING TOO CLOSELY;NOT APPLICABLE;1550;W;119TH ST;524;;;;;;;2;NO INDICATION OF INJURY;0;0;0;0;0;2;0;18;1;6;41.6776611842;-87.6609762777;{'type': 'Point', 'coordinates': [-87.660976277662, 41.677661184242]};NOT ON SCENE (DESK REPORT);2025-06-15T19:37:00.000
ea0d542001bef0de372011d5e8a7612463ecac44e5f29ffc84e60e49d5ab3668c4a420fb8d67325f2062fe94ad7d2c744afc619b694fb7ce6dad4b1292fc032b;2025-06-15 18:00:00;35;TRAFFIC SIGNAL;FUNCTIONING PROPERLY;CLEAR;DAYLIGHT;TURNING;FOUR WAY;STRAIGHT AND LEVEL;DRY;NO DEFECTS;NO INJURY / DRIVE AWAY;;Y;OVER $1,500;UNABLE TO DETERMINE;UNABLE TO DETERMINE;8700;S;STATE ST;632;;;;;;;2;NO INDICATION OF INJURY;0;0;0;0;0;2;0;18;1;6;41.7362094694;-87.6243055191;{'type': 'Point', 'coordinates': [-87.624305519124, 41.736209469449]};ON SCENE;2025-06-15T18:05:00.000
1226520bb5a8da5925ec99e804dd80ce6566427377676959b59f38c79056d70cf2e8e9fb59cb6dfb8463c85e80610f85c21f75d773cce08b6339e3596c05e599;2025-06-15 17:58:00;15;NO CONTROLS;NO CONTROLS;CLEAR;DAYLIGHT;OTHER OBJECT;PARKING LOT;STRAIGHT AND LEVEL;DRY;NO DEFECTS;NO INJURY / DRIVE AWAY;;;OVER $1,500;UNABLE TO DETERMINE;UNABLE TO DETERMINE;10;N;KILBOURN AVE;1113;;;;;;;1;NO INDICATION OF INJURY;0;0;0;0;0;2;0;17;1;6;41.8809089548;-87.7380851734;{'type': 'Point', 'coordinates': [-87.738085173434, 41.880908954759]};ON SCENE;2025-06-15T18:26:00.000
cda3dd3b7da34a7438ff91f035148d6a0d739a9e50378e6080870f59be7d03c3267da7ffe16c78964409070680a1192cef253bb752a808864738dd7a582129f8;2025-06-15 17:55:00;30;NO CONTROLS;NO CONTROLS;CLEAR;DAYLIGHT;ANGLE;NOT DIVIDED;STRAIGHT AND LEVEL;DRY;NO DEFECTS;INJURY AND / OR TOW DUE TO CRASH;;Y;OVER $1,500;IMPROPER OVERTAKING/PASSING;NOT APPLICABLE;768;N;MILWAUKEE AVE;1214;;;;;;;2;REPORTED, NOT EVIDENT;1;0;0;0;1;1;0;17;1;6;41.8957589322;-87.6548962152;{'type': 'Point', 'coordinates': [-87.654896215233, 41.895758932202]};ON SCENE;2025-06-15T17:57:00.000
a73ad9ba6adb9eef966fb6f061c430eb99861e7485d8ecbef3a62181aa06e7250faa2f32bb73e6ccf99fe83e63269b79b59201f451fba39f7cf03103b09fbf03;2025-06-15 17:40:00;30;NO CONTROLS;NO CONTROLS;CLEAR;DAYLIGHT;SIDESWIPE SAME DIRECTION;DIVIDED - W/MEDIAN (NOT RAISED);STRAIGHT AND LEVEL;DRY;NO DEFECTS;NO INJURY / DRIVE AWAY;;;OVER $1,500;IMPROPER LANE USAGE;UNABLE TO DETERMINE;8228;S;HALSTED ST;613;;;;;;;2;NO INDICATION OF INJURY;0;0;0;0;0;2;0;17;1;6;41.7442995885;-87.6440038433;{'type': 'Point', 'coordinates': [-87.644003843276, 41.744299588482]};NOT ON SCENE (DESK REPORT);2025-06-15T19:20:00.000
c2293048dd4087ef50ace3c9a3a08411ef9fcb66cdce94c04b1a6ef1f2ed785352d33682aa87af721256c7c2bcf0731fb84750754528c473fa2803211e461136;2025-06-15 17:25:00;30;NO CONTROLS;NO CONTROLS;CLEAR;DAYLIGHT;REAR TO SIDE;NOT DIVIDED;STRAIGHT AND LEVEL;DRY;NO DEFECTS;NO INJURY / DRIVE AWAY;;;OVER $1,500;IMPROPER BACKING;IMPROPER BACKING;4747;N;PULASKI RD;1723;;;;;;;2;NO INDICATION OF INJURY;0;0;0;0;0;2;0;17;1;6;41.9678098307;-87.7278676229;{'type': 'Point', 'coordinates': [-87.727867622948, 41.967809830722]};NOT ON SCENE (DESK REPORT);2025-06-15T18:15:00.000
bdc8779c149f03397803657bb29ec6debe204440767467f5aed2067d000504268245b60861f23ae3287007fe45b31e02e4ba7b630d49e3620b6ef9007534da5f;2025-06-15 17:22:00;30;UNKNOWN;UNKNOWN;UNKNOWN;UNKNOWN;SIDESWIPE SAME DIRECTION;UNKNOWN;STRAIGHT AND LEVEL;UNKNOWN;UNKNOWN;NO INJURY / DRIVE AWAY;;Y;OVER $1,500;UNABLE TO DETERMINE;NOT APPLICABLE;101;N;SACRAMENTO BLVD;1222;;;;;;;2;NO INDICATION OF INJURY;0;0;0;0;0;3;0;17;1;6;41.8829102452;-87.701108631;{'type': 'Point', 'coordinates': [-87.701108631012, 41.88291024516]};NOT ON SCENE (DESK REPORT);2025-06-15T18:20:00.000
29339c906ac46c66b4f7d04dd70d4a31fbe4d1d3935ade7a4c12cf511b09d74b6b40acb5799e94639a1bd9cbf29fd1502daa8dc42801615bdfa4456a8ab3fde8;2025-06-15 17:20:00;30;NO CONTROLS;NO CONTROLS;CLEAR;DAYLIGHT;TURNING;DIVIDED - W/MEDIAN (NOT RAISED);STRAIGHT AND LEVEL;UNKNOWN;UNKNOWN;NO INJURY / DRIVE AWAY;;;$501 - $1,500;UNABLE TO DETERMINE;UNABLE TO DETERMINE;711;W;MADISON ST;1232;;;;;;;2;NO INDICATION OF INJURY;0;0;0;0;0;2;0;17;1;6;41.881682627;-87.6461067373;{'type': 'Point', 'coordinates': [-87.646106737299, 41.881682627015]};NOT ON SCENE (DESK REPORT);2025-06-15T19:30:00.000
87d7c50d06fa07292ec273a9d24dbbb0315be615a741314a4f245a6836345924b4dad154288968cc4fb55c26f331976808b240b053ff1b893512b29d99ff87f3;2025-06-15 17:20:00;30;TRAFFIC SIGNAL;FUNCTIONING PROPERLY;CLEAR;DAYLIGHT;TURNING;DIVIDED - W/MEDIAN (NOT RAISED);STRAIGHT AND LEVEL;DRY;UNKNOWN;NO INJURY / DRIVE AWAY;;Y;$501 - $1,500;UNABLE TO DETERMINE;UNABLE TO DETERMINE;259;S;SACRAMENTO BLVD;1124;;;;;;;2;NO INDICATION OF INJURY;0;0;0;0;0;2;0;17;1;6;41.8774235644;-87.700962173;{'type': 'Point', 'coordinates': [-87.700962173019, 41.877423564378]};NOT ON SCENE (DESK REPORT);2025-06-15T17:40:00.000
919984659f9fc1271af596bb998b20a048a18696d4b1ac2eb607331bb5664459415206d89a33c0d220cecbdac504640378020b3fd69cde3f06495d531200d2c4;2025-06-15 17:17:00;30;TRAFFIC SIGNAL;FUNCTIONING PROPERLY;CLEAR;DAYLIGHT;REAR END;DIVIDED - W/MEDIAN (NOT RAISED);STRAIGHT AND LEVEL;DRY;NO DEFECTS;INJURY AND / OR TOW DUE TO CRASH;;;$501 - $1,500;FAILING TO REDUCE SPEED TO AVOID CRASH;FOLLOWING TOO CLOSELY;8058;S;HALSTED ST;621;;;;;;;3;NO INDICATION OF INJURY;0;0;0;0;0;4;0;17;1;6;41.7470860989;-87.6440843829;{'type': 'Point', 'coordinates': [-87.64408438293, 41.747086098941]};ON SCENE;2025-06-15T17:21:00.000
ea3f7476e63d5e5cb65959d57af028c2330cca7c47c03fc4b8247390e3189d8317484a6234475691e8c9928756d97270cb212676223496e5612946da2e9c5b67;2025-06-15 17:15:00;30;NO CONTROLS;NO CONTROLS;CLEAR;DAYLIGHT;SIDESWIPE SAME DIRECTION;ONE-WAY;STRAIGHT AND LEVEL;DRY;UNKNOWN;INJURY AND / OR TOW DUE TO CRASH;;;$500 OR LESS;UNABLE TO DETERMINE;UNABLE TO DETERMINE;821;W;JACKSON BLVD;1232;;;;;;;2;NO INDICATION OF INJURY;0;0;0;0;0;2;0;17;1;6;41.8778239845;-87.6481744594;{'type': 'Point', 'coordinates': [-87.648174459414, 41.877823984472]};ON SCENE;2025-06-15T18:30:00.000
c0cae815598bf5c94fecee7450ae60fc27e4b3fcf2c5a87b4727e843e08207f913b1dde713e9c7660314937105a793dbcdbd15c5805ab878b8e3bd1cc0d1fa05;2025-06-15 17:12:00;30;NO CONTROLS;NO CONTROLS;CLEAR;DAYLIGHT;ANGLE;OTHER;STRAIGHT AND LEVEL;DRY;UNKNOWN;INJURY AND / OR TOW DUE TO CRASH;;;OVER $1,500;FAILING TO YIELD RIGHT-OF-WAY;NOT APPLICABLE;2333;W;JACKSON BLVD;1225;;;;;;;2;NO INDICATION OF INJURY;0;0;0;0;0;5;0;17;1;6;41.8774528982;-87.6851408872;{'type': 'Point', 'coordinates': [-87.685140887208, 41.877452898243]};ON SCENE;2025-06-15T17:22:00.000
23bf19f8e169532822e62e87d6b511d076f6f7f0becedc61f52e1eee80ad3910bf9294a7f3aee1db451d31ed65dbcaeef108ee9b60d70b83ad79207d8ce6e078;2025-06-15 17:10:00;20;TRAFFIC SIGNAL;FUNCTIONING PROPERLY;CLEAR;DAYLIGHT;ANGLE;ONE-WAY;STRAIGHT AND LEVEL;DRY;NO DEFECTS;NO INJURY / DRIVE AWAY;;;OVER $1,500;FAILING TO YIELD RIGHT-OF-WAY;NOT APPLICABLE;3547;N;PLAINFIELD AVE;1631;;;;;;;2;NO INDICATION OF INJURY;0;0;0;0;0;2;0;17;1;6;41.9443334674;-87.8337583435;{'type': 'Point', 'coordinates': [-87.83375834349, 41.944333467375]};ON SCENE;2025-06-15T17:18:00.000
3e30caf43242f4c6146603bf7d84a38ace4f7f19142fc585c6689f060602a65af0875972a104fda6b11b276d7df91fc5a4efe909c3df0f239379287a9405a2d2;2025-06-15 17:10:00;30;TRAFFIC SIGNAL;FUNCTIONING PROPERLY;CLEAR;DAYLIGHT;REAR END;FOUR WAY;STRAIGHT AND LEVEL;DRY;NO DEFECTS;INJURY AND / OR TOW DUE TO CRASH;;;OVER $1,500;UNABLE TO DETERMINE;UNABLE TO DETERMINE;9301;S;STONY ISLAND AVE;413;;;;;;;2;REPORTED, NOT EVIDENT;1;0;0;0;1;1;0;17;1;6;41.725895797;-87.5848243152;{'type': 'Point', 'coordinates': [-87.584824315172, 41.725895796966]};NOT ON SCENE (DESK REPORT);2025-06-15T18:30:00.000
2317a60531fe8c5b5abafc9b1cd907be7350a0d123edd08624d0cdbdf6fe6402d1680c36f77e09552878e9c88f60853bcb01cc3cf3929e0767f6cdad2f2ff663;2025-06-15 17:05:00;30;NO CONTROLS;NO CONTROLS;CLEAR;DAYLIGHT;TURNING;DIVIDED - W/MEDIAN (NOT RAISED);STRAIGHT AND LEVEL;DRY;NO DEFECTS;NO INJURY / DRIVE AWAY;;Y;$501 - $1,500;UNABLE TO DETERMINE;NOT APPLICABLE;3640;N;ELSTON AVE;1733;;;;;;;2;NO INDICATION OF INJURY;0;0;0;0;0;2;0;17;1;6;41.9473499869;-87.7101222878;{'type': 'Point', 'coordinates': [-87.710122287831, 41.947349986872]};ON SCENE;2025-06-15T17:09:00.000
3ca62aa8362ea638f20ba47009df7dfaf0f3c725e4615200185780dea6ebd8c61af5effaa6c8f2f8c7c3b98f9ef3a4be88011a738f632d8741ecbc9666840b39;2025-06-15 17:05:00;15;NO CONTROLS;NO CONTROLS;CLEAR;DAYLIGHT;PARKED MOTOR VEHICLE;ALLEY;STRAIGHT AND LEVEL;DRY;UNKNOWN;INJURY AND / OR TOW DUE TO CRASH;;;OVER $1,500;UNDER THE INFLUENCE OF ALCOHOL/DRUGS (USE WHEN ARREST IS EFFECTED);NOT APPLICABLE;3236;N;NATCHEZ AVE;1632;;;;;;;3;NONINCAPACITATING INJURY;1;0;0;1;0;1;0;17;1;6;41.9393886241;-87.7886803395;{'type': 'Point', 'coordinates': [-87.788680339496, 41.939388624063]};ON SCENE;2025-06-15T17:06:00.000
154d98634e23ad6c15deafe3d1226e4024fa902d8b0282e26ba9fe96cd7afa5f53f44c67a1df46af32668aa3518f177d35d9b2cb1b255978d8cfa3a09717df41;2025-06-15 17:01:00;15;NO CONTROLS;NO CONTROLS;UNKNOWN;DAYLIGHT;PARKED MOTOR VEHICLE;PARKING LOT;STRAIGHT ON GRADE;UNKNOWN;UNKNOWN;NO INJURY / DRIVE AWAY;;Y;$501 - $1,500;UNABLE TO DETERMINE;NOT APPLICABLE;938;W;NELSON ST;1933;;;;;;;2;NO INDICATION OF INJURY;0;0;0;0;0;1;0;17;1;6;41.9373055105;-87.653183256;{'type': 'Point', 'coordinates': [-87.653183255996, 41.93730551048]};NOT ON SCENE (DESK REPORT);2025-06-16T14:00:00.000
0b1356eabee1ee500fa6b74d2d8bc7dd516ed5a6e26444dd293606b9e365df4ffdd792a4f6253ed59d582285e014bdf0b4ed3c62cada23be411b060a583e97d8;2025-06-15 17:00:00;30;STOP SIGN/FLASHER;FUNCTIONING PROPERLY;CLEAR;DAYLIGHT;PEDESTRIAN;NOT DIVIDED;STRAIGHT AND LEVEL;DRY;NO DEFECTS;INJURY AND / OR TOW DUE TO CRASH;Y;Y;OVER $1,500;DISREGARDING STOP SIGN;DISREGARDING STOP SIGN;2501;W;DIVISION ST;1211;;;;;;;2;NONINCAPACITATING INJURY;1;0;0;1;0;1;0;17;1;6;41.9028824157;-87.689548625;{'type': 'Point', 'coordinates': [-87.689548624987, 41.902882415674]};ON SCENE;2025-06-15T17:00:00.000
4e5788afbfd29f26f970b1ee79ba2a1ce6a00026d39aff044041c57fd1019886085c4dfefe86f0638ccb8ac8ec41fd13b8deaf19cbfe6c07595b8030d9dbf11a;2025-06-15 16:57:00;30;TRAFFIC SIGNAL;FUNCTIONING PROPERLY;CLEAR;DAYLIGHT;REAR END;NOT DIVIDED;STRAIGHT AND LEVEL;DRY;NO DEFECTS;INJURY AND / OR TOW DUE TO CRASH;;;OVER $1,500;FAILING TO YIELD RIGHT-OF-WAY;NOT APPLICABLE;7900;S;COLFAX AVE;422;;;;;;;2;REPORTED, NOT EVIDENT;1;0;0;0;1;1;0;16;1;6;41.751702707;-87.5615312176;{'type': 'Point', 'coordinates': [-87.561531217551, 41.751702706966]};ON SCENE;2025-06-15T16:57:00.000
067504739b9db80a0fefcefcc4110fe21cf66ea2b61ba653209db081645f54799e1b57fc77b662f2a4b2fa637f03254e39a8add7f662d7778cc578ec6b49a2c5;2025-06-15 16:50:00;30;UNKNOWN;UNKNOWN;CLEAR;DAYLIGHT;TURNING;FOUR WAY;STRAIGHT AND LEVEL;UNKNOWN;UNKNOWN;NO INJURY / DRIVE AWAY;Y;;OVER $1,500;UNABLE TO DETERMINE;NOT APPLICABLE;1191;W;HOLLYWOOD AVE;2022;;;;;;;2;NO INDICATION OF INJURY;0;0;0;0;0;2;0;16;1;6;41.9853462593;-87.6600364217;{'type': 'Point', 'coordinates': [-87.660036421706, 41.985346259294]};NOT ON SCENE (DESK REPORT);2025-06-15T17:25:00.000