crash_record_id;crash_date;posted_speed_limit;traffic_control_device;device_condition;weather_condition;lighting_condition;first_crash_type;trafficway_type;alignment;roadway_surface_cond;road_defect;crash_type;intersection_related_i;hit_and_run_i;damage;prim_contributory_cause;sec_contributory_cause;street_no;street_direction;street_name;beat_of_occurrence;photos_taken_i;statements_taken_i;dooring_i;work_zone_i;work_zone_type;workers_present_i;num_units;most_severe_injury;injuries_total;injuries_fatal;injuries_incapacitating;injuries_non_incapacitating;injuries_reported_not_evident;injuries_no_indication;injuries_unknown;crash_hour;crash_day_of_week;crash_month;latitude;longitude;location;report_type;date_police_notified
d016e93610e227dbc00d1b769ee2f1c1587b9b0040f82c11a912a9a5284126277627f3b4f4f2c9bfd678e00fa67d5fc24c016b4288b4b985b605949b24c3ebe2;2025-06-15 16:50:00;30;TRAFFIC SIGNAL;FUNCTIONING PROPERLY;CLEAR;DAYLIGHT;TURNING;NOT DIVIDED;STRAIGHT AND LEVEL;DRY;NO DEFECTS;NO INJURY / DRIVE AWAY;Y;;OVER $1,500;UNABLE TO DETERMINE;UNABLE TO DETERMINE;1;S;FRANKLIN ST;122;;;;;;;2;NO INDICATION OF INJURY;0;0;0;0;0;4;0;16;1;6;41.8819027505;-87.6351640598;{'type': 'Point', 'coordinates': [-87.635164059795, 41.881902750506]};NOT ON SCENE (DESK REPORT);2025-06-16T18:49:00.000
f0f937c3405ba33cb73b6f79e771b64873f156eee739d72cab687f9d3c729b42a4c38a8da61de2f3ac3359b0795d12177a6eda302412b202d871718fff1a1d23;2025-06-15 16:40:00;30;TRAFFIC SIGNAL;FUNCTIONING PROPERLY;CLEAR;DAYLIGHT;TURNING;NOT DIVIDED;STRAIGHT AND LEVEL;DRY;UNKNOWN;NO INJURY / DRIVE AWAY;;;OVER $1,500;IMPROPER TURNING/NO SIGNAL;IMPROPER OVERTAKING/PASSING;755;N;MICHIGAN AVE;1833;;;;;;;2;NO INDICATION OF INJURY;0;0;0;0;0;2;0;16;1;6;41.8963811858;-87.6241335468;{'type': 'Point', 'coordinates': [-87.624133546782, 41.896381185754]};NOT ON SCENE (DESK REPORT);2025-06-15T18:30:00.000
b8953ca48d327781ae6a1213e8d4e9b3bbd0879669d9066f6b38e4d7798aff0646f1851b1fcab2785da22f50643df67d07af472e6efdbc70712ffedd84cc2544;2025-06-15 16:34:00;30;UNKNOWN;UNKNOWN;CLEAR;DAYLIGHT;SIDESWIPE SAME DIRECTION;NOT DIVIDED;STRAIGHT AND LEVEL;DRY;UNKNOWN;NO INJURY / DRIVE AWAY;;Y;$501 - $1,500;UNABLE TO DETERMINE;UNABLE TO DETERMINE;655;W;IRVING PARK RD;1925;;;;;;;2;NO INDICATION OF INJURY;0;0;0;0;0;3;0;16;1;6;41.9544939556;-87.6472443312;{'type': 'Point', 'coordinates': [-87.647244331225, 41.954493955562]};ON SCENE;2025-06-15T16:39:00.000
38efb9604abba1e897944bf7bf121d026e81746d297abedaed15711a4012765f020c1cbd179abb10786fc8827f06344065767e863d2c6cf9a3be13c6e39df11b;2025-06-15 16:30:00;25;STOP SIGN/FLASHER;FUNCTIONING PROPERLY;CLEAR;DAYLIGHT;TURNING;DIVIDED - W/MEDIAN (NOT RAISED);STRAIGHT AND LEVEL;DRY;NO DEFECTS;NO INJURY / DRIVE AWAY;;;$501 - $1,500;UNABLE TO DETERMINE;UNABLE TO DETERMINE;5600;S;MORGAN ST;712;;;;;;;2;NO INDICATION OF INJURY;0;0;0;0;0;2;0;16;1;6;41.7923234892;-87.6501161523;{'type': 'Point', 'coordinates': [-87.650116152264, 41.792323489247]};NOT ON SCENE (DESK REPORT);2025-06-15T18:17:00.000
b5c95a6249b19dc4818b6508b64e811fa6d568d35e4fa9227f5894d0867cafb5e073c832add112c8375245af4fa940ecbe03a1c096e193a34973f4e0c8ac2de3;2025-06-15 16:30:00;30;NO CONTROLS;NO CONTROLS;CLEAR;DAYLIGHT;REAR END;NOT DIVIDED;STRAIGHT AND LEVEL;DRY;NO DEFECTS;INJURY AND / OR TOW DUE TO CRASH;;Y;OVER $1,500;FOLLOWING TOO CLOSELY;NOT APPLICABLE;3231;W;63RD ST;823;;;;;;;2;NONINCAPACITATING INJURY;3;0;0;3;0;1;0;16;1;6;41.7788429377;-87.7043827378;{'type': 'Point', 'coordinates': [-87.704382737766, 41.778842937735]};NOT ON SCENE (DESK REPORT);2025-06-15T17:03:00.000
cf15b19231460e88301cbb924385284476deaba724a60c52daf5e405d6912e34d375500fba9c05b1bedc94182eddbd5882077bf1ece3489dda667e701c50507e;2025-06-15 16:30:00;25;STOP SIGN/FLASHER;FUNCTIONING PROPERLY;CLEAR;DAYLIGHT;ANGLE;NOT DIVIDED;STRAIGHT AND LEVEL;DRY;NO DEFECTS;NO INJURY / DRIVE AWAY;Y;;OVER $1,500;FAILING TO YIELD RIGHT-OF-WAY;FAILING TO YIELD RIGHT-OF-WAY;1148;E;48TH ST;222;;;;;;;2;NO INDICATION OF INJURY;0;0;0;0;0;2;0;16;1;6;41.8079296416;-87.5973011654;{'type': 'Point', 'coordinates': [-87.597301165414, 41.807929641609]};NOT ON SCENE (DESK REPORT);2025-06-15T18:00:00.000
8cef2eca5a5bc7f78d358ea03d54bf65d48b24ebc6c9409a509f86a9c3fa9a8dcb750e679556e2d77e4e7ae872cd0fdadbf9378e9bf82e6d1cbc12d316aaf03b;2025-06-15 16:06:00;25;NO CONTROLS;NO CONTROLS;CLEAR;DAYLIGHT;SIDESWIPE SAME DIRECTION;RAMP;STRAIGHT ON GRADE;DRY;NO DEFECTS;NO INJURY / DRIVE AWAY;;;OVER $1,500;IMPROPER LANE USAGE;UNABLE TO DETERMINE;3190;N;LAKE SHORE DR;1934;;;;;;;3;NO INDICATION OF INJURY;0;0;0;0;0;3;0;16;1;6;41.9400104838;-87.6387970437;{'type': 'Point', 'coordinates': [-87.638797043668, 41.9400104838]};ON SCENE;2025-06-15T16:06:00.000
703a4fb051a251dc709913118326351b04eb0aad66ba79a3937cba65cc1775904c5ecc9aec81d29782b17a2f19e06537a2f70664dc013f72014bda7858e4f4f6;2025-06-15 16:00:00;30;NO CONTROLS;UNKNOWN;CLEAR;DARKNESS, LIGHTED ROAD;SIDESWIPE SAME DIRECTION;ONE-WAY;STRAIGHT AND LEVEL;DRY;NO DEFECTS;NO INJURY / DRIVE AWAY;;;OVER $1,500;IMPROPER OVERTAKING/PASSING;IMPROPER OVERTAKING/PASSING;500;N;LAKE SHORE DR NB;1834;Y;;;;;;2;NO INDICATION OF INJURY;0;0;0;0;0;2;0;16;1;6;41.8911470717;-87.6143750572;{'type': 'Point', 'coordinates': [-87.61437505723, 41.89114707171]};NOT ON SCENE (DESK REPORT);2025-06-15T21:00:00.000
76bb549bf88cbb400360a9475212ad246c35da400931ed64719bb11858deea5942eeec5f6e29e15ecd0e3a3f6a7b59ff1f2f25359852fdf1ec64d7b848b1469d;2025-06-15 16:00:00;35;TRAFFIC SIGNAL;FUNCTIONING PROPERLY;CLEAR;DAYLIGHT;OTHER OBJECT;DIVIDED - W/MEDIAN BARRIER;STRAIGHT AND LEVEL;DRY;NO DEFECTS;INJURY AND / OR TOW DUE TO CRASH;Y;Y;OVER $1,500;UNABLE TO DETERMINE;UNABLE TO DETERMINE;403;E;GARFIELD BLVD;233;;;;;;;2;NONINCAPACITATING INJURY;1;0;0;1;0;1;0;16;1;6;41.7943886913;-87.6158591685;{'type': 'Point', 'coordinates': [-87.615859168485, 41.79438869131]};ON SCENE;2025-06-15T16:02:00.000
8a4b47f3f3dfe8b22d409569b8111f34c85c530b3ee9e2361fb375c45a2aba5e78afe80325f6b470301241c99c8665f9505b15354084d44b9732dc4711e57b0d;2025-06-15 16:00:00;30;NO CONTROLS;NO CONTROLS;CLEAR;DAYLIGHT;REAR END;DIVIDED - W/MEDIAN (NOT RAISED);STRAIGHT AND LEVEL;DRY;NO DEFECTS;NO INJURY / DRIVE AWAY;;Y;OVER $1,500;UNABLE TO DETERMINE;NOT APPLICABLE;2705;N;ELSTON AVE;1432;;;;;;;2;NO INDICATION OF INJURY;0;0;0;0;0;3;0;16;1;6;41.9306854427;-87.6854287463;{'type': 'Point', 'coordinates': [-87.6854287463, 41.930685442675]};NOT ON SCENE (DESK REPORT);2025-06-15T17:18:00.000
20cfd938b44b0f2db1a3021eeda7fdf2234f64f36fd073db19edfb4e32dd8bb3a905620ab2938540d5fa2c06207d739ece5fd07a6439bb34fdbcbfad7b2bd4cb;2025-06-15 15:55:00;20;NO CONTROLS;NO CONTROLS;CLEAR;DAYLIGHT;PARKED MOTOR VEHICLE;NOT DIVIDED;STRAIGHT AND LEVEL;DRY;NO DEFECTS;NO INJURY / DRIVE AWAY;;Y;OVER $1,500;IMPROPER BACKING;DRIVING SKILLS/KNOWLEDGE/EXPERIENCE;3919;W;101ST PL;2211;;;;;;;2;NO INDICATION OF INJURY;0;0;0;0;0;1;0;15;1;6;41.7082992256;-87.7193411617;{'type': 'Point', 'coordinates': [-87.71934116166, 41.708299225631]};NOT ON SCENE (DESK REPORT);2025-06-15T17:00:00.000
f010a5a6f421d7a22cb3ec2d81feeb7a3f80bf47a0ffca20790658716605ef4babd0aff4cfa67d53e2d82a38fdcca234356243d1843e98f3f8fe4b2c922c31de;2025-06-15 15:55:00;15;NO CONTROLS;NO CONTROLS;CLEAR;DAYLIGHT;PARKED MOTOR VEHICLE;PARKING LOT;STRAIGHT AND LEVEL;DRY;NO DEFECTS;NO INJURY / DRIVE AWAY;;Y;OVER $1,500;FOLLOWING TOO CLOSELY;NOT APPLICABLE;800;N;KEDZIE AVE;1121;;;;;;;2;NO INDICATION OF INJURY;0;0;0;0;0;4;0;15;1;6;41.8956153135;-87.7067053251;{'type': 'Point', 'coordinates': [-87.706705325106, 41.895615313545]};ON SCENE;2025-06-15T16:45:00.000
54422c765a7570d10c47382909d3d74cd1e0efb5cd85fada35dc38623d14076b28daa123b20f1eca60c1d8b32ab5d18ea608cb6e7854f05ae52a0292fa6ee3c7;2025-06-15 15:50:00;30;TRAFFIC SIGNAL;FUNCTIONING PROPERLY;CLEAR;DAYLIGHT;ANGLE;NOT DIVIDED;STRAIGHT AND LEVEL;DRY;NO DEFECTS;INJURY AND / OR TOW DUE TO CRASH;;;OVER $1,500;FAILING TO YIELD RIGHT-OF-WAY;UNABLE TO DETERMINE;5210;N;BROADWAY;2013;;;;;;;3;INCAPACITATING INJURY;1;0;1;0;0;3;0;15;1;6;41.9766938822;-87.6600229568;{'type': 'Point', 'coordinates': [-87.660022956791, 41.976693882241]};ON SCENE;2025-06-15T15:54:00.000
1ccf765502d87c75e4c7fe10de292a9c77fa93e302a1e17a061852bb79d4ad06e05cf8b5ff01751f9bceb7c5ca931c72f6f64113fc38f0b43851466956f1a84d;2025-06-15 15:45:00;30;TRAFFIC SIGNAL;FUNCTIONING PROPERLY;CLEAR;DAYLIGHT;SIDESWIPE SAME DIRECTION;T-INTERSECTION;STRAIGHT AND LEVEL;DRY;UNKNOWN;NO INJURY / DRIVE AWAY;Y;;$500 OR LESS;ROAD ENGINEERING/SURFACE/MARKING DEFECTS;IMPROPER LANE USAGE;1300;S;LAKE SHORE DR SB;132;;;;;;;2;NO INDICATION OF INJURY;0;0;0;0;0;2;0;15;1;6;41.8657323123;-87.6196686373;{'type': 'Point', 'coordinates': [-87.61966863732, 41.865732312266]};NOT ON SCENE (DESK REPORT);2025-06-15T17:30:00.000
6155ed7db0225859634475fd70584a006bd599e2d0fec321e8b7276b45e50bccbc0499fddc08e93dc74440660d13734afa3759b2013806bf78f6db103a644de3;2025-06-15 15:41:00;30;NO CONTROLS;NO CONTROLS;CLEAR;DAYLIGHT;PARKED MOTOR VEHICLE;NOT DIVIDED;STRAIGHT AND LEVEL;DRY;NO DEFECTS;NO INJURY / DRIVE AWAY;;Y;$501 - $1,500;IMPROPER BACKING;NOT APPLICABLE;1858;N;STOCKTON DR;1814;;;;;;;2;NO INDICATION OF INJURY;0;0;0;0;0;1;0;15;1;6;41.9166771786;-87.6340716278;{'type': 'Point', 'coordinates': [-87.6340716278, 41.916677178609]};ON SCENE;2025-06-15T16:16:00.000
cd1338c16bbd4bbff37538eff8617a63447fcff11f7d1cf554a6073a646aa7a87a5182ae01ac5e2b772111b5b86799e7edcb6f9da891081e7f576478161dfc16;2025-06-15 15:40:00;30;UNKNOWN;UNKNOWN;UNKNOWN;DAYLIGHT;SIDESWIPE SAME DIRECTION;NOT DIVIDED;STRAIGHT AND LEVEL;UNKNOWN;UNKNOWN;NO INJURY / DRIVE AWAY;;;OVER $1,500;UNABLE TO DETERMINE;NOT APPLICABLE;1422;W;DIVERSEY PKWY;1932;;;;;;;2;NO INDICATION OF INJURY;0;0;0;0;0;2;0;15;1;6;41.9325741564;-87.664547889;{'type': 'Point', 'coordinates': [-87.664547889026, 41.932574156421]};NOT ON SCENE (DESK REPORT);2025-06-15T16:20:00.000
873ee3cd4b72a78716c17665f7eaca1124e124dd727d02019da13d272b37decb36b25dcce6cfb2b4e141e6a15661003f6f1be968c5770d60708df5d7feacae32;2025-06-15 15:30:00;30;NO CONTROLS;NO CONTROLS;CLEAR;DAYLIGHT;ANGLE;NOT DIVIDED;STRAIGHT AND LEVEL;DRY;NO DEFECTS;INJURY AND / OR TOW DUE TO CRASH;;;OVER $1,500;FAILING TO YIELD RIGHT-OF-WAY;UNABLE TO DETERMINE;2017;E;95TH ST;431;;;;;;;2;NONINCAPACITATING INJURY;1;0;0;1;0;1;0;15;1;6;41.7223669803;-87.5746643912;{'type': 'Point', 'coordinates': [-87.57466439121, 41.722366980323]};NOT ON SCENE (DESK REPORT);2025-06-16T15:30:00.000
b9dd6b523c4cece89369429949ffded848dc79f09d1d9bec4d3976ddbf5b9288aec7bd5914d57433bda0ad65732e6c98a1bd725c1786d65f176fad8dde0aa3de;2025-06-15 15:30:00;25;STOP SIGN/FLASHER;FUNCTIONING PROPERLY;CLEAR;DAYLIGHT;ANGLE;FOUR WAY;STRAIGHT ON GRADE;DRY;NO DEFECTS;NO INJURY / DRIVE AWAY;Y;Y;OVER $1,500;DISREGARDING STOP SIGN;UNABLE TO DETERMINE;3800;W;77TH ST;833;;;;;;;3;NO INDICATION OF INJURY;0;0;0;0;0;3;0;15;1;6;41.7529580613;-87.718433731;{'type': 'Point', 'coordinates': [-87.71843373098, 41.752958061261]};ON SCENE;2025-06-15T15:30:00.000
9d7a7cda6a8ee60693439f6a884246bc2c276806e92e7dd13fbfc56d6540c253845257ad301be8f613153488f6011e5936c03a2309ea61670fed0291ccea4051;2025-06-15 15:20:00;15;UNKNOWN;UNKNOWN;CLEAR;DAYLIGHT;PEDALCYCLIST;NOT DIVIDED;STRAIGHT AND LEVEL;DRY;UNKNOWN;NO INJURY / DRIVE AWAY;;Y;OVER $1,500;FAILING TO YIELD RIGHT-OF-WAY;FAILING TO YIELD RIGHT-OF-WAY;675;N;FRANKLIN ST;1831;;;;;;;2;NO INDICATION OF INJURY;0;0;0;0;0;2;0;15;1;6;41.8945890248;-87.6355063665;{'type': 'Point', 'coordinates': [-87.63550636652, 41.894589024846]};NOT ON SCENE (DESK REPORT);2025-06-16T10:30:00.000
75a18d4b411801ae78c38642b4f7a0ed06c1198e5d9541dd90dac8867c44765b1e32faff49e0d66657673220ae966fd244afb1082f10605083c8006c6d096413;2025-06-15 15:17:00;30;TRAFFIC SIGNAL;FUNCTIONING PROPERLY;CLEAR;DAYLIGHT;TURNING;FIVE POINT, OR MORE;STRAIGHT AND LEVEL;DRY;NO DEFECTS;NO INJURY / DRIVE AWAY;;;OVER $1,500;IMPROPER TURNING/NO SIGNAL;UNABLE TO DETERMINE;3232;W;COLUMBUS AVE;835;;;;;;;2;NO INDICATION OF INJURY;0;0;0;0;0;2;0;15;1;6;41.7499537023;-87.7034947549;{'type': 'Point', 'coordinates': [-87.703494754851, 41.749953702331]};NOT ON SCENE (DESK REPORT);2025-06-16T14:00:00.000
2738318f87e44e4997d602c926980d6010dba2b8a10ec94c48918eadc5806f2b9524033cee6f419de6c168a9662cdd2306b517b5d6252931540179014f8b5cd3;2025-06-15 15:00:00;35;OTHER;UNKNOWN;CLEAR;DAYLIGHT;SIDESWIPE OPPOSITE DIRECTION;NOT DIVIDED;STRAIGHT AND LEVEL;DRY;UNKNOWN;NO INJURY / DRIVE AWAY;;Y;OVER $1,500;NOT APPLICABLE;OPERATING VEHICLE IN ERRATIC, RECKLESS, CARELESS, NEGLIGENT OR AGGRESSIVE MANNER;2540;W;40TH ST;921;;Y;;;;;2;NO INDICATION OF INJURY;0;0;0;0;0;2;0;15;1;6;41.8211880344;-87.6889251042;{'type': 'Point', 'coordinates': [-87.688925104174, 41.821188034419]};ON SCENE;2025-06-15T15:05:00.000
62785cef6ae27a62b67f21c4d0541230d7d0b64e9f9699de79985c41503aed217100c4e318e37267f2e4b10fd11175a91c5741c82d81f130a9582a83f9bf6a10;2025-06-15 15:00:00;30;NO CONTROLS;NO CONTROLS;CLEAR;DAYLIGHT;PARKED MOTOR VEHICLE;NOT DIVIDED;STRAIGHT AND LEVEL;DRY;UNKNOWN;NO INJURY / DRIVE AWAY;;Y;OVER $1,500;UNABLE TO DETERMINE;NOT APPLICABLE;1702;W;WABANSIA AVE;1433;;;;;;;2;NO INDICATION OF INJURY;0;0;0;0;0;1;0;15;1;6;41.9125301841;-87.6703308471;{'type': 'Point', 'coordinates': [-87.670330847095, 41.912530184052]};NOT ON SCENE (DESK REPORT);2025-06-16T16:25:00.000
df5e4a1cd2a2f3f1dd64d484bae33261bd9d19669ceb20961763c44fc88302b05d791ae526d2696856b94c5a181c6cb1c2970fd566a5f32cea18760158c0129f;2025-06-15 15:00:00;20;NO CONTROLS;NO CONTROLS;CLEAR;DAYLIGHT;PARKED MOTOR VEHICLE;UNKNOWN;STRAIGHT AND LEVEL;DRY;UNKNOWN;NO INJURY / DRIVE AWAY;;Y;OVER $1,500;IMPROPER LANE USAGE;FOLLOWING TOO CLOSELY;6800;S;NORMAL BLVD;722;;;;;;;3;NO INDICATION OF INJURY;0;0;0;0;0;1;0;15;1;6;41.770710573;-87.6374345317;{'type': 'Point', 'coordinates': [-87.637434531703, 41.770710572987]};NOT ON SCENE (DESK REPORT);2025-06-15T16:20:00.000
f2c39dd08006954de253ca3d0c884ac52973dcb60094a89aaac2e0e5294d2b7925efd882a54ab2d6e6ac861f647b034d9d936dedcf6cad3f0ddfdc5e6d717ceb;2025-06-15 15:00:00;45;NO CONTROLS;NO CONTROLS;CLEAR;DAYLIGHT;SIDESWIPE SAME DIRECTION;NOT DIVIDED;STRAIGHT AND LEVEL;DRY;NO DEFECTS;NO INJURY / DRIVE AWAY;;;OVER $1,500;IMPROPER LANE USAGE;NOT APPLICABLE;1200;S;LAKE SHORE DR SB;132;;;;;;;2;NO INDICATION OF INJURY;0;0;0;0;0;4;0;15;1;6;41.8674842272;-87.6191503834;{'type': 'Point', 'coordinates': [-87.619150383382, 41.867484227164]};NOT ON SCENE (DESK REPORT);2025-06-15T15:35:00.000
1d280abc69faaab604259ff41e91a0b8c7b27290c9e6bbe23398d4e2de3debb218fadb48acf9d9b78f61798efc6801a2092b950a220da3970b551aef31c59d03;2025-06-15 14:55:00;30;TRAFFIC SIGNAL;FUNCTIONING PROPERLY;CLEAR;DAYLIGHT;REAR END;DIVIDED - W/MEDIAN (NOT RAISED);STRAIGHT AND LEVEL;DRY;NO DEFECTS;NO INJURY / DRIVE AWAY;;;$501 - $1,500;DISTRACTION - FROM INSIDE VEHICLE;FOLLOWING TOO CLOSELY;200;E;79TH ST;623;;;;;;;2;NO INDICATION OF INJURY;0;0;0;0;0;2;0;14;1;6;41.7511453841;-87.6196917653;{'type': 'Point', 'coordinates': [-87.61969176533, 41.751145384148]};NOT ON SCENE (DESK REPORT);2025-06-15T15:50:00.000
b246813c947d7039dec0a54261b8a7ffc3ac637c7d2877e79c324eb0048803634b62a97e6d4068510dd82da01695f936b09f5c899750e4abb6703831cb4951b8;2025-06-15 14:55:00;30;TRAFFIC SIGNAL;FUNCTIONING PROPERLY;CLEAR;DAYLIGHT;REAR TO FRONT;NOT DIVIDED;STRAIGHT AND LEVEL;DRY;NO DEFECTS;NO INJURY / DRIVE AWAY;Y;;OVER $1,500;IMPROPER BACKING;NOT APPLICABLE;4001;W;62ND ST;813;;;;;;;2;NO INDICATION OF INJURY;0;0;0;0;0;2;0;14;1;6;41.7803621376;-87.7228704657;{'type': 'Point', 'coordinates': [-87.722870465656, 41.780362137577]};NOT ON SCENE (DESK REPORT);2025-06-15T15:20:00.000
c621a992a816bb3aefd211d23af4666d6abc0e774dbeddc0408414235222b22cd258b8b8381b656275c6d14bc2840dd076ab86192056667be9c6bd04877c6cb5;2025-06-15 14:50:00;30;UNKNOWN;UNKNOWN;CLEAR;DAYLIGHT;SIDESWIPE SAME DIRECTION;FOUR WAY;STRAIGHT AND LEVEL;UNKNOWN;UNKNOWN;NO INJURY / DRIVE AWAY;Y;;OVER $1,500;UNABLE TO DETERMINE;NOT APPLICABLE;5400;N;ASHLAND AVE;2012;;;;;;;2;NO INDICATION OF INJURY;0;0;0;0;0;3;0;14;1;6;41.9798674763;-87.6698627542;{'type': 'Point', 'coordinates': [-87.669862754198, 41.979867476333]};NOT ON SCENE (DESK REPORT);2025-06-15T15:45:00.000
1401460d54dbb70a292ca526d3b4ead8440b825da88b75a179132ecedb4db78b7ab863bb856f04d65e79cef479b09af382c15d102ce483fe01af0b69bbc9bdb3;2025-06-15 14:45:00;30;TRAFFIC SIGNAL;FUNCTIONING PROPERLY;CLEAR;DAYLIGHT;TURNING;NOT DIVIDED;STRAIGHT AND LEVEL;DRY;UNKNOWN;INJURY AND / OR TOW DUE TO CRASH;;;OVER $1,500;IMPROPER TURNING/NO SIGNAL;UNABLE TO DETERMINE;8622;S;SOUTH CHICAGO AVE;412;;;;;;;2;NO INDICATION OF INJURY;0;0;0;0;0;2;0;14;1;6;41.7382363256;-87.5673532314;{'type': 'Point', 'coordinates': [-87.567353231365, 41.738236325554]};ON SCENE;2025-06-15T14:45:00.000
45be765c5ff963eaaa759932fc83fee906a72fa6216d4bb4b23c3fca3554a3521a4ffc64a5240e4aaf257b27415885b780f818a4fa944b1b255af4f1b616bbac;2025-06-15 14:38:00;20;TRAFFIC SIGNAL;NO CONTROLS;CLEAR;DAYLIGHT;PARKED MOTOR VEHICLE;ONE-WAY;STRAIGHT AND LEVEL;DRY;NO DEFECTS;NO INJURY / DRIVE AWAY;;;OVER $1,500;NOT APPLICABLE;NOT APPLICABLE;2798;W;WELLINGTON AVE;1411;;;;;;;2;NO INDICATION OF INJURY;0;0;0;0;0;1;0;14;1;6;41.9358535847;-87.6976651175;{'type': 'Point', 'coordinates': [-87.697665117522, 41.935853584669]};ON SCENE;2025-06-15T16:35:00.000
98ee1216e755421607486e5878b2000b3c60c78cdc747680bf88a1a8a2ec407adc65e73f2b4a4a6cf0f3badfbbaf9969d67fc12b4aef943beab991c297bdf72f;2025-06-15 14:19:00;30;STOP SIGN/FLASHER;FUNCTIONING PROPERLY;CLEAR;DAYLIGHT;PARKED MOTOR VEHICLE;NOT DIVIDED;STRAIGHT AND LEVEL;DRY;NO DEFECTS;INJURY AND / OR TOW DUE TO CRASH;;;OVER $1,500;UNABLE TO DETERMINE;NOT APPLICABLE;901;W;71ST ST;733;;;;;;;2;NO INDICATION OF INJURY;0;0;0;0;0;1;0;14;1;6;41.7650546746;-87.6468992984;{'type': 'Point', 'coordinates': [-87.646899298409, 41.765054674584]};ON SCENE;2025-06-15T15:38:00.000
097d5fc55cfd3e0c9972ed4be2e03e68a1293df9b5b5413f21f11877b73c3e1124f9a332c076dadca606abc289ff360ae8a3d5fd3817c9b18326754d319ca40d;2025-06-15 14:18:00;15;STOP SIGN/FLASHER;OTHER;CLEAR;DAYLIGHT;PEDALCYCLIST;ONE-WAY;STRAIGHT AND LEVEL;DRY;UNKNOWN;INJURY AND / OR TOW DUE TO CRASH;;;$501 - $1,500;FAILING TO YIELD RIGHT-OF-WAY;DRIVING ON WRONG SIDE/WRONG WAY;3001;N;KEATING AVE;2521;;;;;;;2;NONINCAPACITATING INJURY;1;0;0;1;0;1;0;14;1;6;41.9352938823;-87.7453261531;{'type': 'Point', 'coordinates': [-87.745326153098, 41.935293882318]};ON SCENE;2025-06-15T14:18:00.000
480dca9dca734c369c4efbb1ea2545f912309a534c1b298c704f149d19b9d1752b9b01f0ec6b74e65ae619c35234b88dde54cc0e4aba1be9563534e868cbb948;2025-06-15 14:17:00;30;NO CONTROLS;NO CONTROLS;CLEAR;DAYLIGHT;TURNING;NOT DIVIDED;STRAIGHT AND LEVEL;DRY;NO DEFECTS;INJURY AND / OR TOW DUE TO CRASH;;;OVER $1,500;NOT APPLICABLE;NOT APPLICABLE;2317;N;CICERO AVE;2522;;;;;;;2;NONINCAPACITATING INJURY;1;0;0;1;0;1;0;14;1;6;41.9229310426;-87.7461194779;{'type': 'Point', 'coordinates': [-87.746119477943, 41.922931042554]};ON SCENE;2025-06-15T14:18:00.000
98a9b7cb0ab60b5d8aa9e04597fcbba93b9f623f7f6277dd79c43daaddda70f86698c52e21176b26b7419e9e087698582c712d90b0871efc2db99465248d2bce;2025-06-15 14:15:00;30;STOP SIGN/FLASHER;FUNCTIONING PROPERLY;CLEAR;DAYLIGHT;TURNING;FOUR WAY;STRAIGHT AND LEVEL;DRY;NO DEFECTS;INJURY AND / OR TOW DUE TO CRASH;Y;;OVER $1,500;FAILING TO YIELD RIGHT-OF-WAY;NOT APPLICABLE;666;W;LAKE ST;1214;;;;;;;2;NO INDICATION OF INJURY;0;0;0;0;0;2;0;14;1;6;41.885801756;-87.6453278635;{'type': 'Point', 'coordinates': [-87.64532786346, 41.885801756029]};ON SCENE;2025-06-15T14:40:00.000
a4c6861433ae923780530cb6a39f0f00d94d59324be8da9ce994b06bffba5c52773c296938b6792ccabf4a9226145c28ce29ffdc8960b00e2a16745499f0507b;2025-06-15 14:10:00;30;NO CONTROLS;NO CONTROLS;CLEAR;UNKNOWN;REAR END;DIVIDED - W/MEDIAN BARRIER;STRAIGHT AND LEVEL;UNKNOWN;UNKNOWN;NO INJURY / DRIVE AWAY;;;OVER $1,500;UNABLE TO DETERMINE;UNABLE TO DETERMINE;1716;S;INDIANA AVE;132;;;;;;;2;NO INDICATION OF INJURY;0;0;0;0;0;4;0;14;1;6;41.8585769553;-87.6224919018;{'type': 'Point', 'coordinates': [-87.622491901761, 41.858576955296]};NOT ON SCENE (DESK REPORT);2025-06-15T16:20:00.000
aca5e64d681b3e74bef50361def392535654ef778e4c600e6cf8f2518f14a093a9db999eb91175610af19e13b7eee4b7811180d1f902dec158998eb61dcd5b10;2025-06-15 14:05:00;25;NO CONTROLS;NO CONTROLS;CLEAR;DAYLIGHT;PARKED MOTOR VEHICLE;NOT DIVIDED;STRAIGHT AND LEVEL;DRY;NO DEFECTS;INJURY AND / OR TOW DUE TO CRASH;;;OVER $1,500;UNABLE TO DETERMINE;NOT APPLICABLE;3911;N;RAVENSWOOD AVE;1922;;;;;;;2;NO INDICATION OF INJURY;0;0;0;0;0;2;0;14;1;6;41.952776412;-87.6736103958;{'type': 'Point', 'coordinates': [-87.673610395753, 41.952776412031]};ON SCENE;2025-06-15T14:44:00.000