crash_record_id;crash_date;posted_speed_limit;traffic_control_device;device_condition;weather_condition;lighting_condition;first_crash_type;trafficway_type;alignment;roadway_surface_cond;road_defect;crash_type;intersection_related_i;hit_and_run_i;damage;prim_contributory_cause;sec_contributory_cause;street_no;street_direction;street_name;beat_of_occurrence;photos_taken_i;statements_taken_i;dooring_i;work_zone_i;work_zone_type;workers_present_i;num_units;most_severe_injury;injuries_total;injuries_fatal;injuries_incapacitating;injuries_non_incapacitating;injuries_reported_not_evident;injuries_no_indication;injuries_unknown;crash_hour;crash_day_of_week;crash_month;latitude;longitude;location;report_type;date_police_notified
579eae7554da58fe42cfbb5fdf53fc23c75f4f5c03d9867e28eb7ca70eb0ce28682e86f521821a86975ca0393298668cd2f412edbcba497b8127a1e16738b073;2025-06-15 14:00:00;30;NO CONTROLS;NO CONTROLS;CLEAR;DAYLIGHT;SIDESWIPE SAME DIRECTION;NOT DIVIDED;STRAIGHT AND LEVEL;DRY;UNKNOWN;NO INJURY / DRIVE AWAY;;Y;OVER $1,500;IMPROPER OVERTAKING/PASSING;NOT APPLICABLE;2244;N;ELSTON AVE;1432;;;;;;;2;NO INDICATION OF INJURY;0;0;0;0;0;2;0;14;1;6;41.9222679243;-87.6736623776;{'type': 'Point', 'coordinates': [-87.673662377649, 41.922267924329]};NOT ON SCENE (DESK REPORT);2025-06-16T17:00:00.000
728eec3b5c21b4c1388de97df6f060d3b3ec8e8a450b5b2f378b183746db654f954d90eac6543ce5d1f2e79655b285c9fb9d33ab8a85ccec588c437b7d3057f7;2025-06-15 14:00:00;25;NO CONTROLS;NO CONTROLS;CLEAR;DAYLIGHT;REAR END;NOT DIVIDED;STRAIGHT AND LEVEL;DRY;NO DEFECTS;INJURY AND / OR TOW DUE TO CRASH;Y;;OVER $1,500;FOLLOWING TOO CLOSELY;NOT APPLICABLE;6132;W;IRVING PARK RD;1624;;;;;;;2;NO INDICATION OF INJURY;0;0;0;0;0;5;0;14;1;6;41.9531061912;-87.78050699;{'type': 'Point', 'coordinates': [-87.780506990003, 41.953106191206]};ON SCENE;2025-06-15T14:05:00.000
b9a5e2d3f4e234417601cfcd0b84c7aa023838311cb0be21942c8a89386f94d98c5d1a20b716260b9a4522f1c39242029a84312529bba0321cbb8e57b8e45c2a;2025-06-15 14:00:00;20;NO CONTROLS;NO CONTROLS;CLEAR;DAYLIGHT;SIDESWIPE SAME DIRECTION;PARKING LOT;STRAIGHT AND LEVEL;DRY;NO DEFECTS;NO INJURY / DRIVE AWAY;;;OVER $1,500;UNABLE TO DETERMINE;NOT APPLICABLE;10402;W;JOHNSON RD;1654;;;;;;;2;NO INDICATION OF INJURY;0;0;0;0;0;2;0;14;1;6;41.9976559927;-87.8873292534;{'type': 'Point', 'coordinates': [-87.887329253384, 41.997655992676]};ON SCENE;2025-06-15T14:18:00.000
c7e1e78a1431eb8fd5496bb310878fce3bf9cdc7c61f3ae625fecfd2d5b0d18d1dcc7a1ec97b6357d4ca3003e35aff3e69ac9a244b0631e76d9bfb3def81539e;2025-06-15 14:00:00;30;PEDESTRIAN CROSSING SIGN;UNKNOWN;CLEAR;DAYLIGHT;PEDESTRIAN;NOT DIVIDED;STRAIGHT AND LEVEL;DRY;UNKNOWN;INJURY AND / OR TOW DUE TO CRASH;;Y;OVER $1,500;FAILING TO YIELD RIGHT-OF-WAY;NOT APPLICABLE;3313;W;NORTH AVE;1422;;;;;;;3;NONINCAPACITATING INJURY;2;0;0;2;0;1;0;14;1;6;41.9099642851;-87.7100373336;{'type': 'Point', 'coordinates': [-87.710037333611, 41.909964285147]};ON SCENE;2025-06-15T14:01:00.000
80601f6816ab552a4471fcce72c3d959c4b4d1ce8a2102f8f0eeecf682ee81d923c78d17a4098c98b57cac1c14cf9d8bbcf1d50cb473bb31d01744c176874287;2025-06-15 13:50:00;30;TRAFFIC SIGNAL;FUNCTIONING PROPERLY;CLEAR;DAYLIGHT;SIDESWIPE SAME DIRECTION;DIVIDED - W/MEDIAN BARRIER;STRAIGHT AND LEVEL;DRY;UNKNOWN;NO INJURY / DRIVE AWAY;Y;;$501 - $1,500;IMPROPER OVERTAKING/PASSING;IMPROPER OVERTAKING/PASSING;120;W;LA SALLE DR;1814;;;;;;;2;NO INDICATION OF INJURY;0;0;0;0;0;2;0;13;1;6;41.9132250268;-87.6328291877;{'type': 'Point', 'coordinates': [-87.632829187684, 41.913225026781]};NOT ON SCENE (DESK REPORT);2025-06-15T15:59:00.000
2cc0442c92f5f29de04a2752ffa193784904a77cc1d2a9b9a6436bd0feedf2097caaf94eca0e6e0c9a19a85f4feadd27386a665c6959676c86790d852f47fba8;2025-06-15 13:45:00;30;UNKNOWN;UNKNOWN;CLEAR;DAYLIGHT;ANGLE;FOUR WAY;STRAIGHT AND LEVEL;UNKNOWN;UNKNOWN;NO INJURY / DRIVE AWAY;;;OVER $1,500;UNABLE TO DETERMINE;UNABLE TO DETERMINE;600;N;FRANKLIN ST;1831;;;;;;;2;NO INDICATION OF INJURY;0;0;0;0;0;2;0;13;1;6;41.8924065363;-87.6357436267;{'type': 'Point', 'coordinates': [-87.635743626722, 41.892406536262]};NOT ON SCENE (DESK REPORT);2025-06-15T14:50:00.000
55e921cafdc70ad135db8dffc6cb1ded4eab1f27bc635178f62e04ede8a8ffd0ad6a74576f81c8c377278411f8eaf6ec85e324744f2a0bd200e5261627ee25f4;2025-06-15 13:40:00;30;TRAFFIC SIGNAL;FUNCTIONING PROPERLY;CLEAR;DAYLIGHT;SIDESWIPE SAME DIRECTION;CENTER TURN LANE;STRAIGHT AND LEVEL;DRY;NO DEFECTS;INJURY AND / OR TOW DUE TO CRASH;Y;;OVER $1,500;FAILING TO REDUCE SPEED TO AVOID CRASH;UNABLE TO DETERMINE;4978;S;ARCHER AVE;821;;;;;;;3;NONINCAPACITATING INJURY;3;0;0;3;0;1;0;13;1;6;41.8028582894;-87.7227763769;{'type': 'Point', 'coordinates': [-87.722776376873, 41.802858289412]};ON SCENE;2025-06-15T13:42:00.000
6b47c6fa32156ef7e9e1884956d04b25587e699980df78d2a189af688b13a96cbe0f0c61005dd56a23a3c52f15a748aa2a63890bbc0a48f4c58cb2a0cb7212af;2025-06-15 13:40:00;30;STOP SIGN/FLASHER;NO CONTROLS;CLEAR;DAYLIGHT;ANGLE;DIVIDED - W/MEDIAN (NOT RAISED);STRAIGHT AND LEVEL;DRY;NO DEFECTS;NO INJURY / DRIVE AWAY;;;OVER $1,500;UNABLE TO DETERMINE;UNABLE TO DETERMINE;3814;N;ST LOUIS AVE;1732;;;;;;;2;NO INDICATION OF INJURY;0;0;0;0;0;2;0;13;1;6;41.9506389166;-87.715421381;{'type': 'Point', 'coordinates': [-87.715421381023, 41.95063891661]};NOT ON SCENE (DESK REPORT);2025-06-15T15:35:00.000
f521c337ceb473e2085769eb184e074b4a52648a7b880fe9ef169e70fd56b44ef936f7f0364d45fde82e2381a3847964439e17327a6196fd7df4dd0681f8787b;2025-06-15 13:40:00;30;TRAFFIC SIGNAL;FUNCTIONING PROPERLY;CLEAR;DAYLIGHT;TURNING;FOUR WAY;CURVE, LEVEL;DRY;UNKNOWN;NO INJURY / DRIVE AWAY;;;OVER $1,500;DRIVING SKILLS/KNOWLEDGE/EXPERIENCE;UNABLE TO DETERMINE;500;N;LAKE SHORE DR NB;1834;;;;;;;2;NO INDICATION OF INJURY;0;0;0;0;0;2;0;13;1;6;41.8911470717;-87.6143750572;{'type': 'Point', 'coordinates': [-87.61437505723, 41.89114707171]};NOT ON SCENE (DESK REPORT);2025-06-15T16:50:00.000
6736f018652ce1f3da21013685581fec3add49771461f4a2e096da87a98b39d2cce6eee04238dd68f40278e85c995e0484b93ae318516b755aaa6b5d5c4f93be;2025-06-15 13:38:00;30;TRAFFIC SIGNAL;FUNCTIONING PROPERLY;CLOUDY/OVERCAST;DAYLIGHT;ANGLE;OTHER;STRAIGHT AND LEVEL;DRY;NO DEFECTS;INJURY AND / OR TOW DUE TO CRASH;Y;;OVER $1,500;DISREGARDING TRAFFIC SIGNALS;FAILING TO REDUCE SPEED TO AVOID CRASH;100;S;FRANKLIN ST;122;;;;;;;2;REPORTED, NOT EVIDENT;1;0;0;0;1;4;0;13;1;6;41.8805745897;-87.6354261484;{'type': 'Point', 'coordinates': [-87.635426148449, 41.880574589715]};ON SCENE;2025-06-15T14:10:00.000
51dfb3bd3dca312e9568ae9ca92acce0c956f7c6bed3ddd7d9f88e40d759d4fb266897640cf5439126447dd0890a8480a53e1b9f88b39661a71483c389e34a69;2025-06-15 13:30:00;25;OTHER;FUNCTIONING PROPERLY;CLEAR;DAYLIGHT;PEDALCYCLIST;NOT DIVIDED;STRAIGHT AND LEVEL;DRY;NO DEFECTS;INJURY AND / OR TOW DUE TO CRASH;;Y;$501 - $1,500;IMPROPER OVERTAKING/PASSING;UNABLE TO DETERMINE;1333;N;SEDGWICK ST;1821;;;;;;;2;NONINCAPACITATING INJURY;1;0;0;1;0;1;0;13;1;6;41.9064950964;-87.6383020294;{'type': 'Point', 'coordinates': [-87.638302029376, 41.906495096446]};ON SCENE;2025-06-15T13:32:00.000
8b808277d8a0105a9b910a6bf65e65132b09ee6305f236c2aa44a8dd50a9c1a508685a400c18c38bc142fcdd50512ee57010a8260346f823de835a7b5f8c21fb;2025-06-15 13:30:00;30;STOP SIGN/FLASHER;FUNCTIONING PROPERLY;CLEAR;DAYLIGHT;SIDESWIPE SAME DIRECTION;FOUR WAY;STRAIGHT AND LEVEL;DRY;NO DEFECTS;NO INJURY / DRIVE AWAY;Y;;OVER $1,500;UNABLE TO DETERMINE;UNABLE TO DETERMINE;3832;N;ELSTON AVE;1732;;;;;;;2;NO INDICATION OF INJURY;0;0;0;0;0;5;0;13;1;6;41.9509187942;-87.7153215812;{'type': 'Point', 'coordinates': [-87.715321581246, 41.950918794225]};NOT ON SCENE (DESK REPORT);2025-06-15T15:15:00.000
91a28a656c4c7ffd4d8189422e040c425f7e93eb89900b927d9f2bf46e41ab2b5145c8ca6c8967a5b1397dc438fbc2e0167fb00aab9236f971cfb17851246dae;2025-06-15 13:30:00;30;NO CONTROLS;NO CONTROLS;CLEAR;DAYLIGHT;PARKED MOTOR VEHICLE;ONE-WAY;STRAIGHT AND LEVEL;DRY;NO DEFECTS;INJURY AND / OR TOW DUE TO CRASH;;;OVER $1,500;UNABLE TO DETERMINE;NOT APPLICABLE;15;N;WASHTENAW AVE;1222;;;;;;;2;NO INDICATION OF INJURY;0;0;0;0;0;2;0;13;1;6;41.8816245799;-87.6937818599;{'type': 'Point', 'coordinates': [-87.693781859859, 41.881624579861]};;2025-06-15T13:45:00.000
cb95e8da187aae1c25881384deba6bbd6d86e419ff9c6d3af85792d5d1d87c646b079e8206e8566d17121d3193e837fcb4eb606911448c879d8901fd6473f79e;2025-06-15 13:30:00;30;STOP SIGN/FLASHER;FUNCTIONING PROPERLY;CLEAR;DAYLIGHT;HEAD ON;NOT DIVIDED;STRAIGHT AND LEVEL;DRY;NO DEFECTS;NO INJURY / DRIVE AWAY;;Y;$501 - $1,500;DRIVING ON WRONG SIDE/WRONG WAY;FAILING TO YIELD RIGHT-OF-WAY;958;W;CARMEN AVE;2024;;;;;;;2;NO INDICATION OF INJURY;0;0;0;0;0;2;0;13;1;6;41.9744087815;-87.654839196;{'type': 'Point', 'coordinates': [-87.65483919597, 41.974408781539]};ON SCENE;2025-06-15T13:30:00.000
546aa1cb4bebd3a184eb756ca61b39384afc7afd6c395f2f9348b2aa034f5b82119ed30a98738dfd62a1c10d68d146a23d243e1ff091f775c66d2cce6423b015;2025-06-15 13:20:00;30;NO CONTROLS;NO CONTROLS;CLEAR;DAYLIGHT;REAR END;NOT DIVIDED;STRAIGHT AND LEVEL;UNKNOWN;UNKNOWN;INJURY AND / OR TOW DUE TO CRASH;Y;Y;OVER $1,500;FOLLOWING TOO CLOSELY;UNABLE TO DETERMINE;1625;W;PETERSON AVE;2012;;;;;;;2;REPORTED, NOT EVIDENT;1;0;0;0;1;2;0;13;1;6;41.9906691893;-87.6711596139;{'type': 'Point', 'coordinates': [-87.671159613875, 41.990669189329]};NOT ON SCENE (DESK REPORT);2025-06-15T15:17:00.000
d50e340845959ff82931833a10741814250c9588a41779be45c6e100172a3552473a15d39269e6013c1c370494f98140c9c95f1196107a2e2c3c746b033a7115;2025-06-15 13:18:00;30;UNKNOWN;UNKNOWN;UNKNOWN;UNKNOWN;SIDESWIPE SAME DIRECTION;UNKNOWN;STRAIGHT AND LEVEL;UNKNOWN;UNKNOWN;NO INJURY / DRIVE AWAY;;;OVER $1,500;UNABLE TO DETERMINE;NOT APPLICABLE;5708;N;CENTRAL AVE;1622;;;;;;;2;NO INDICATION OF INJURY;0;0;0;0;0;5;0;13;1;6;41.9849906462;-87.7684471875;{'type': 'Point', 'coordinates': [-87.768447187494, 41.984990646192]};NOT ON SCENE (DESK REPORT);2025-06-15T13:40:00.000
d332b5d9e0da2767ca5639b450da6e86662fae247824759171b489c3f08270e3e7c826fbd398c8170971566c02f25936a46921ae5b5bc052e3a02caba56418f1;2025-06-15 13:15:00;30;UNKNOWN;UNKNOWN;CLEAR;DAYLIGHT;REAR END;UNKNOWN;STRAIGHT AND LEVEL;UNKNOWN;UNKNOWN;NO INJURY / DRIVE AWAY;;Y;OVER $1,500;UNABLE TO DETERMINE;UNABLE TO DETERMINE;10000;W;BALMORAL AVE;1654;;;;;;;2;NO INDICATION OF INJURY;0;0;0;0;0;2;0;13;1;6;;;;NOT ON SCENE (DESK REPORT);2025-06-15T18:55:00.000
ac036d0216b1a4a91cbaa58185d3ae233e2ed0e27f91cd13f300b6fbc630f735dbd8703073dcf915343aed68d6355a86088edc1f2178121e09695a98634e1c94;2025-06-15 13:11:00;30;UNKNOWN;UNKNOWN;CLEAR;DAYLIGHT;SIDESWIPE SAME DIRECTION;NOT DIVIDED;STRAIGHT AND LEVEL;UNKNOWN;UNKNOWN;NO INJURY / DRIVE AWAY;;;OVER $1,500;UNABLE TO DETERMINE;UNABLE TO DETERMINE;2163;N;CLYBOURN AVE;1811;;;;;;;2;NO INDICATION OF INJURY;0;0;0;0;0;2;0;13;1;6;41.9207042914;-87.6629232597;{'type': 'Point', 'coordinates': [-87.662923259737, 41.920704291419]};NOT ON SCENE (DESK REPORT);2025-06-15T14:00:00.000
e7cfdc074f3cc89ba12cd19de8e11e98233d52752cf6710b72b444de1caa970c97c1283a5ac65a7409fb82423e513893cc7e9131ad67ed5bd242d379558fd948;2025-06-15 13:10:00;30;NO CONTROLS;NO CONTROLS;CLEAR;DAYLIGHT;PARKED MOTOR VEHICLE;PARKING LOT;STRAIGHT AND LEVEL;UNKNOWN;UNKNOWN;NO INJURY / DRIVE AWAY;;;OVER $1,500;FOLLOWING TOO CLOSELY;FOLLOWING TOO CLOSELY;226;W;CHICAGO AVE;1823;;;;;;;2;NO INDICATION OF INJURY;0;0;0;0;0;1;0;13;1;6;41.8966975103;-87.6353593118;{'type': 'Point', 'coordinates': [-87.635359311784, 41.89669751035]};NOT ON SCENE (DESK REPORT);2025-06-15T14:35:00.000
61dc6a6ab0576c6523a7342fc6c19305bb3516c799c760bdddc220a6f821ee18de348431bcdeef1fa11e06f100f43ca5e4427d825e4cc69ed33a4319ea47a47e;2025-06-15 13:00:00;30;UNKNOWN;UNKNOWN;UNKNOWN;DAYLIGHT;TURNING;NOT DIVIDED;STRAIGHT AND LEVEL;UNKNOWN;UNKNOWN;INJURY AND / OR TOW DUE TO CRASH;;;OVER $1,500;UNABLE TO DETERMINE;NOT APPLICABLE;2799;N;DAMEN AVE;1931;;;;;;;2;NO INDICATION OF INJURY;0;0;0;0;0;2;0;13;1;6;41.9321600479;-87.6779870871;{'type': 'Point', 'coordinates': [-87.677987087117, 41.932160047854]};NOT ON SCENE (DESK REPORT);2025-06-15T13:30:00.000
ac250e9ebd82185072b1c8b3bae1e55fa76fbfe2f3062c983d042132b47ac9cdf5cc4edd5c2d47952dbc48aa45ad3bdeab23ff769beaec7a1909b31b2de1398b;2025-06-15 13:00:00;30;TRAFFIC SIGNAL;FUNCTIONING PROPERLY;CLEAR;DAYLIGHT;REAR END;NOT DIVIDED;STRAIGHT AND LEVEL;UNKNOWN;UNKNOWN;NO INJURY / DRIVE AWAY;;Y;OVER $1,500;UNABLE TO DETERMINE;UNABLE TO DETERMINE;11;S;CENTRAL AVE;1522;;;;;;;2;NO INDICATION OF INJURY;0;0;0;0;0;2;0;13;1;6;41.8798269653;-87.7647059039;{'type': 'Point', 'coordinates': [-87.764705903852, 41.879826965348]};NOT ON SCENE (DESK REPORT);2025-06-15T15:26:00.000
0b5d43f71d2bb26b88d6f1fc9869a05ffc57204eef525ba72510fdeb435711286dec583ae3d02668fb9082eed0a30779a47e75d5a31943eabb2e65edf13ff955;2025-06-15 12:55:00;25;TRAFFIC SIGNAL;FUNCTIONING PROPERLY;CLEAR;DAYLIGHT;PEDESTRIAN;NOT DIVIDED;STRAIGHT AND LEVEL;DRY;NO DEFECTS;INJURY AND / OR TOW DUE TO CRASH;;;$500 OR LESS;FAILING TO YIELD RIGHT-OF-WAY;UNABLE TO DETERMINE;400;N;CENTRAL AVE;1512;;;;;;;2;REPORTED, NOT EVIDENT;1;0;0;0;1;1;0;12;1;6;41.8878046205;-87.7652684981;{'type': 'Point', 'coordinates': [-87.765268498104, 41.887804620535]};ON SCENE;2025-06-15T13:00:00.000
ce1f086098d032672422f2b0b25e20112862627dde59f6367f248564e0679718c4a6c53e1677ead45826964ead7e53f231aac71b87fc2ed0e418e95586126ce0;2025-06-15 12:51:00;30;NO CONTROLS;NO CONTROLS;CLEAR;DAYLIGHT;PARKED MOTOR VEHICLE;NOT DIVIDED;STRAIGHT AND LEVEL;DRY;NO DEFECTS;NO INJURY / DRIVE AWAY;;Y;OVER $1,500;IMPROPER OVERTAKING/PASSING;UNABLE TO DETERMINE;5067;W;48TH ST;814;;;;;;;2;NO INDICATION OF INJURY;0;0;0;0;0;1;0;12;1;6;41.8055925703;-87.7503758263;{'type': 'Point', 'coordinates': [-87.750375826296, 41.805592570349]};ON SCENE;2025-06-15T13:03:00.000
7bff79b0bf0f38dc4a8aee245cca0d73fe2ddaee2dd5eff57e0653fdad5eaae7249496cd1468e0468818c5f949f6bf3400387500707e7f7514e4570174f88578;2025-06-15 12:30:00;30;UNKNOWN;UNKNOWN;UNKNOWN;UNKNOWN;SIDESWIPE SAME DIRECTION;UNKNOWN;STRAIGHT AND LEVEL;UNKNOWN;UNKNOWN;NO INJURY / DRIVE AWAY;;;OVER $1,500;UNABLE TO DETERMINE;UNABLE TO DETERMINE;7101;S;STATE ST;323;;;;;;;2;NO INDICATION OF INJURY;0;0;0;0;0;2;0;12;1;6;41.7653974027;-87.6247572857;{'type': 'Point', 'coordinates': [-87.624757285727, 41.765397402699]};NOT ON SCENE (DESK REPORT);2025-06-15T12:30:00.000
917e0a1efad55945046bfe71e592ae09b45a850bdf6c1ee134665ba2be3b7ab93920298014cde696b02e508069d03dcf56d5233a7d5d19be54d0a44544f09837;2025-06-15 12:27:00;30;NO CONTROLS;NO CONTROLS;CLEAR;DAYLIGHT;REAR END;NOT DIVIDED;STRAIGHT AND LEVEL;DRY;NO DEFECTS;INJURY AND / OR TOW DUE TO CRASH;;;OVER $1,500;FOLLOWING TOO CLOSELY;FOLLOWING TOO CLOSELY;3510;N;ELSTON AVE;1733;;;;;;;3;NO INDICATION OF INJURY;0;0;0;0;0;3;0;12;1;6;41.9449549737;-87.7066171821;{'type': 'Point', 'coordinates': [-87.706617182106, 41.944954973681]};ON SCENE;2025-06-15T13:00:00.000
c783184d75b709b0fd05eb9d9008064cc7ada08d8add52b577738985c3f682e4e18196406323ef314b82f6955c9086746bd9db9ea55f82d5be79b66997fb2f55;2025-06-15 12:23:00;30;NO CONTROLS;NO CONTROLS;CLEAR;DAYLIGHT;SIDESWIPE OPPOSITE DIRECTION;DIVIDED - W/MEDIAN (NOT RAISED);STRAIGHT AND LEVEL;DRY;NO DEFECTS;NO INJURY / DRIVE AWAY;;;$501 - $1,500;IMPROPER OVERTAKING/PASSING;NOT APPLICABLE;8315;S;KOSTNER AVE;834;;;;;;;2;NO INDICATION OF INJURY;0;0;0;0;0;8;0;12;1;6;41.7415236522;-87.7312217346;{'type': 'Point', 'coordinates': [-87.731221734648, 41.741523652161]};NOT ON SCENE (DESK REPORT);2025-06-15T13:32:00.000
238d722f35ddb413d60a04bc0ef0c6cd0e88a87dfd890faf094658e5b54c4a6777ef88ab323e8b5b7b44472070622c31a3aeccadc537db2e46e0029120188c58;2025-06-15 12:10:00;30;NO CONTROLS;NO CONTROLS;CLEAR;DAYLIGHT;PARKED MOTOR VEHICLE;NOT DIVIDED;STRAIGHT AND LEVEL;DRY;NO DEFECTS;INJURY AND / OR TOW DUE TO CRASH;;Y;OVER $1,500;FOLLOWING TOO CLOSELY;NOT APPLICABLE;206;S;PULASKI RD;1115;;;;;;;2;REPORTED, NOT EVIDENT;1;0;0;0;1;2;0;12;1;6;41.8777307274;-87.7257161394;{'type': 'Point', 'coordinates': [-87.725716139408, 41.877730727368]};ON SCENE;2025-06-15T12:25:00.000
e7d9e5cfde44a493af13f59ea06c346fb17b4094741e762c86fff6b8d718f517e6379055f7cfebf25e3251d00a7767be0d5aed059a42f658df67f715a2556fc9;2025-06-15 12:07:00;30;NO CONTROLS;NO CONTROLS;CLEAR;DAYLIGHT;ANGLE;FOUR WAY;STRAIGHT AND LEVEL;DRY;NO DEFECTS;INJURY AND / OR TOW DUE TO CRASH;Y;;OVER $1,500;FAILING TO YIELD RIGHT-OF-WAY;NOT APPLICABLE;3431;W;LAWRENCE AVE;1723;;;;;;;2;REPORTED, NOT EVIDENT;2;0;0;0;2;3;0;12;1;6;41.9682776306;-87.7146466074;{'type': 'Point', 'coordinates': [-87.714646607414, 41.968277630586]};ON SCENE;2025-06-15T12:28:00.000
4f025c69c07391671fc69b7850fa2d1cc55b76f64eb82eab0865eb16414e262f4ebc2c22842b0af757897c0f9b237824833eb780682631244319195ab6a8310d;2025-06-15 12:00:00;30;STOP SIGN/FLASHER;NO CONTROLS;CLEAR;DAYLIGHT;ANGLE;NOT DIVIDED;STRAIGHT AND LEVEL;DRY;NO DEFECTS;INJURY AND / OR TOW DUE TO CRASH;Y;;OVER $1,500;FAILING TO YIELD RIGHT-OF-WAY;NOT APPLICABLE;4030;W;AUGUSTA BLVD;1111;;;;;;;3;REPORTED, NOT EVIDENT;1;0;0;0;1;1;0;12;1;6;41.8991102253;-87.7273640062;{'type': 'Point', 'coordinates': [-87.727364006239, 41.899110225335]};ON SCENE;2025-06-15T12:10:00.000
790e8d869f53056abb2cec405bab4344a8e13bca8105cf995407240b4af752fb8afad77cf1a32f949bd569c1b8299b27b631fc38b6f42e5d71577ecb5a531af5;2025-06-15 12:00:00;25;NO CONTROLS;NO CONTROLS;CLEAR;DAYLIGHT;PARKED MOTOR VEHICLE;ONE-WAY;STRAIGHT AND LEVEL;DRY;UNKNOWN;NO INJURY / DRIVE AWAY;;;OVER $1,500;IMPROPER BACKING;IMPROPER BACKING;2456;S;HOMAN AVE;1024;;;;;;;2;NO INDICATION OF INJURY;0;0;0;0;0;1;0;12;1;6;41.8464053516;-87.7101117936;{'type': 'Point', 'coordinates': [-87.710111793612, 41.846405351554]};NOT ON SCENE (DESK REPORT);2025-06-16T18:30:00.000
fffd91b178e8f8d53da79f385a6ca21bf826da95fab52455b984e9ca2a1cb7cffe2382674e06003e414912be9deb04f97e2a73a178b6fdc0780ec21e875bd193;2025-06-15 12:00:00;30;TRAFFIC SIGNAL;FUNCTIONING PROPERLY;CLEAR;DAYLIGHT;TURNING;RAMP;STRAIGHT ON GRADE;DRY;NO DEFECTS;NO INJURY / DRIVE AWAY;Y;;$501 - $1,500;IMPROPER LANE USAGE;NOT APPLICABLE;3200;N;LAKE SHORE DR SB;1925;;;;;;;2;NO INDICATION OF INJURY;0;0;0;0;0;2;0;12;1;6;41.9404429026;-87.6386335392;{'type': 'Point', 'coordinates': [-87.638633539238, 41.940442902597]};NOT ON SCENE (DESK REPORT);2025-06-15T12:00:00.000
fe07f12d7d73ac1a64cde698bb7ccc8e5fa549996a8ceaf7be85835f6bbd6202f033d65f2ebf753ed33bbf8c685d9ae5eb57e6c6fec4822fc01ce521c56cd07a;2025-06-15 11:50:00;45;TRAFFIC SIGNAL;FUNCTIONING PROPERLY;CLEAR;DAYLIGHT;SIDESWIPE SAME DIRECTION;DIVIDED - W/MEDIAN BARRIER;STRAIGHT AND LEVEL;DRY;UNKNOWN;NO INJURY / DRIVE AWAY;;;OVER $1,500;NOT APPLICABLE;NOT APPLICABLE;1901;S;LAKE SHORE DR NB;132;;;;;;;2;NO INDICATION OF INJURY;0;0;0;0;0;2;0;11;1;6;41.8561994979;-87.6154354016;{'type': 'Point', 'coordinates': [-87.615435401603, 41.856199497872]};ON SCENE;2025-06-15T11:54:00.000
c756d181ac6f85e3140979065f88aefc361a2c633d03a86d4e543bbc3c01388b6f807d4a3e002aeb268d81cde3787bf68d72c566e77b3eb4b9baba07649e5228;2025-06-15 11:47:00;30;UNKNOWN;UNKNOWN;UNKNOWN;DAYLIGHT;SIDESWIPE OPPOSITE DIRECTION;NOT DIVIDED;STRAIGHT AND LEVEL;UNKNOWN;UNKNOWN;NO INJURY / DRIVE AWAY;;;OVER $1,500;UNABLE TO DETERMINE;NOT APPLICABLE;2569;N;ELSTON AVE;1432;;;;;;;2;NO INDICATION OF INJURY;0;0;0;0;0;2;0;11;1;6;41.9283433426;-87.6820235875;{'type': 'Point', 'coordinates': [-87.682023587477, 41.928343342562]};NOT ON SCENE (DESK REPORT);2025-06-15T12:45:00.000
2ea8dec7ccce24d05dfdcb01fbf3274fbd64a584a3cdcf49f6399836028fc8a7bf81afcdb846fbc8fb0bdea39d863bbe85237af7357f0f2c5b2cb3b417780d0c;2025-06-15 11:43:00;30;TRAFFIC SIGNAL;UNKNOWN;CLEAR;DAYLIGHT;REAR END;DIVIDED - W/MEDIAN (NOT RAISED);STRAIGHT AND LEVEL;DRY;NO DEFECTS;NO INJURY / DRIVE AWAY;;;OVER $1,500;UNABLE TO DETERMINE;UNABLE TO DETERMINE;5901;S;PULASKI RD;822;;;;;;;2;NO INDICATION OF INJURY;0;0;0;0;0;3;0;11;1;6;41.7858938956;-87.7228133505;{'type': 'Point', 'coordinates': [-87.722813350541, 41.785893895635]};NOT ON SCENE (DESK REPORT);2025-06-15T12:34:00.000
5b744cc4fa354ef3ecf2593658261a9b92fa49d927d818565035716e6b6f388eb82e1aca418a79d2c07e104e799157747b6c9d064d852f8de5bb4558e653f009;2025-06-15 11:38:00;30;NO CONTROLS;NO CONTROLS;CLEAR;DAYLIGHT;PARKED MOTOR VEHICLE;DIVIDED - W/MEDIAN (NOT RAISED);STRAIGHT AND LEVEL;DRY;NO DEFECTS;NO INJURY / DRIVE AWAY;;Y;$501 - $1,500;UNABLE TO DETERMINE;UNABLE TO DETERMINE;3035;W;FULLERTON AVE;1414;;;;;;;2;NO INDICATION OF INJURY;0;0;0;0;0;1;0;11;1;6;41.9246392587;-87.7036589592;{'type': 'Point', 'coordinates': [-87.703658959185, 41.924639258714]};ON SCENE;2025-06-15T11:45:00.000