crash_record_id;crash_date;posted_speed_limit;traffic_control_device;device_condition;weather_condition;lighting_condition;first_crash_type;trafficway_type;alignment;roadway_surface_cond;road_defect;crash_type;intersection_related_i;hit_and_run_i;damage;prim_contributory_cause;sec_contributory_cause;street_no;street_direction;street_name;beat_of_occurrence;photos_taken_i;statements_taken_i;dooring_i;work_zone_i;work_zone_type;workers_present_i;num_units;most_severe_injury;injuries_total;injuries_fatal;injuries_incapacitating;injuries_non_incapacitating;injuries_reported_not_evident;injuries_no_indication;injuries_unknown;crash_hour;crash_day_of_week;crash_month;latitude;longitude;location;report_type;date_police_notified
3724b5a278304c896ba2145e962c1c57e74189b93e1678cb9041d6657bf67f06fa09ea72d4215642d66430d44702a61cd68f30a3d8d8ede02a0a67b1ce17b34c;2025-06-15 11:30:00;30;UNKNOWN;UNKNOWN;CLEAR;DAYLIGHT;REAR TO REAR;PARKING LOT;STRAIGHT AND LEVEL;UNKNOWN;UNKNOWN;NO INJURY / DRIVE AWAY;;Y;OVER $1,500;UNABLE TO DETERMINE;UNABLE TO DETERMINE;2593;N;ELSTON AVE;1432;;;;;;;2;NO INDICATION OF INJURY;0;0;0;0;0;2;0;11;1;6;41.9287769502;-87.682651476;{'type': 'Point', 'coordinates': [-87.682651475952, 41.928776950153]};NOT ON SCENE (DESK REPORT);2025-06-15T13:30:00.000
3b8dd23ce1ef3186463febd38a113008cd0e521387037ae1b4a0bfd5c9c4dde098e4d2cb480d624f16350914cd003b9cc30037a574e02aeac1d82201a727e236;2025-06-15 11:24:00;30;TRAFFIC SIGNAL;FUNCTIONING PROPERLY;CLEAR;DARKNESS, LIGHTED ROAD;HEAD ON;FOUR WAY;STRAIGHT AND LEVEL;DRY;NO DEFECTS;NO INJURY / DRIVE AWAY;;Y;OVER $1,500;DRIVING ON WRONG SIDE/WRONG WAY;NOT APPLICABLE;799;N;CICERO AVE;1111;;;;;;;2;NO INDICATION OF INJURY;0;0;0;0;0;2;0;11;1;6;41.8949590936;-87.7456588987;{'type': 'Point', 'coordinates': [-87.74565889869, 41.894959093611]};ON SCENE;2025-06-16T00:42:00.000
07f3f209f51d00f7f5b33818fc5951945cafcfded73df9ca75cc02d4405d0d5a2f4572203e89731ae52feec814a57fd6a3baef64735b3dd532e74a43f13bd7d6;2025-06-15 11:20:00;30;NO CONTROLS;NO CONTROLS;CLEAR;DAYLIGHT;REAR END;NOT DIVIDED;STRAIGHT AND LEVEL;DRY;NO DEFECTS;NO INJURY / DRIVE AWAY;;;$501 - $1,500;FAILING TO YIELD RIGHT-OF-WAY;UNABLE TO DETERMINE;1420;W;17TH ST;1233;;;;;;;2;NO INDICATION OF INJURY;0;0;0;0;0;2;0;11;1;6;41.8588760589;-87.6622254028;{'type': 'Point', 'coordinates': [-87.662225402816, 41.858876058914]};NOT ON SCENE (DESK REPORT);2025-06-15T11:50:00.000
7ff7505e750c578fe8641164324e930dcb867d1f90f8afc526707c10fedd00217ea5a43b32699301235f05b4aa48faa97ab597bb6dd4615f50d2e7158c0428e5;2025-06-15 11:00:00;30;STOP SIGN/FLASHER;FUNCTIONING PROPERLY;CLEAR;DAYLIGHT;REAR END;NOT DIVIDED;STRAIGHT AND LEVEL;DRY;NO DEFECTS;NO INJURY / DRIVE AWAY;;Y;$501 - $1,500;FOLLOWING TOO CLOSELY;UNABLE TO DETERMINE;1615;W;MARQUETTE RD;725;;;;;;;2;NO INDICATION OF INJURY;0;0;0;0;0;4;0;11;1;6;41.7720726876;-87.6646769213;{'type': 'Point', 'coordinates': [-87.664676921262, 41.772072687599]};NOT ON SCENE (DESK REPORT);2025-06-15T11:15:00.000
ec7a279329991d298194ff2a450e898a1fafa6e2c0acbb36bf1e9bcb49bddaae03ed1964093b5c112ed6f0c94442d1ce331d7eee48295ee58dae67feabbf4c77;2025-06-15 11:00:00;30;NO CONTROLS;NO CONTROLS;CLEAR;DAYLIGHT;PARKED MOTOR VEHICLE;PARKING LOT;STRAIGHT AND LEVEL;DRY;UNKNOWN;NO INJURY / DRIVE AWAY;;Y;OVER $1,500;UNABLE TO DETERMINE;UNABLE TO DETERMINE;710;W;SCHILLER ST;1822;;;;;;;2;NO INDICATION OF INJURY;0;0;0;0;0;1;0;11;1;6;41.907584841;-87.6465961372;{'type': 'Point', 'coordinates': [-87.646596137174, 41.90758484098]};NOT ON SCENE (DESK REPORT);2025-06-15T12:34:00.000
bebe411cf3beb04531974835c9ad1c830b2964f41a1eacfa42c631230f9b8e3252b23ed0a90524e208c5800a19af2457331e71bd3878cbc52d67e218b4482d77;2025-06-15 10:56:00;30;STOP SIGN/FLASHER;FUNCTIONING PROPERLY;CLEAR;DAYLIGHT;ANGLE;FOUR WAY;STRAIGHT AND LEVEL;DRY;NO DEFECTS;INJURY AND / OR TOW DUE TO CRASH;Y;;OVER $1,500;DRIVING SKILLS/KNOWLEDGE/EXPERIENCE;NOT APPLICABLE;2000;W;EVERGREEN AVE;1424;;;;;;;2;NONINCAPACITATING INJURY;1;0;0;1;0;1;0;10;1;6;41.9061174572;-87.6774654297;{'type': 'Point', 'coordinates': [-87.677465429718, 41.906117457231]};ON SCENE;2025-06-15T10:56:00.000
9243c6ed7abb4b061a0cf4a9c223b6e821f84dcb4fe66068832e659fd6ab9f4867d1dcb532fdab69fdbcd139d0ea777ee27543500190c25337bad99486f855ca;2025-06-15 10:53:00;20;NO CONTROLS;NO CONTROLS;CLEAR;DAYLIGHT;PARKED MOTOR VEHICLE;ONE-WAY;STRAIGHT AND LEVEL;DRY;NO DEFECTS;NO INJURY / DRIVE AWAY;;Y;OVER $1,500;UNABLE TO DETERMINE;UNABLE TO DETERMINE;5146;S;LATROBE AVE;814;;;;;;;2;NO INDICATION OF INJURY;0;0;0;0;0;1;0;10;1;6;41.798772251;-87.7540659753;{'type': 'Point', 'coordinates': [-87.754065975268, 41.798772250954]};ON SCENE;2025-06-15T12:49:00.000
310c63cbd44a298e187e17a53dd963bc0ede17fb11aee89b6a569fe3fcf7eba81e332146169885eeee368d5330b714468d98c6619cbce66a4caed3538bd4e8cc;2025-06-15 10:50:00;30;NO CONTROLS;NO CONTROLS;CLEAR;DAYLIGHT;REAR END;T-INTERSECTION;STRAIGHT AND LEVEL;DRY;UNKNOWN;NO INJURY / DRIVE AWAY;;;$501 - $1,500;UNABLE TO DETERMINE;NOT APPLICABLE;3758;W;NORTH AVE;2535;;;;;;;2;NO INDICATION OF INJURY;0;0;0;0;0;2;0;10;1;6;41.9100504202;-87.721396972;{'type': 'Point', 'coordinates': [-87.721396971954, 41.910050420208]};NOT ON SCENE (DESK REPORT);2025-06-15T10:50:00.000
4f38efba655245576337e1f3cdff7eeea9f47328976ed465007632136d42cae441125a9a996eb23efd4268373af1ed2e5287115c72a5edfe939b557330daa4c1;2025-06-15 10:45:00;25;TRAFFIC SIGNAL;FUNCTIONING PROPERLY;CLEAR;DAYLIGHT;PEDALCYCLIST;NOT DIVIDED;STRAIGHT AND LEVEL;DRY;NO DEFECTS;INJURY AND / OR TOW DUE TO CRASH;Y;;$501 - $1,500;UNABLE TO DETERMINE;NOT APPLICABLE;2202;N;HALSTED ST;1812;;;;;;;2;REPORTED, NOT EVIDENT;1;0;0;0;1;1;0;10;1;6;41.9219617539;-87.6487835194;{'type': 'Point', 'coordinates': [-87.648783519398, 41.921961753913]};ON SCENE;2025-06-15T10:46:00.000
00d4610e9303c428b7f591882157c1122102cf9c2d932695dddca2ac3fcc59f3d99207221862221103e71f79d049a783ce3362dc32e9d1c4087250c162af71bb;2025-06-15 10:30:00;30;STOP SIGN/FLASHER;FUNCTIONING PROPERLY;CLEAR;DAYLIGHT;ANGLE;NOT DIVIDED;STRAIGHT AND LEVEL;DRY;NO DEFECTS;NO INJURY / DRIVE AWAY;;;OVER $1,500;FAILING TO YIELD RIGHT-OF-WAY;NOT APPLICABLE;2447;N;KIMBALL AVE;1413;;;;;;;2;NO INDICATION OF INJURY;0;0;0;0;0;3;0;10;1;6;41.9260532061;-87.7119992178;{'type': 'Point', 'coordinates': [-87.711999217845, 41.926053206051]};NOT ON SCENE (DESK REPORT);2025-06-15T11:25:00.000
c8e6f7eb4781a846c986124dfa94f60d185fbabac2702e25bd6af1bc962cee1fc99790467ef3221ee167b0834a73dc7b1802b0907caa837fc4879c4698a21984;2025-06-15 10:30:00;30;NO CONTROLS;NO CONTROLS;CLEAR;DAYLIGHT;PARKED MOTOR VEHICLE;NOT DIVIDED;STRAIGHT AND LEVEL;DRY;UNKNOWN;NO INJURY / DRIVE AWAY;;;OVER $1,500;UNABLE TO DETERMINE;UNABLE TO DETERMINE;541;N;RUSH ST;1834;;;;;;;2;NO INDICATION OF INJURY;0;0;0;0;0;2;0;10;1;6;41.8921949677;-87.6252308634;{'type': 'Point', 'coordinates': [-87.625230863447, 41.892194967717]};NOT ON SCENE (DESK REPORT);2025-06-15T11:34:00.000
415dd14ada038be5b85ddb9b1e66cf5156abe68906ba0027908296f13bd6e07069eabab84f986c442380d73f29d43702e70285727083b679d3c8f645de7c1fda;2025-06-15 10:15:00;30;TRAFFIC SIGNAL;FUNCTIONING PROPERLY;CLEAR;DAYLIGHT;SIDESWIPE SAME DIRECTION;OTHER;STRAIGHT AND LEVEL;DRY;NO DEFECTS;NO INJURY / DRIVE AWAY;;;OVER $1,500;UNABLE TO DETERMINE;NOT APPLICABLE;42;W;IDA B WELLS DR;113;;;;;;;2;NO INDICATION OF INJURY;0;0;0;0;0;2;0;10;1;6;41.8757362591;-87.6292129469;{'type': 'Point', 'coordinates': [-87.629212946899, 41.875736259062]};ON SCENE;2025-06-15T10:16:00.000
5678c8826b3fe193fe322133a9324634c6c096d476df9c8b1a2fa88e1687181ff13aa97c2460fd0f587a3693563f196d9d8f193a04465088b275050881cfc170;2025-06-15 10:15:00;30;TRAFFIC SIGNAL;FUNCTIONING PROPERLY;CLEAR;DAYLIGHT;REAR END;NOT DIVIDED;STRAIGHT AND LEVEL;DRY;NO DEFECTS;NO INJURY / DRIVE AWAY;;Y;$501 - $1,500;UNABLE TO DETERMINE;NOT APPLICABLE;717;N;CICERO AVE;1111;;;;;;;2;NO INDICATION OF INJURY;0;0;0;0;0;3;0;10;1;6;41.8937442679;-87.745619897;{'type': 'Point', 'coordinates': [-87.745619896981, 41.893744267932]};NOT ON SCENE (DESK REPORT);2025-06-15T10:25:00.000
b16cb65743c6757e7d6adab007fde0582065b4baf244ea09d6df222c342295954bd29e51cef178f9dd5c1d2c8721344061271651db8457d3232eb47013f09fdd;2025-06-15 10:10:00;30;STOP SIGN/FLASHER;FUNCTIONING PROPERLY;CLEAR;DAYLIGHT;SIDESWIPE OPPOSITE DIRECTION;NOT DIVIDED;STRAIGHT AND LEVEL;DRY;NO DEFECTS;NO INJURY / DRIVE AWAY;;Y;OVER $1,500;UNABLE TO DETERMINE;FOLLOWING TOO CLOSELY;1301;S;KEDVALE AVE;1011;;;;;;;2;NO INDICATION OF INJURY;0;0;0;0;0;2;0;10;1;6;41.864202205;-87.7286366242;{'type': 'Point', 'coordinates': [-87.728636624187, 41.864202204975]};NOT ON SCENE (DESK REPORT);2025-06-15T14:45:00.000
e1968490b0c7a97a3a0dd213c26adcbe63d3805b27a45d43685176342dc488d7f314ccd772531d9257c8d8cc1cf19f70f689da1014df72de31c53bd29805103d;2025-06-15 10:05:00;30;STOP SIGN/FLASHER;FUNCTIONING PROPERLY;CLEAR;DAYLIGHT;TURNING;FOUR WAY;STRAIGHT AND LEVEL;DRY;NO DEFECTS;INJURY AND / OR TOW DUE TO CRASH;Y;;OVER $1,500;FAILING TO YIELD RIGHT-OF-WAY;DRIVING SKILLS/KNOWLEDGE/EXPERIENCE;5900;W;ERIE ST;1511;;;;;;;2;REPORTED, NOT EVIDENT;1;0;0;0;1;3;0;10;1;6;41.892018859;-87.772335609;{'type': 'Point', 'coordinates': [-87.772335608966, 41.892018859047]};ON SCENE;2025-06-15T10:11:00.000
7cf066861a0f6349796770eeddcfbdf1d5d8a5d63211558d2a9fee1d5db71926cd50fd0737637f1aa8509cdccefe4ea5e1d58a009e818b33ec3c8fe9727a549e;2025-06-15 10:00:00;30;TRAFFIC SIGNAL;FUNCTIONING PROPERLY;CLEAR;DAYLIGHT;REAR END;DIVIDED - W/MEDIAN (NOT RAISED);STRAIGHT AND LEVEL;DRY;NO DEFECTS;NO INJURY / DRIVE AWAY;Y;;OVER $1,500;UNABLE TO DETERMINE;UNABLE TO DETERMINE;1002;N;CICERO AVE;1531;;;;;;;2;NO INDICATION OF INJURY;0;0;0;0;0;3;0;10;1;6;41.8987882403;-87.7460403781;{'type': 'Point', 'coordinates': [-87.746040378146, 41.898788240252]};NOT ON SCENE (DESK REPORT);2025-06-15T10:30:00.000
2d8ecac1cb29c4614b63c9efb26431d09a654f4d1e56a3e9faf80d542d3d9285e86331341bd6684df6d0454ebf6bbf0821cdd795da95cc4cb0646d968cbf33c0;2025-06-15 09:45:00;30;TRAFFIC SIGNAL;UNKNOWN;CLEAR;DAYLIGHT;PEDESTRIAN;FOUR WAY;STRAIGHT AND LEVEL;UNKNOWN;UNKNOWN;INJURY AND / OR TOW DUE TO CRASH;Y;;OVER $1,500;FAILING TO YIELD RIGHT-OF-WAY;UNABLE TO DETERMINE;2399;N;CLARK ST;1814;;;;;;;2;NONINCAPACITATING INJURY;1;0;0;1;0;1;0;9;1;6;41.9255421726;-87.6402890999;{'type': 'Point', 'coordinates': [-87.640289099938, 41.925542172569]};ON SCENE;2025-06-15T09:49:00.000
beb6ea3dab1c88e83e662394009f75343e264cd8dd7956c773ddde7235ad7935f647f25a99638e53964aa722254b28d82f681316900ca8dfdb09984d7555fa0e;2025-06-15 09:42:00;30;TRAFFIC SIGNAL;FUNCTIONING PROPERLY;CLEAR;DAYLIGHT;ANGLE;FOUR WAY;STRAIGHT AND LEVEL;DRY;NO DEFECTS;INJURY AND / OR TOW DUE TO CRASH;Y;;OVER $1,500;DISREGARDING TRAFFIC SIGNALS;FAILING TO REDUCE SPEED TO AVOID CRASH;2200;S;PULASKI RD;1013;;;;;;;4;INCAPACITATING INJURY;2;0;2;0;0;2;0;9;1;6;41.8515214423;-87.7249047867;{'type': 'Point', 'coordinates': [-87.72490478675, 41.851521442331]};ON SCENE;2025-06-15T09:42:00.000
b735af263aa1933eed455ad0ac68cec9c4fef7f1366a95ab747b52e146fe491818a0d0611a5072fe98c933ee302186a4e9b75ddf182c3c9ba1d3534293bb024f;2025-06-15 09:40:00;0;NO CONTROLS;NO CONTROLS;CLEAR;DAYLIGHT;PARKED MOTOR VEHICLE;DRIVEWAY;STRAIGHT AND LEVEL;DRY;NO DEFECTS;NO INJURY / DRIVE AWAY;;;OVER $1,500;UNABLE TO DETERMINE;UNABLE TO DETERMINE;9662;S;WINSTON AVE;2213;;;;;;;2;NO INDICATION OF INJURY;0;0;0;0;0;1;0;9;1;6;41.7178237023;-87.6595580304;{'type': 'Point', 'coordinates': [-87.659558030398, 41.717823702342]};ON SCENE;2025-06-15T09:43:00.000
274a36da518c1e7c2bcf0e0c8e9539ddc17193c0092d9686d8b9919344d26b0025082d7896b6e42fc23ee159ab60a5fc6f17ae88ccc9f7823a1aa87ed285d990;2025-06-15 09:35:00;30;TRAFFIC SIGNAL;FUNCTIONING PROPERLY;CLEAR;DAYLIGHT;ANGLE;FOUR WAY;STRAIGHT AND LEVEL;DRY;NO DEFECTS;INJURY AND / OR TOW DUE TO CRASH;Y;;OVER $1,500;DISREGARDING TRAFFIC SIGNALS;DISREGARDING TRAFFIC SIGNALS;3140;S;ARCHER AVE;912;;Y;;;;;2;NONINCAPACITATING INJURY;2;0;0;1;1;5;0;9;1;6;41.8370663331;-87.666980657;{'type': 'Point', 'coordinates': [-87.666980656964, 41.83706633313]};ON SCENE;2025-06-15T09:39:00.000
8efb420d8cff51bc7c2eac6d9851032b49b77bc1b916629f6aecf21a286467227f05766abc172cba533a0f0f7d0a5cf348e808e8192babb9eb0356bbd765c6a5;2025-06-15 09:30:00;30;UNKNOWN;UNKNOWN;CLEAR;DAYLIGHT;PARKED MOTOR VEHICLE;NOT DIVIDED;STRAIGHT AND LEVEL;DRY;UNKNOWN;NO INJURY / DRIVE AWAY;;Y;OVER $1,500;NOT APPLICABLE;NOT APPLICABLE;7035;S;VERNON AVE;322;;;;;;;2;NO INDICATION OF INJURY;0;0;0;0;0;1;0;9;1;6;41.7665005884;-87.6139262477;{'type': 'Point', 'coordinates': [-87.61392624773, 41.766500588369]};ON SCENE;2025-06-15T10:11:00.000
b623c81924b99fb549e63f69c5d11af247d28382845829cc328cd64d05435d031ea5687000ad0d7b01c92749130fa87deb184f731ddf9f9e6720481a30064ce8;2025-06-15 09:08:00;30;TRAFFIC SIGNAL;FUNCTIONING PROPERLY;CLEAR;DAYLIGHT;REAR END;FOUR WAY;STRAIGHT AND LEVEL;DRY;NO DEFECTS;NO INJURY / DRIVE AWAY;Y;;$501 - $1,500;FAILING TO REDUCE SPEED TO AVOID CRASH;DRIVING SKILLS/KNOWLEDGE/EXPERIENCE;3900;S;CALIFORNIA AVE;921;;;;;;;2;NO INDICATION OF INJURY;0;0;0;0;0;2;0;9;1;6;41.8227482278;-87.6947772933;{'type': 'Point', 'coordinates': [-87.69477729328, 41.822748227787]};ON SCENE;2025-06-15T09:08:00.000
f208b590f412ddabae2b363c410e3180bdeb6ab5c3c99d9ddda471f44fe22708e31a7873839b6ae56bf50cb93f8fa4faf2156535354f21fc553508b659c3acbc;2025-06-15 08:55:00;30;TRAFFIC SIGNAL;FUNCTIONING PROPERLY;CLEAR;DAYLIGHT;TURNING;FOUR WAY;STRAIGHT AND LEVEL;DRY;NO DEFECTS;NO INJURY / DRIVE AWAY;Y;;OVER $1,500;UNABLE TO DETERMINE;NOT APPLICABLE;100;E;BALBO DR;114;;;;;;;2;NO INDICATION OF INJURY;0;0;0;0;0;2;0;8;1;6;41.8732724218;-87.6241252646;{'type': 'Point', 'coordinates': [-87.62412526457, 41.873272421845]};ON SCENE;2025-06-15T08:59:00.000
62a4635c8eb0ee4a7a1555dd9216982a4ce494cfdcff4b53704bf163390c4ef7b6532b07bcd60b3cea90153db437ddc3b5291b007b5ea2204cfa266df6b7229c;2025-06-15 08:04:00;35;NO CONTROLS;NO CONTROLS;CLEAR;DAYLIGHT;FIXED OBJECT;NOT DIVIDED;STRAIGHT AND LEVEL;DRY;NO DEFECTS;INJURY AND / OR TOW DUE TO CRASH;;;OVER $1,500;EVASIVE ACTION DUE TO ANIMAL, OBJECT, NONMOTORIST;NOT APPLICABLE;9165;S;LAKE SHORE DR;424;;;;;;;1;INCAPACITATING INJURY;1;0;1;0;0;0;0;8;1;6;41.7289783676;-87.5421225923;{'type': 'Point', 'coordinates': [-87.542122592269, 41.728978367602]};ON SCENE;2025-06-15T08:13:00.000
6ddac2fc9e869e4a0c9aad59f6505fdf54922618bbc790101affd8b68c82f9b2f63e5f1cef1e11cba8279a0606836d1617b958224b2a9e33967622c05c72242b;2025-06-15 08:00:00;30;NO CONTROLS;NO CONTROLS;CLEAR;DAYLIGHT;PARKED MOTOR VEHICLE;NOT DIVIDED;STRAIGHT AND LEVEL;DRY;NO DEFECTS;NO INJURY / DRIVE AWAY;;Y;OVER $1,500;IMPROPER OVERTAKING/PASSING;NOT APPLICABLE;1820;W;18TH ST;1234;;;;;;;2;NO INDICATION OF INJURY;0;0;0;0;0;1;0;8;1;6;41.8578211255;-87.671984068;{'type': 'Point', 'coordinates': [-87.671984068032, 41.857821125483]};NOT ON SCENE (DESK REPORT);2025-06-15T14:40:00.000
7247c84e78e5527f5baff889e4722c25971f1212c9758c6f94a62f6cffb3dd29de37f0b68ad29f57d39a4a033a1541aafe61b11dbdb92404419048348c9f14a0;2025-06-15 08:00:00;25;NO CONTROLS;NO CONTROLS;CLEAR;DAYLIGHT;PARKED MOTOR VEHICLE;ONE-WAY;STRAIGHT AND LEVEL;DRY;NO DEFECTS;NO INJURY / DRIVE AWAY;;Y;OVER $1,500;UNABLE TO DETERMINE;UNABLE TO DETERMINE;4733;S;INDIANA AVE;224;;;;;;;2;NO INDICATION OF INJURY;0;0;0;0;0;1;0;8;1;6;41.8083188673;-87.6210411485;{'type': 'Point', 'coordinates': [-87.621041148491, 41.808318867342]};NOT ON SCENE (DESK REPORT);2025-06-15T13:30:00.000
86b7ac73568eae19a6258228f26bcd16ad12f9bc5dc50a9411f0cb3b59acabc715c1210590826df4f19fcc4fa0044bcbb5d1718b6e2ac39761eabee152535e42;2025-06-15 08:00:00;10;NO CONTROLS;NO CONTROLS;UNKNOWN;UNKNOWN;PARKED MOTOR VEHICLE;ONE-WAY;STRAIGHT AND LEVEL;UNKNOWN;UNKNOWN;NO INJURY / DRIVE AWAY;;N;OVER $1,500;UNABLE TO DETERMINE;UNABLE TO DETERMINE;1552;N;WIELAND ST;1821;;;;;;;2;NO INDICATION OF INJURY;0;0;0;0;0;1;0;8;1;6;41.9108969319;-87.6358406294;{'type': 'Point', 'coordinates': [-87.635840629413, 41.910896931883]};ON SCENE;2025-06-15T16:59:00.000
d31e16272da8c70e1d6c08210b0ae663fe1587d91cf80adc0a64c59588e7cca8775d2da761a391e18752cff99a1f01976151c416aaf2007d6e823035ef047e4a;2025-06-15 07:45:00;5;NO CONTROLS;NO CONTROLS;CLEAR;UNKNOWN;OTHER OBJECT;OTHER;STRAIGHT AND LEVEL;DRY;UNKNOWN;NO INJURY / DRIVE AWAY;;;OVER $1,500;DRIVING SKILLS/KNOWLEDGE/EXPERIENCE;DRIVING SKILLS/KNOWLEDGE/EXPERIENCE;3949;W;16TH ST;1014;;;;;;;1;NO INDICATION OF INJURY;0;0;0;0;0;1;0;7;1;6;41.8587636416;-87.7243769349;{'type': 'Point', 'coordinates': [-87.724376934924, 41.858763641561]};ON SCENE;2025-06-15T08:06:00.000
c238eb2edc18779fc413b497eb6ed6e58986df6421a18d4185a3f90d41f7e6921dc59831e03c0b7048fab04d69cfd1111ff27a026c856eff3de197b71bf01652;2025-06-15 07:30:00;30;TRAFFIC SIGNAL;FUNCTIONING PROPERLY;CLEAR;DAYLIGHT;REAR END;NOT DIVIDED;STRAIGHT AND LEVEL;DRY;NO DEFECTS;NO INJURY / DRIVE AWAY;;;OVER $1,500;FAILING TO REDUCE SPEED TO AVOID CRASH;NOT APPLICABLE;4001;N;PULASKI RD;1723;;;;;;;2;NO INDICATION OF INJURY;0;0;0;0;0;3;0;7;1;6;41.9537414018;-87.7274725713;{'type': 'Point', 'coordinates': [-87.727472571329, 41.953741401809]};NOT ON SCENE (DESK REPORT);2025-06-15T08:15:00.000
d931a385e0924e265eaaa112099af29f985802c43481def4db6ea11537a738c8a4b7f73920eb6337288a3eb4d1b152129fb5e35917f00bdafb59bc4ec2236e70;2025-06-15 07:00:00;30;NO CONTROLS;NO CONTROLS;CLEAR;DAYLIGHT;ANGLE;NOT DIVIDED;STRAIGHT AND LEVEL;DRY;UNKNOWN;NO INJURY / DRIVE AWAY;;;OVER $1,500;FAILING TO YIELD RIGHT-OF-WAY;UNABLE TO DETERMINE;4645;W;BELDEN AVE;2522;;;;;;;2;NO INDICATION OF INJURY;0;0;0;0;0;4;0;7;1;6;41.9223390467;-87.7434437257;{'type': 'Point', 'coordinates': [-87.743443725706, 41.922339046659]};NOT ON SCENE (DESK REPORT);2025-06-15T08:15:00.000
c660795b8ddf85e59595a66d0d134f8a6469cbe16b615eb81416f48264b8977f28afc860c3930721cbead6a999db2d919061cc51e06eb0dc482391758972add4;2025-06-15 06:59:00;30;NO CONTROLS;NO CONTROLS;CLEAR;DAYLIGHT;SIDESWIPE SAME DIRECTION;NOT DIVIDED;STRAIGHT AND LEVEL;DRY;UNKNOWN;INJURY AND / OR TOW DUE TO CRASH;;;OVER $1,500;FAILING TO YIELD RIGHT-OF-WAY;UNABLE TO DETERMINE;3213;W;IRVING PARK RD;1733;;;;;;;2;NO INDICATION OF INJURY;0;0;0;0;0;3;0;6;1;6;41.9538062115;-87.7085471483;{'type': 'Point', 'coordinates': [-87.708547148264, 41.95380621146]};ON SCENE;2025-06-15T07:09:00.000
4d9dd869fc933dd7f5911f5d8042040d51557b074d659fcd72382965e75b456b26a43b7de86e4e1836264540fcaa150bd34422265679f39f734d4beaf45aba6e;2025-06-15 06:55:00;30;STOP SIGN/FLASHER;FUNCTIONING PROPERLY;CLEAR;DAYLIGHT;TURNING;DIVIDED - W/MEDIAN (NOT RAISED);STRAIGHT AND LEVEL;DRY;NO DEFECTS;NO INJURY / DRIVE AWAY;Y;;OVER $1,500;FAILING TO YIELD RIGHT-OF-WAY;UNABLE TO DETERMINE;5601;N;AVONDALE AVE;1622;;;;;;;2;NO INDICATION OF INJURY;0;0;0;0;0;4;0;6;1;6;41.9830630854;-87.7840819438;{'type': 'Point', 'coordinates': [-87.784081943797, 41.983063085428]};ON SCENE;2025-06-15T06:55:00.000
08d330f591aaa217ccf0e035dd0b8a18096d0e375ef7c4cc415c12ec6d46e1702a699539502fc31c9678ecc127524df69877b06401e221efd9a101472f7d9c33;2025-06-15 06:40:00;30;TRAFFIC SIGNAL;FUNCTIONING PROPERLY;CLEAR;DAYLIGHT;TURNING;CENTER TURN LANE;STRAIGHT AND LEVEL;DRY;UNKNOWN;NO INJURY / DRIVE AWAY;;;OVER $1,500;UNABLE TO DETERMINE;NOT APPLICABLE;2800;N;CLYBOURN AVE;1931;;;;;;;2;NO INDICATION OF INJURY;0;0;0;0;0;2;0;6;1;6;41.9322970111;-87.6783610875;{'type': 'Point', 'coordinates': [-87.678361087495, 41.932297011088]};NOT ON SCENE (DESK REPORT);2025-06-15T06:40:00.000
b87a52db05230de6a6c88e4a4f2305261cef39577693b0db234cb22f5bd4a5ea1e8d16627ad788bee592339aa55db25e79c0b7bd1fc1965773662512f8fc5b1a;2025-06-15 06:40:00;30;TRAFFIC SIGNAL;FUNCTIONING PROPERLY;CLEAR;DAYLIGHT;TURNING;FIVE POINT, OR MORE;STRAIGHT AND LEVEL;DRY;NO DEFECTS;NO INJURY / DRIVE AWAY;Y;;OVER $1,500;FAILING TO YIELD RIGHT-OF-WAY;UNABLE TO DETERMINE;2800;N;DAMEN AVE;1931;;;;;;;2;NO INDICATION OF INJURY;0;0;0;0;0;2;0;6;1;6;41.9323294941;-87.6782827193;{'type': 'Point', 'coordinates': [-87.678282719314, 41.932329494099]};NOT ON SCENE (DESK REPORT);2025-06-15T07:10:00.000