crash_record_id;crash_date;posted_speed_limit;traffic_control_device;device_condition;weather_condition;lighting_condition;first_crash_type;trafficway_type;alignment;roadway_surface_cond;road_defect;crash_type;intersection_related_i;hit_and_run_i;damage;prim_contributory_cause;sec_contributory_cause;street_no;street_direction;street_name;beat_of_occurrence;photos_taken_i;statements_taken_i;dooring_i;work_zone_i;work_zone_type;workers_present_i;num_units;most_severe_injury;injuries_total;injuries_fatal;injuries_incapacitating;injuries_non_incapacitating;injuries_reported_not_evident;injuries_no_indication;injuries_unknown;crash_hour;crash_day_of_week;crash_month;latitude;longitude;location;report_type;date_police_notified
6e2973ddce2506aba59f99310d7d44df093ed862a09e575f2c80bc51dd72123132d055c839af28d36d3a7344c3df0acd38bfb71b3541e189afc4a5888024dd35;2025-06-15 06:20:00;30;NO CONTROLS;NO CONTROLS;UNKNOWN;UNKNOWN;PARKED MOTOR VEHICLE;ONE-WAY;STRAIGHT AND LEVEL;UNKNOWN;UNKNOWN;NO INJURY / DRIVE AWAY;;Y;OVER $1,500;UNABLE TO DETERMINE;UNABLE TO DETERMINE;1527;W;GARFIELD BLVD;713;;;;;;;2;NO INDICATION OF INJURY;0;0;0;0;0;1;0;6;1;6;41.7935659969;-87.6632795939;{'type': 'Point', 'coordinates': [-87.663279593869, 41.793565996914]};NOT ON SCENE (DESK REPORT);2025-06-15T07:20:00.000
a33090299b718e1e5a34a9d26f64c793011faee6b8833b62ff29163a32e5c84367a62045edaa916a7d0c9361a5f2c4c4fd6991d7c4c84de8b93524ff5845b7b4;2025-06-15 06:05:00;30;TRAFFIC SIGNAL;NO CONTROLS;CLEAR;DAYLIGHT;TURNING;OTHER;STRAIGHT AND LEVEL;DRY;WORN SURFACE;NO INJURY / DRIVE AWAY;;;$501 - $1,500;IMPROPER TURNING/NO SIGNAL;NOT APPLICABLE;3621;S;INDIANA AVE;212;;;;;;;2;NO INDICATION OF INJURY;0;0;0;0;0;2;0;6;1;6;41.828977106;-87.621571005;{'type': 'Point', 'coordinates': [-87.621571004978, 41.828977105954]};NOT ON SCENE (DESK REPORT);2025-06-15T06:40:00.000
e1c1ee6b1a1e4241474fa9e790e174ee024461163a80873316afce6bfff98621dde9fcb1d388a71be3d83d939dbf5091d9f56d548e5d535d1cdf21caab023635;2025-06-15 05:02:00;30;NO CONTROLS;NO CONTROLS;CLEAR;DAWN;SIDESWIPE SAME DIRECTION;DIVIDED - W/MEDIAN BARRIER;STRAIGHT AND LEVEL;DRY;NO DEFECTS;INJURY AND / OR TOW DUE TO CRASH;;N;OVER $1,500;UNDER THE INFLUENCE OF ALCOHOL/DRUGS (USE WHEN ARREST IS EFFECTED);UNDER THE INFLUENCE OF ALCOHOL/DRUGS (USE WHEN ARREST IS EFFECTED);6502;N;SHERIDAN RD;2432;;;;;;;2;NO INDICATION OF INJURY;0;0;0;0;0;2;0;5;1;6;42.0004434961;-87.6608593509;{'type': 'Point', 'coordinates': [-87.660859350903, 42.000443496129]};ON SCENE;2025-06-15T05:19:00.000
81a1ae07d0641a6924d67ead5b301dd011dfe2681befd76c11d18611057b7593fd2c0dedbe59cfab134801be65eaedfbbd14a37cd3a4cef336aadce55f3f10d0;2025-06-15 05:00:00;30;NO CONTROLS;NO CONTROLS;CLEAR;DAWN;SIDESWIPE SAME DIRECTION;NOT DIVIDED;STRAIGHT AND LEVEL;DRY;NO DEFECTS;INJURY AND / OR TOW DUE TO CRASH;;;OVER $1,500;FAILING TO YIELD RIGHT-OF-WAY;NOT APPLICABLE;14;S;LEAVITT ST;1223;Y;Y;;;;;4;NO INDICATION OF INJURY;0;0;0;0;0;2;0;5;1;6;41.8808010133;-87.6816729302;{'type': 'Point', 'coordinates': [-87.681672930248, 41.880801013251]};ON SCENE;2025-06-15T05:04:00.000
b147c7ef400999c4fde8ef52929a14b329525f7c8499a6c76ed5d073559b719883ee327e73470bf6fdb6ed3bbab17e82891082b46d08f178a669494dd3fa8914;2025-06-15 04:45:00;30;NO CONTROLS;NO CONTROLS;CLEAR;DUSK;FIXED OBJECT;PARKING LOT;STRAIGHT AND LEVEL;DRY;NO DEFECTS;NO INJURY / DRIVE AWAY;;;$500 OR LESS;IMPROPER TURNING/NO SIGNAL;NOT APPLICABLE;3801;W;HARRISON ST;1133;;;;;;;2;NO INDICATION OF INJURY;0;0;0;0;0;2;0;4;1;6;41.8734046453;-87.7203996283;{'type': 'Point', 'coordinates': [-87.720399628297, 41.873404645345]};ON SCENE;2025-06-15T04:45:00.000
2f8c8fec4ed0934eedf07ce7a68cdd3b75277ea0db6b9f23175fddd6ad0958cff0b920cff9861eef9c82ae93cf9371a7c30a86d80b9530ae5774daa372971be7;2025-06-15 04:37:00;15;NO CONTROLS;NO CONTROLS;CLEAR;DAYLIGHT;FIXED OBJECT;ALLEY;STRAIGHT AND LEVEL;DRY;NO DEFECTS;INJURY AND / OR TOW DUE TO CRASH;;Y;OVER $1,500;UNABLE TO DETERMINE;UNABLE TO DETERMINE;6719;S;CORNELL AVE;332;;;;;;;1;NO INDICATION OF INJURY;0;0;0;0;0;1;0;4;1;6;41.7727448421;-87.5849167235;{'type': 'Point', 'coordinates': [-87.584916723495, 41.772744842084]};ON SCENE;2025-06-15T04:47:00.000
78d7b0776fb453906767ae1ba41282c629246eda664c1503b176478f22c9172afbf34388089dc040b97ec079852eef082c652eb716be867350dba1f5e69a9c4d;2025-06-15 04:30:00;30;NO CONTROLS;NO CONTROLS;CLEAR;DARKNESS, LIGHTED ROAD;REAR END;NOT DIVIDED;STRAIGHT AND LEVEL;DRY;NO DEFECTS;NO INJURY / DRIVE AWAY;;Y;OVER $1,500;OPERATING VEHICLE IN ERRATIC, RECKLESS, CARELESS, NEGLIGENT OR AGGRESSIVE MANNER;NOT APPLICABLE;7100;S;WESTERN AVE;832;;;;;;;2;NO INDICATION OF INJURY;0;0;0;0;0;3;0;4;1;6;41.7646089122;-87.6833870533;{'type': 'Point', 'coordinates': [-87.683387053281, 41.764608912236]};NOT ON SCENE (DESK REPORT);2025-06-15T21:00:00.000
740cba89c941c3df531eebbc4cb94c28217fb0b7e132eaec91e1f493fd3d1337c5a848a5ec75dce18c1beaa671905580213ed599ea343fb48ab84b5e6e43254c;2025-06-15 04:27:00;30;NO CONTROLS;NO CONTROLS;CLEAR;DAYLIGHT;HEAD ON;FOUR WAY;STRAIGHT AND LEVEL;DRY;NO DEFECTS;INJURY AND / OR TOW DUE TO CRASH;Y;;OVER $1,500;DRIVING ON WRONG SIDE/WRONG WAY;IMPROPER LANE USAGE;3900;S;WESTERN AVE;921;;;;;;;2;NONINCAPACITATING INJURY;1;0;0;1;0;1;0;4;1;6;41.8229542941;-87.685012986;{'type': 'Point', 'coordinates': [-87.685012986006, 41.822954294114]};ON SCENE;2025-06-15T05:03:00.000
1af80241ad5aaeca8188e71e85fae6e279575c6040b64a8f96157dc5f68f360f3d80b5514587746c90fd9e64bab53165ec1af01f0efb59e418a4744ada124790;2025-06-15 04:25:00;20;NO CONTROLS;NO CONTROLS;CLEAR;DAWN;PARKED MOTOR VEHICLE;NOT DIVIDED;STRAIGHT AND LEVEL;DRY;NO DEFECTS;INJURY AND / OR TOW DUE TO CRASH;;;OVER $1,500;DRIVING SKILLS/KNOWLEDGE/EXPERIENCE;FAILING TO REDUCE SPEED TO AVOID CRASH;2625;W;55TH ST;824;;;;;;;4;REPORTED, NOT EVIDENT;1;0;0;0;1;0;0;4;1;6;41.7936505091;-87.6900777895;{'type': 'Point', 'coordinates': [-87.690077789526, 41.793650509141]};ON SCENE;2025-06-15T04:29:00.000
4e865ee6bf33b4196034f9efe1f27df7e8b9a50710c2630adc26edd17a8af8fc605ed126b13f3c0fe03a434054406d6ecfb468b6790603359ffd1c2e8aa320f5;2025-06-15 04:00:00;30;NO CONTROLS;NO CONTROLS;UNKNOWN;UNKNOWN;PARKED MOTOR VEHICLE;NOT DIVIDED;STRAIGHT AND LEVEL;UNKNOWN;NO DEFECTS;INJURY AND / OR TOW DUE TO CRASH;;Y;OVER $1,500;UNABLE TO DETERMINE;NOT APPLICABLE;7631;S;MORGAN ST;621;;;;;;;3;;;;;;;;;4;1;6;41.7550940289;-87.648863253;{'type': 'Point', 'coordinates': [-87.648863252963, 41.755094028933]};ON SCENE;2025-06-15T04:08:00.000
c45c6dfc4e55531ba0e034d76503e5952d3842fdce1da943673cc6b3eeb70240c60df0137c830f4c8d82cc10ff51dee1d55ff642670d0ba0eb5391281d08467a;2025-06-15 04:00:00;15;NO CONTROLS;NO CONTROLS;UNKNOWN;UNKNOWN;PARKED MOTOR VEHICLE;ONE-WAY;STRAIGHT AND LEVEL;UNKNOWN;UNKNOWN;INJURY AND / OR TOW DUE TO CRASH;;;OVER $1,500;UNABLE TO DETERMINE;NOT APPLICABLE;6833;S;PAXTON AVE;331;;;;;;;3;NO INDICATION OF INJURY;0;0;0;0;0;1;0;4;1;6;41.7706838947;-87.5713862668;{'type': 'Point', 'coordinates': [-87.571386266844, 41.770683894736]};ON SCENE;2025-06-15T04:06:00.000
6ec65b571c9c5aec889c2b6c7020b4177c561c69bb4357376edc0a8ae022b4731235b89606bb95809def555033d1546cd796138fc7a3dd8882ad9ff01d91db9c;2025-06-15 03:50:00;30;TRAFFIC SIGNAL;FUNCTIONING PROPERLY;CLEAR;DARKNESS, LIGHTED ROAD;REAR END;DIVIDED - W/MEDIAN (NOT RAISED);STRAIGHT AND LEVEL;DRY;NO DEFECTS;NO INJURY / DRIVE AWAY;Y;;OVER $1,500;FAILING TO REDUCE SPEED TO AVOID CRASH;NOT APPLICABLE;3953;W;ROOSEVELT RD;1011;;;;;;;2;NO INDICATION OF INJURY;0;0;0;0;0;2;0;3;1;6;41.8660672111;-87.7248313267;{'type': 'Point', 'coordinates': [-87.724831326705, 41.866067211085]};NOT ON SCENE (DESK REPORT);2025-06-15T09:30:00.000
a88cb6a74f3d07209102c774c8e18a245e9e762afde49104e098829a91e10c831cfc4d1680264a304ab3aef4b0ec72707c86358a4e199c9aeccf0e8bd6b903ec;2025-06-15 03:45:00;25;NO CONTROLS;NO CONTROLS;CLEAR;DARKNESS, LIGHTED ROAD;REAR END;NOT DIVIDED;STRAIGHT AND LEVEL;DRY;UNKNOWN;INJURY AND / OR TOW DUE TO CRASH;;;OVER $1,500;UNABLE TO DETERMINE;UNABLE TO DETERMINE;4202;W;31ST ST;1031;;;;;;;2;REPORTED, NOT EVIDENT;3;0;0;0;3;2;0;3;1;6;41.8369337416;-87.7293670238;{'type': 'Point', 'coordinates': [-87.729367023758, 41.836933741569]};NOT ON SCENE (DESK REPORT);2025-06-15T04:15:00.000
57fbcba7b73ce4b5eb624663cd008cadf7e516319bd8d06aa39ae4527a9ed59e68efd3f6bed244da9889a4a1136522eb620efd44db68151becd3c0df4ad438ad;2025-06-15 03:39:00;35;NO CONTROLS;NO CONTROLS;CLEAR;DARKNESS, LIGHTED ROAD;FIXED OBJECT;NOT DIVIDED;STRAIGHT AND LEVEL;UNKNOWN;UNKNOWN;INJURY AND / OR TOW DUE TO CRASH;;;OVER $1,500;EVASIVE ACTION DUE TO ANIMAL, OBJECT, NONMOTORIST;NOT APPLICABLE;4010;S;DR MARTIN LUTHER KING JR DR;213;;;;;;;1;NO INDICATION OF INJURY;0;0;0;0;0;1;0;3;1;6;41.8216833003;-87.6170847247;{'type': 'Point', 'coordinates': [-87.617084724673, 41.821683300343]};ON SCENE;2025-06-15T03:39:00.000
8f3c82a3013d05329fa700425130c565da468cd03938b287c547ec25244532f3c46aa9d2f5c5622bfd5d23a00ae3466b2610a2a73372c94a33f0a613cb28ad1c;2025-06-15 03:25:00;30;TRAFFIC SIGNAL;FUNCTIONING PROPERLY;CLEAR;DARKNESS, LIGHTED ROAD;REAR TO FRONT;DIVIDED - W/MEDIAN (NOT RAISED);STRAIGHT AND LEVEL;DRY;UNKNOWN;NO INJURY / DRIVE AWAY;;;$501 - $1,500;IMPROPER BACKING;IMPROPER BACKING;1029;N;STATE ST;1824;;;;;;;2;NO INDICATION OF INJURY;0;0;0;0;0;2;0;3;1;6;41.9014699459;-87.6281876091;{'type': 'Point', 'coordinates': [-87.62818760908, 41.901469945937]};NOT ON SCENE (DESK REPORT);2025-06-15T03:50:00.000
2c0d2a887d2296df0755cbcbe8805ce957ac841398ab1953159dc41aa1f134d979161d017d1ecc27d725593e420433f1ca254f1a0bcff5eeeaef6bcccd9a6526;2025-06-15 03:20:00;30;NO CONTROLS;NO CONTROLS;CLEAR;DARKNESS, LIGHTED ROAD;TURNING;FOUR WAY;STRAIGHT AND LEVEL;DRY;NO DEFECTS;INJURY AND / OR TOW DUE TO CRASH;Y;;OVER $1,500;FAILING TO REDUCE SPEED TO AVOID CRASH;IMPROPER TURNING/NO SIGNAL;9001;S;ASHLAND AVE;2221;;;;;;;2;NONINCAPACITATING INJURY;4;0;0;3;1;1;0;3;1;6;41.7302093393;-87.662753683;{'type': 'Point', 'coordinates': [-87.662753682988, 41.730209339333]};ON SCENE;2025-06-15T03:20:00.000
b2b0890305d52ded47da33157a68943fae2765fd9b3e97966b6ce5ec6e813f848aabd50573a984b2baf5be9510d30506d3b7a2d05fed21dac0a56fdbaa88307a;2025-06-15 03:15:00;30;OTHER;OTHER;OTHER;UNKNOWN;SIDESWIPE SAME DIRECTION;OTHER;STRAIGHT AND LEVEL;OTHER;OTHER;NO INJURY / DRIVE AWAY;;;OVER $1,500;UNABLE TO DETERMINE;UNABLE TO DETERMINE;5900;S;INDIANA AVE;232;;;;;;;2;NO INDICATION OF INJURY;0;0;0;0;0;2;0;3;1;6;41.7873511405;-87.6208027124;{'type': 'Point', 'coordinates': [-87.620802712403, 41.787351140458]};NOT ON SCENE (DESK REPORT);2025-06-15T03:25:00.000
26814bb60c59e631aa46a347475afe754bcef080da37dbf7f62ce81b39a154ede3de14ff2f04b09b108deea33f5a8a5d26da1de49228632c9d3f6dd422eb7875;2025-06-15 03:12:00;30;NO CONTROLS;NO CONTROLS;CLEAR;DARKNESS, LIGHTED ROAD;TURNING;ONE-WAY;STRAIGHT AND LEVEL;UNKNOWN;UNKNOWN;INJURY AND / OR TOW DUE TO CRASH;;;$501 - $1,500;FAILING TO YIELD RIGHT-OF-WAY;IMPROPER TURNING/NO SIGNAL;65;W;ERIE ST;1832;;;;;;;2;REPORTED, NOT EVIDENT;1;0;0;0;1;1;0;3;1;6;41.8939290508;-87.6306699417;{'type': 'Point', 'coordinates': [-87.630669941702, 41.893929050765]};ON SCENE;2025-06-15T04:25:00.000
39426efcfa56548088f5dfb58e4db8941107ce6488a84c581c6d62db9bfa82b95d7d2c7d92b955b0de4776a7122c3a4155cbbc894e8bc9e73d13ee1cb3e694bc;2025-06-15 03:10:00;35;NO CONTROLS;NO CONTROLS;CLEAR;DARKNESS, LIGHTED ROAD;FIXED OBJECT;NOT DIVIDED;STRAIGHT AND LEVEL;DRY;NO DEFECTS;INJURY AND / OR TOW DUE TO CRASH;;Y;OVER $1,500;UNABLE TO DETERMINE;UNABLE TO DETERMINE;3746;W;MARQUETTE RD;833;;;;;;;1;NO INDICATION OF INJURY;0;0;0;0;0;1;0;3;1;6;41.7715682693;-87.7170967673;{'type': 'Point', 'coordinates': [-87.717096767254, 41.77156826931]};ON SCENE;2025-06-15T03:50:00.000
45a06e1dee59c13e4b49b2781812b2bf97abbb3f0c3d02d56355a707d65c9a7dbebbad1c4abb872ccca00899b0fc1a5e1e0f4e9d404394a968922df21193b850;2025-06-15 03:00:00;30;NO CONTROLS;NO CONTROLS;CLEAR;DARKNESS, LIGHTED ROAD;PARKED MOTOR VEHICLE;ONE-WAY;STRAIGHT AND LEVEL;DRY;NO DEFECTS;NO INJURY / DRIVE AWAY;;Y;$500 OR LESS;UNABLE TO DETERMINE;UNABLE TO DETERMINE;5240;W;RACE AVE;1523;;;;;;;2;NO INDICATION OF INJURY;0;0;0;0;0;1;0;3;1;6;41.8901490119;-87.757064853;{'type': 'Point', 'coordinates': [-87.757064852957, 41.890149011894]};ON SCENE;2025-06-15T03:13:00.000
62893b932e7b17d709abf4505192af2ac09c10e7ad947742cb1dc48374b774c5988c49ec58fec6e985e0d5b9d9dcddb422467c8d353c828f4cac915db2e742be;2025-06-15 03:00:00;30;NO CONTROLS;NO CONTROLS;CLEAR;DARKNESS, LIGHTED ROAD;PARKED MOTOR VEHICLE;NOT DIVIDED;STRAIGHT AND LEVEL;DRY;NO DEFECTS;NO INJURY / DRIVE AWAY;;Y;$501 - $1,500;UNABLE TO DETERMINE;NOT APPLICABLE;2427;N;MILWAUKEE AVE;1414;;;;;;;2;NO INDICATION OF INJURY;0;0;0;0;0;1;0;3;1;6;41.9253880182;-87.7011697404;{'type': 'Point', 'coordinates': [-87.701169740405, 41.925388018226]};NOT ON SCENE (DESK REPORT);2025-06-15T03:40:00.000
1f50e868017f360bad18f2056b5017e226fae2ac8a33182360f0229bb0b381e441b41181cc2bceda473414a5c3fb1d6b0b5561b22f632d0eedd804f207957857;2025-06-15 02:55:00;30;NO CONTROLS;NO CONTROLS;CLEAR;DARKNESS, LIGHTED ROAD;HEAD ON;PARKING LOT;STRAIGHT AND LEVEL;DRY;UNKNOWN;INJURY AND / OR TOW DUE TO CRASH;;Y;OVER $1,500;UNABLE TO DETERMINE;UNABLE TO DETERMINE;10999;W;HIGGINS RD;1654;;;;;;;2;NONINCAPACITATING INJURY;1;0;0;1;0;1;0;2;1;6;;;;ON SCENE;2025-06-15T02:55:00.000
4dca9d57ca07e28778ae53be3baa31d3b95d3fd258ca94cadbd6f7c13b1c20c669fb933ca1d60e5b757c63bee4c436208836ce4df8a3e7319e859a18313d52de;2025-06-15 02:50:00;25;NO CONTROLS;NO CONTROLS;CLEAR;DARKNESS, LIGHTED ROAD;PARKED MOTOR VEHICLE;ONE-WAY;STRAIGHT AND LEVEL;DRY;NO DEFECTS;INJURY AND / OR TOW DUE TO CRASH;;;OVER $1,500;IMPROPER OVERTAKING/PASSING;IMPROPER OVERTAKING/PASSING;3117;N;KILPATRICK AVE;2521;;Y;;;;;3;NO INDICATION OF INJURY;0;0;0;0;0;1;0;2;1;6;41.9375844975;-87.7442292844;{'type': 'Point', 'coordinates': [-87.744229284403, 41.937584497544]};ON SCENE;2025-06-15T02:51:00.000
dbb57fe560cde582c3907d5b5d29575143d0d92476efc672322be8a5e5ca87b6e74052b13df5c2e946aa3909b6ec65c20f35b47bb1f7d7e7f7592624a5980e26;2025-06-15 02:50:00;25;NO CONTROLS;NO CONTROLS;CLEAR;DARKNESS, LIGHTED ROAD;REAR TO SIDE;NOT DIVIDED;STRAIGHT AND LEVEL;DRY;NO DEFECTS;NO INJURY / DRIVE AWAY;;;$501 - $1,500;UNABLE TO DETERMINE;UNABLE TO DETERMINE;1520;S;KOSTNER AVE;1012;;;;;;;2;NO INDICATION OF INJURY;0;0;0;0;0;2;0;2;1;6;41.8598960927;-87.7349177559;{'type': 'Point', 'coordinates': [-87.734917755937, 41.859896092726]};NOT ON SCENE (DESK REPORT);2025-06-15T03:00:00.000
0cd526be78ce6949a0bead644bc56c97820910783f6760db08942fe6a6bff1cb0707bbf2e44c9c4b7d7dd14471b5d1820d145f6c5f9f23338e697058d78b433f;2025-06-15 02:45:00;30;NO CONTROLS;NO CONTROLS;CLEAR;DARKNESS, LIGHTED ROAD;PARKED MOTOR VEHICLE;NOT DIVIDED;STRAIGHT AND LEVEL;DRY;NO DEFECTS;INJURY AND / OR TOW DUE TO CRASH;;Y;OVER $1,500;UNABLE TO DETERMINE;UNABLE TO DETERMINE;5317;N;DELPHIA AVE;1614;;;;;;;2;NO INDICATION OF INJURY;0;0;0;0;0;1;0;2;1;6;41.9761390407;-87.8413966463;{'type': 'Point', 'coordinates': [-87.841396646346, 41.976139040715]};ON SCENE;2025-06-15T02:50:00.000
860a4832275f518f3b9558049858b0b29aa7166774cdb9818e71558f7d30ef71d8fcdadfe28583992055da86f2138028ae9d7febe6aef75b07397e8113a0a177;2025-06-15 02:45:00;25;STOP SIGN/FLASHER;FUNCTIONING PROPERLY;CLEAR;DAWN;ANGLE;FOUR WAY;STRAIGHT AND LEVEL;DRY;NO DEFECTS;INJURY AND / OR TOW DUE TO CRASH;Y;;OVER $1,500;DISREGARDING STOP SIGN;NOT APPLICABLE;4300;W;ARMITAGE AVE;2522;;;;;;;2;NO INDICATION OF INJURY;0;0;0;0;0;3;0;2;1;6;41.9171793684;-87.7339493012;{'type': 'Point', 'coordinates': [-87.733949301158, 41.917179368388]};ON SCENE;2025-06-15T02:45:00.000
aa1522a18fd1dd0784fb801ce3ef650645232a2356d04b0dbeb2ff9c68aaffb4b488591a114ddc6565a74df5fc2f777e5e719e3f041a8f3a38c3a3d5f7132eb1;2025-06-15 02:44:00;40;NO CONTROLS;NO CONTROLS;CLEAR;DARKNESS, LIGHTED ROAD;FIXED OBJECT;DIVIDED - W/MEDIAN BARRIER;CURVE, LEVEL;DRY;UNKNOWN;INJURY AND / OR TOW DUE TO CRASH;;;$500 OR LESS;UNABLE TO DETERMINE;UNABLE TO DETERMINE;154;N;LAKE SHORE DR NB;114;;;;;;;1;NONINCAPACITATING INJURY;1;0;0;1;0;0;0;2;1;6;41.8843487635;-87.6145497781;{'type': 'Point', 'coordinates': [-87.614549778133, 41.884348763505]};ON SCENE;2025-06-15T02:54:00.000
60fc5a82467cd05f15b464ef39122e36a5a8fb2d715311e06c6daf3484e10cc1a24be196e187c8a99299b4e7e9f155e2d4a2c1ca2c0a6af229b8deff168775db;2025-06-15 02:30:00;30;TRAFFIC SIGNAL;FUNCTIONING PROPERLY;CLEAR;DARKNESS, LIGHTED ROAD;ANGLE;T-INTERSECTION;STRAIGHT AND LEVEL;DRY;NO DEFECTS;INJURY AND / OR TOW DUE TO CRASH;Y;;OVER $1,500;DISREGARDING TRAFFIC SIGNALS;NOT APPLICABLE;4498;W;LAKE ST;1113;;;;;;;2;REPORTED, NOT EVIDENT;4;0;0;0;4;0;0;2;1;6;41.8862699923;-87.7379747758;{'type': 'Point', 'coordinates': [-87.737974775823, 41.886269992323]};ON SCENE;2025-06-15T02:30:00.000
4954291d32e10bc17e114d8dbb16ae54e0d64773bfaf2f0e31c3fa43ad7af4ca4183b951bfa8216160a51239c531150105ffabe2d0a14b85376ccf981231ef40;2025-06-15 02:10:00;30;NO CONTROLS;NO CONTROLS;UNKNOWN;UNKNOWN;PARKED MOTOR VEHICLE;NOT DIVIDED;STRAIGHT AND LEVEL;UNKNOWN;UNKNOWN;NO INJURY / DRIVE AWAY;;Y;$501 - $1,500;FAILING TO REDUCE SPEED TO AVOID CRASH;UNABLE TO DETERMINE;6364;S;DR MARTIN LUTHER KING JR DR;312;;;;;;;2;NO INDICATION OF INJURY;0;0;0;0;0;1;0;2;1;6;41.7785302176;-87.6157325297;{'type': 'Point', 'coordinates': [-87.615732529699, 41.778530217554]};ON SCENE;2025-06-15T02:12:00.000
c705641472fbd76ccb764e89b397636344da50264e783479bf52f6777fdd770d4ca3e7beb2476215115fa92bd6babee5f8be0c9c248e50a3a3ec2ca60f230d20;2025-06-15 02:10:00;30;NO CONTROLS;FUNCTIONING PROPERLY;CLEAR;DARKNESS;REAR END;NOT DIVIDED;STRAIGHT AND LEVEL;DRY;NO DEFECTS;NO INJURY / DRIVE AWAY;;Y;OVER $1,500;UNABLE TO DETERMINE;NOT APPLICABLE;10352;S;HALSTED ST;2232;;;;;;;2;NO INDICATION OF INJURY;0;0;0;0;0;3;0;2;1;6;41.7053530337;-87.6429328707;{'type': 'Point', 'coordinates': [-87.642932870671, 41.705353033716]};ON SCENE;2025-06-15T02:28:00.000
7a1d7867523094c91d5ab700703cccc82472911c6037d75700e5d4d31b801d6b0665ae3269cda7005064f05de2c33ac30d1542c9d5a8349c314df58978309538;2025-06-15 02:00:00;30;NO CONTROLS;NO CONTROLS;CLEAR;DAYLIGHT;SIDESWIPE SAME DIRECTION;NOT DIVIDED;STRAIGHT AND LEVEL;DRY;NO DEFECTS;NO INJURY / DRIVE AWAY;;Y;OVER $1,500;IMPROPER OVERTAKING/PASSING;IMPROPER OVERTAKING/PASSING;19;N;GREEN ST;1224;;;;;;;2;NO INDICATION OF INJURY;0;0;0;0;0;2;0;2;1;6;41.8823842045;-87.6483994977;{'type': 'Point', 'coordinates': [-87.648399497748, 41.88238420451]};NOT ON SCENE (DESK REPORT);2025-06-15T16:45:00.000
c82c6d332c8cd2e596af7f5c0ea676f211fbddb84b32a51b6f6842f7f09ade2d14ade0d365fdf59f336625b801237dbfda73b47184902cbe879353a7d7c03dd6;2025-06-15 02:00:00;30;NO CONTROLS;NO CONTROLS;UNKNOWN;DARKNESS;PARKED MOTOR VEHICLE;ONE-WAY;STRAIGHT AND LEVEL;UNKNOWN;UNKNOWN;NO INJURY / DRIVE AWAY;;Y;OVER $1,500;UNABLE TO DETERMINE;NOT APPLICABLE;5503;W;GLADYS AVE;1522;;;;;;;2;NO INDICATION OF INJURY;0;0;0;0;0;1;0;2;1;6;41.8755586426;-87.7618788984;{'type': 'Point', 'coordinates': [-87.761878898366, 41.875558642639]};NOT ON SCENE (DESK REPORT);2025-06-15T12:41:00.000
c6798aaa93a8248b122920b950f5963653429f2206891d1b97ad6a926cf60210a5b338f7b088dec6d573b7610804bd863cc4eca2378634b6d83ccfad99510b02;2025-06-15 01:52:00;30;UNKNOWN;UNKNOWN;CLEAR;DARKNESS, LIGHTED ROAD;ANGLE;FOUR WAY;STRAIGHT AND LEVEL;DRY;NO DEFECTS;INJURY AND / OR TOW DUE TO CRASH;Y;;OVER $1,500;UNABLE TO DETERMINE;NOT APPLICABLE;2001;E;74TH ST;333;;;;;;;2;REPORTED, NOT EVIDENT;1;0;0;0;1;2;0;1;1;6;41.7605873;-87.5761505508;{'type': 'Point', 'coordinates': [-87.576150550763, 41.760587299992]};ON SCENE;2025-06-15T02:13:00.000
954f579a1277bff53b120d3eb4cc99af81c7ec33918dd5a885b004ecb2802179f3c50fe4e70b0972714dd2163ac80d1462be9dae02f656e9db441f5a44c4ac7c;2025-06-15 01:50:00;30;NO CONTROLS;NO CONTROLS;CLEAR;DARKNESS, LIGHTED ROAD;PARKED MOTOR VEHICLE;ONE-WAY;STRAIGHT AND LEVEL;DRY;NO DEFECTS;NO INJURY / DRIVE AWAY;;;OVER $1,500;DISTRACTION - FROM INSIDE VEHICLE;FAILING TO REDUCE SPEED TO AVOID CRASH;2900;W;BELLE PLAINE AVE;1724;;;;;;;3;NO INDICATION OF INJURY;0;0;0;0;0;1;0;1;1;6;41.9558835076;-87.7008019354;{'type': 'Point', 'coordinates': [-87.700801935374, 41.955883507571]};ON SCENE;2025-06-15T01:54:00.000
c67d65c12e9190dc6f6275cab9480c9a58b31b84706cbd8d0ac2b975894d256abf02e090e3fe6c604b7106715ea6450da67b0310e6b70e8c51cdb242e90d96d4;2025-06-15 01:46:00;30;NO CONTROLS;NO CONTROLS;CLEAR;DARKNESS, LIGHTED ROAD;PARKED MOTOR VEHICLE;NOT DIVIDED;STRAIGHT AND LEVEL;DRY;NO DEFECTS;INJURY AND / OR TOW DUE TO CRASH;;Y;$501 - $1,500;UNDER THE INFLUENCE OF ALCOHOL/DRUGS (USE WHEN ARREST IS EFFECTED);FAILING TO REDUCE SPEED TO AVOID CRASH;4114;W;WEST END AVE;1114;;;;;;;3;NO INDICATION OF INJURY;0;0;0;0;0;2;0;1;1;6;41.8834353511;-87.7288565956;{'type': 'Point', 'coordinates': [-87.728856595559, 41.883435351107]};ON SCENE;2025-06-15T01:48:00.000