crash_record_id;crash_date;posted_speed_limit;traffic_control_device;device_condition;weather_condition;lighting_condition;first_crash_type;trafficway_type;alignment;roadway_surface_cond;road_defect;crash_type;intersection_related_i;hit_and_run_i;damage;prim_contributory_cause;sec_contributory_cause;street_no;street_direction;street_name;beat_of_occurrence;photos_taken_i;statements_taken_i;dooring_i;work_zone_i;work_zone_type;workers_present_i;num_units;most_severe_injury;injuries_total;injuries_fatal;injuries_incapacitating;injuries_non_incapacitating;injuries_reported_not_evident;injuries_no_indication;injuries_unknown;crash_hour;crash_day_of_week;crash_month;latitude;longitude;location;report_type;date_police_notified
83bcb24601c2227d80d78eec6a6acfe8c1fc96f4ae78b35c42266662601e00abc5ab8f8cfa687d6d5ad8be8377c4bff371bf3b51513c8513783dfc67e7795161;2025-06-15 01:40:00;30;NO CONTROLS;NO CONTROLS;CLEAR;DARKNESS, LIGHTED ROAD;REAR END;ONE-WAY;STRAIGHT AND LEVEL;DRY;NO DEFECTS;NO INJURY / DRIVE AWAY;;;OVER $1,500;UNABLE TO DETERMINE;NOT APPLICABLE;3441;W;61ST ST;823;;;;;;;2;NO INDICATION OF INJURY;0;0;0;0;0;4;0;1;1;6;41.7824008789;-87.7097206481;{'type': 'Point', 'coordinates': [-87.709720648119, 41.782400878916]};ON SCENE;2025-06-15T01:44:00.000
c29a9876b127522c697153fc0576beed2d82e23c8fce92334065f483a8926fbc4f3d60eb81f4adaa58765dd3401829e8ddeafee8560ff874d4cb2245eec91a5b;2025-06-15 01:38:00;30;STOP SIGN/FLASHER;FUNCTIONING PROPERLY;CLEAR;DARKNESS, LIGHTED ROAD;ANGLE;FOUR WAY;STRAIGHT AND LEVEL;DRY;NO DEFECTS;INJURY AND / OR TOW DUE TO CRASH;Y;;OVER $1,500;FAILING TO YIELD RIGHT-OF-WAY;UNABLE TO DETERMINE;7400;S;DR MARTIN LUTHER KING JR DR;323;;;;;;;2;REPORTED, NOT EVIDENT;1;0;0;0;1;1;0;1;1;6;41.7601403748;-87.6153087718;{'type': 'Point', 'coordinates': [-87.61530877184, 41.760140374778]};ON SCENE;2025-06-15T01:40:00.000
a7b46eca59a7d925f4604c8315baac8f513509dcfb649b61de864d674b3c6356236f463bca92e1c24ce1613520b60681482cf1f116bf9474cf17fa624173520c;2025-06-15 01:35:00;35;STOP SIGN/FLASHER;NO CONTROLS;CLEAR;DARKNESS, LIGHTED ROAD;TURNING;FOUR WAY;STRAIGHT AND LEVEL;DRY;NO DEFECTS;INJURY AND / OR TOW DUE TO CRASH;Y;;OVER $1,500;FAILING TO YIELD RIGHT-OF-WAY;IMPROPER OVERTAKING/PASSING;1901;W;DIVISION ST;1212;;;;;;;3;NO INDICATION OF INJURY;0;0;0;0;0;5;0;1;1;6;41.903119679;-87.6748804921;{'type': 'Point', 'coordinates': [-87.674880492082, 41.903119678957]};ON SCENE;2025-06-15T01:39:00.000
98bf506d038d9a91c1ddb45821367583ed77b80bf55c4fd985d6df04fe3d8b6f5a2f4cf3456e6615dd5adfda66156466c48d42f085c7343f203cae473286ecd5;2025-06-15 01:32:00;15;NO CONTROLS;NO CONTROLS;CLEAR;DARKNESS, LIGHTED ROAD;TURNING;NOT DIVIDED;STRAIGHT AND LEVEL;DRY;NO DEFECTS;NO INJURY / DRIVE AWAY;;;$500 OR LESS;UNABLE TO DETERMINE;UNABLE TO DETERMINE;1;W;PARKING LOT E ST;1654;;;;;;;2;NO INDICATION OF INJURY;0;0;0;0;0;2;0;1;1;6;;;;ON SCENE;2025-06-15T01:32:00.000
03f07948eff29f141fcb41695102ab5a5f900d11f26bf97de60d40f7209c5c03d9b64c9d084e444b4f1bd5e1838ec0a9b19fc52c3f1ce7761e9f84bdd0d38aa2;2025-06-15 01:25:00;30;STOP SIGN/FLASHER;NO CONTROLS;CLEAR;DARKNESS, LIGHTED ROAD;REAR TO SIDE;FOUR WAY;STRAIGHT AND LEVEL;DRY;NO DEFECTS;INJURY AND / OR TOW DUE TO CRASH;Y;;OVER $1,500;DISREGARDING STOP SIGN;IMPROPER BACKING;4298;S;CAMPBELL AVE;921;;;;;;;4;NO INDICATION OF INJURY;0;0;0;0;0;3;0;1;1;6;41.8158542401;-87.6872648307;{'type': 'Point', 'coordinates': [-87.687264830737, 41.815854240083]};ON SCENE;2025-06-15T01:26:00.000
207751f1dfc11cebc939013172f51f1c4c8d17414bf8dd7fb7c65746230f08d4e4789d321a3e788599b87d9343b8e4281d36de364c70073456acf6c866ec329a;2025-06-15 01:17:00;30;STOP SIGN/FLASHER;FUNCTIONING PROPERLY;CLEAR;DARKNESS, LIGHTED ROAD;SIDESWIPE SAME DIRECTION;NOT DIVIDED;STRAIGHT AND LEVEL;DRY;NO DEFECTS;INJURY AND / OR TOW DUE TO CRASH;Y;Y;OVER $1,500;UNABLE TO DETERMINE;UNABLE TO DETERMINE;240;E;138TH ST;533;;;;;;;2;NONINCAPACITATING INJURY;1;0;0;1;0;3;0;1;1;6;41.6447011082;-87.6153261549;{'type': 'Point', 'coordinates': [-87.615326154893, 41.644701108192]};ON SCENE;2025-06-15T01:17:00.000
58e2244abe4b39a87c3fd992d473945e772bc7cf7a18f454185c4ce6daa4aa6441978dec7a62d809c45855b9cf93252533752ba585e48a29f3ff1efc431959ac;2025-06-15 01:13:00;30;TRAFFIC SIGNAL;FUNCTIONING PROPERLY;CLEAR;DARKNESS, LIGHTED ROAD;REAR END;NOT DIVIDED;STRAIGHT AND LEVEL;DRY;NO DEFECTS;NO INJURY / DRIVE AWAY;;Y;OVER $1,500;FOLLOWING TOO CLOSELY;NOT APPLICABLE;4200;N;PULASKI RD;1722;;;;;;;2;NO INDICATION OF INJURY;0;0;0;0;0;2;0;1;1;6;41.9573894122;-87.7278727201;{'type': 'Point', 'coordinates': [-87.727872720086, 41.957389412248]};ON SCENE;2025-06-15T01:19:00.000
02ef67de03fa003bd31a95051806f6c1840c006bb1c9f7aadad9cbb5e518c78071d29e38f1df072079a6f1dedef05cbfc83bb934c1969fe72bb591376f69c2e8;2025-06-15 01:12:00;30;TRAFFIC SIGNAL;FUNCTIONING PROPERLY;CLEAR;DARKNESS, LIGHTED ROAD;TURNING;OTHER;STRAIGHT AND LEVEL;DRY;NO DEFECTS;NO INJURY / DRIVE AWAY;;;OVER $1,500;FAILING TO YIELD RIGHT-OF-WAY;NOT APPLICABLE;3551;N;CENTRAL AVE;1633;;;;;;;2;NO INDICATION OF INJURY;0;0;0;0;0;3;0;1;1;6;41.9455989871;-87.766599243;{'type': 'Point', 'coordinates': [-87.766599242952, 41.945598987088]};ON SCENE;2025-06-15T01:37:00.000
47de4ae6a53349b01a14da8821472f93250d4efb002d5e919ac08a437adac815f2a4e5aacceb0ac429df17e4a967b2f9d8b5260b2ada3b74fc1a028486ad0e3b;2025-06-15 01:08:00;30;NO CONTROLS;NO CONTROLS;CLEAR;DARKNESS, LIGHTED ROAD;PARKED MOTOR VEHICLE;ONE-WAY;STRAIGHT AND LEVEL;DRY;NO DEFECTS;INJURY AND / OR TOW DUE TO CRASH;;Y;OVER $1,500;UNABLE TO DETERMINE;UNABLE TO DETERMINE;2940;N;TROY ST;1411;;;;;;;5;NO INDICATION OF INJURY;0;0;0;0;0;1;0;1;1;6;41.9350874133;-87.7064288923;{'type': 'Point', 'coordinates': [-87.706428892304, 41.935087413281]};ON SCENE;2025-06-15T06:42:00.000
582198d5234283a932d99b76fe90ff275fc469f17f99e346d67c7826526481113a13ff3e015ba9e65ac2d95d7f9aa931404f8bd13641fd8f23e062f5238deaef;2025-06-15 01:00:00;30;STOP SIGN/FLASHER;FUNCTIONING PROPERLY;CLEAR;DAYLIGHT;REAR END;DIVIDED - W/MEDIAN (NOT RAISED);STRAIGHT AND LEVEL;DRY;NO DEFECTS;NO INJURY / DRIVE AWAY;Y;;OVER $1,500;UNABLE TO DETERMINE;UNABLE TO DETERMINE;8700;S;ASHLAND AVE;2221;;;;;;;2;NO INDICATION OF INJURY;0;0;0;0;0;2;0;1;1;6;41.7356969886;-87.6632095445;{'type': 'Point', 'coordinates': [-87.663209544457, 41.735696988636]};NOT ON SCENE (DESK REPORT);2025-06-15T19:55:00.000
f11a0b83606289812d9c579de85977e5ffdd1b08db543eae741640aa5ec1ba2148fb911c55419112bd685e5ef5fd1891cd2bdeaa4a881b31cf90e90fb2e24429;2025-06-15 01:00:00;30;NO CONTROLS;NO CONTROLS;CLEAR;DAYLIGHT;PARKED MOTOR VEHICLE;NOT DIVIDED;STRAIGHT AND LEVEL;DRY;NO DEFECTS;NO INJURY / DRIVE AWAY;;;$501 - $1,500;UNABLE TO DETERMINE;NOT APPLICABLE;1825;N;WASHTENAW AVE;1421;;;;;;;2;NO INDICATION OF INJURY;0;0;0;0;0;1;0;1;1;6;41.9146763017;-87.6945252475;{'type': 'Point', 'coordinates': [-87.69452524746, 41.914676301747]};NOT ON SCENE (DESK REPORT);2025-06-16T11:00:00.000
7a9266ff2f8dccf3429b96ee331f114feefb6a0876661ebcb34518f1e45661d17969f1dc4823a7c119f7af99fcf8d620768c5f645248b80701c3791c05b31daf;2025-06-15 00:57:00;30;TRAFFIC SIGNAL;FUNCTIONING PROPERLY;CLEAR;DARKNESS, LIGHTED ROAD;FIXED OBJECT;FOUR WAY;STRAIGHT AND LEVEL;DRY;NO DEFECTS;NO INJURY / DRIVE AWAY;Y;;$500 OR LESS;UNDER THE INFLUENCE OF ALCOHOL/DRUGS (USE WHEN ARREST IS EFFECTED);UNABLE TO DETERMINE;3800;W;HARRISON ST;1133;;;;;;;1;NO INDICATION OF INJURY;0;0;0;0;0;1;0;0;1;6;41.8736241188;-87.7204065573;{'type': 'Point', 'coordinates': [-87.720406557306, 41.873624118782]};ON SCENE;2025-06-15T01:01:00.000
85ade2ad2b707440c5a1810f31247296e04cde9a0ad607ae72975676f97c619cf95cd394b11906420446c6f9cb89ae9a55cec50e203526e5888fa3b3d265cc65;2025-06-15 00:50:00;25;NO CONTROLS;NO CONTROLS;CLEAR;DARKNESS, LIGHTED ROAD;PARKED MOTOR VEHICLE;ONE-WAY;STRAIGHT AND LEVEL;UNKNOWN;UNKNOWN;NO INJURY / DRIVE AWAY;;Y;OVER $1,500;UNABLE TO DETERMINE;NOT APPLICABLE;3534;N;HERMITAGE AVE;1922;;;;;;;2;NO INDICATION OF INJURY;0;0;0;0;0;1;0;0;1;6;41.9461669537;-87.672646537;{'type': 'Point', 'coordinates': [-87.672646537027, 41.946166953688]};NOT ON SCENE (DESK REPORT);2025-06-16T18:20:00.000
c1ec0d3ac74437f19ba8818d60b9ddd4e94f9e662d0c9d44654a83312301c6e8094b5329603e5724a8b69b9591e479329c480567d8324615b5358e5592131e34;2025-06-15 00:48:00;30;TRAFFIC SIGNAL;NO CONTROLS;CLEAR;DARKNESS;REAR END;FOUR WAY;STRAIGHT AND LEVEL;DRY;NO DEFECTS;NO INJURY / DRIVE AWAY;Y;Y;OVER $1,500;IMPROPER OVERTAKING/PASSING;NOT APPLICABLE;3200;W;AUGUSTA BLVD;1121;;;;;;;2;NO INDICATION OF INJURY;0;0;0;0;0;4;0;0;1;6;41.8993037502;-87.706783945;{'type': 'Point', 'coordinates': [-87.706783944966, 41.899303750248]};NOT ON SCENE (DESK REPORT);2025-06-15T01:42:00.000
b76a250484659a7b726c15a77826cb6e7aeec8bc9abc243bea953b40cb579d1b033354a34c355c91d8589bb1a71a53c6b864c6dd9abbbe1e3565265e435af1ec;2025-06-15 00:44:00;10;NO CONTROLS;NO CONTROLS;CLEAR;DARKNESS, LIGHTED ROAD;REAR TO FRONT;PARKING LOT;STRAIGHT AND LEVEL;DRY;NO DEFECTS;NO INJURY / DRIVE AWAY;;;$500 OR LESS;IMPROPER BACKING;UNABLE TO DETERMINE;541;N;RUSH ST;1834;;;;;;;2;NO INDICATION OF INJURY;0;0;0;0;0;2;0;0;1;6;41.8921949677;-87.6252308634;{'type': 'Point', 'coordinates': [-87.625230863447, 41.892194967717]};NOT ON SCENE (DESK REPORT);2025-06-15T16:00:00.000
8dd50198f33cd7b5f10a10eb0f5ec756d5ecf7c75874bce089e8207a29b443739dfe56f9f4e701aa4382bc563bdedfec84aab0344daf7fc3047eb1df29c1e283;2025-06-15 00:40:00;30;NO CONTROLS;NO CONTROLS;CLEAR;DARKNESS, LIGHTED ROAD;PARKED MOTOR VEHICLE;NOT DIVIDED;STRAIGHT AND LEVEL;DRY;NO DEFECTS;INJURY AND / OR TOW DUE TO CRASH;;;OVER $1,500;FOLLOWING TOO CLOSELY;UNABLE TO DETERMINE;3050;W;MARQUETTE RD;831;;;;;;;4;NONINCAPACITATING INJURY;2;0;0;2;0;0;0;0;1;6;41.7718255426;-87.7001131832;{'type': 'Point', 'coordinates': [-87.700113183186, 41.771825542554]};ON SCENE;2025-06-15T00:55:00.000
a5d21d02da82063a274f5ce5b9fd2505d407f7d7fdd354e75f1de158fa26bbb232cfe84871b88e29c01d6594e36c9746f770626be021634ee33284565200737c;2025-06-15 00:40:00;30;TRAFFIC SIGNAL;FUNCTIONING PROPERLY;CLEAR;DARKNESS, LIGHTED ROAD;REAR END;FOUR WAY;STRAIGHT AND LEVEL;DRY;NO DEFECTS;INJURY AND / OR TOW DUE TO CRASH;N;;$500 OR LESS;FAILING TO YIELD RIGHT-OF-WAY;UNABLE TO DETERMINE;384;W;79TH ST;623;;;;;;;3;REPORTED, NOT EVIDENT;2;0;0;0;2;2;0;0;1;6;41.7508936249;-87.6341764273;{'type': 'Point', 'coordinates': [-87.634176427344, 41.75089362487]};NOT ON SCENE (DESK REPORT);2025-06-15T01:30:00.000
ccae811563eaf33099d25df9b68ab5deeca9c6f11aab93225cddbe7a877d313651ab4a80e911737faf69b643616fc4fee108fbd0017515cd5bb293ad7c1d5549;2025-06-15 00:40:00;30;NO CONTROLS;NO CONTROLS;CLEAR;DARKNESS, LIGHTED ROAD;PARKED MOTOR VEHICLE;NOT DIVIDED;STRAIGHT AND LEVEL;DRY;NO DEFECTS;NO INJURY / DRIVE AWAY;;Y;OVER $1,500;UNABLE TO DETERMINE;NOT APPLICABLE;3734;S;VINCENNES AVE;212;;;;;;;2;NO INDICATION OF INJURY;0;0;0;0;0;1;0;0;1;6;41.8266631064;-87.6120179489;{'type': 'Point', 'coordinates': [-87.612017948856, 41.826663106445]};ON SCENE;2025-06-15T00:45:00.000
bb049b858106bca054049efb97809b5dbc7deaed9726592d6a2616c60a1d2aa5595bc97d952eb3d5af0ffef7447b1b0ee6c33fa0cbac2aebe0e27535fe0f92a5;2025-06-15 00:38:00;30;TRAFFIC SIGNAL;FUNCTIONING PROPERLY;CLEAR;DARKNESS, LIGHTED ROAD;REAR END;NOT DIVIDED;STRAIGHT AND LEVEL;DRY;NO DEFECTS;NO INJURY / DRIVE AWAY;;N;OVER $1,500;UNABLE TO DETERMINE;NOT APPLICABLE;7152;W;52ND ST;811;;;;;;;2;NO INDICATION OF INJURY;0;0;0;0;0;2;0;0;1;6;41.7976888248;-87.8011728133;{'type': 'Point', 'coordinates': [-87.801172813311, 41.797688824806]};NOT ON SCENE (DESK REPORT);2025-06-15T02:20:00.000
bfb53f175d914a9143d2ebb90774316892651b86adfd8fd2c2c84527bdff05f6facab80d3034ab23bff3cee8d6d9bc1eb161009eae21b7742d945907fb8853a9;2025-06-15 00:34:00;30;TRAFFIC SIGNAL;FUNCTIONING PROPERLY;CLEAR;DARKNESS, LIGHTED ROAD;SIDESWIPE SAME DIRECTION;NOT DIVIDED;STRAIGHT AND LEVEL;DRY;NO DEFECTS;INJURY AND / OR TOW DUE TO CRASH;;Y;OVER $1,500;NOT APPLICABLE;NOT APPLICABLE;8700;S;DORCHESTER AVE;412;;;;;;;2;NO INDICATION OF INJURY;0;0;0;0;0;2;0;0;1;6;41.7367554697;-87.5907102868;{'type': 'Point', 'coordinates': [-87.590710286811, 41.736755469714]};ON SCENE;2025-06-15T01:41:00.000
b36e7caa2024293cb42a7bbcb8f41213b7cb41f8d45b858407def8be5fef9dfbcd8cab424aa97f39ed9c33040a1b783c2414a0effed8e07bd6b98e8e816b6233;2025-06-15 00:32:00;30;TRAFFIC SIGNAL;FUNCTIONING PROPERLY;CLEAR;DARKNESS, LIGHTED ROAD;TURNING;FOUR WAY;STRAIGHT AND LEVEL;DRY;NO DEFECTS;INJURY AND / OR TOW DUE TO CRASH;Y;Y;OVER $1,500;UNABLE TO DETERMINE;NOT APPLICABLE;50;W;71ST ST;731;;;;;;;3;REPORTED, NOT EVIDENT;1;0;0;0;1;1;0;0;1;6;41.7655526165;-87.6268248335;{'type': 'Point', 'coordinates': [-87.626824833481, 41.76555261653]};ON SCENE;2025-06-15T00:32:00.000
1e1677d8b27efb1878a665f2e745b02cf64d2877bf26e82aa72378498c6bd65fed78fb6368ecc954fe3d7a184f57c107980f99398c00f992e06cbe019348c6b0;2025-06-15 00:30:00;30;NO CONTROLS;NO CONTROLS;CLEAR;DARKNESS, LIGHTED ROAD;SIDESWIPE SAME DIRECTION;NOT DIVIDED;STRAIGHT AND LEVEL;DRY;UNKNOWN;NO INJURY / DRIVE AWAY;;Y;OVER $1,500;IMPROPER OVERTAKING/PASSING;UNABLE TO DETERMINE;11340;S;WENTWORTH AVE;522;;;;;;;2;NO INDICATION OF INJURY;0;0;0;0;0;3;0;0;1;6;41.68763314;-87.6279062365;{'type': 'Point', 'coordinates': [-87.627906236499, 41.687633140032]};NOT ON SCENE (DESK REPORT);2025-06-15T00:48:00.000
ac0c50e6ab83e6ca4996390be0f8c23cde78e80b3ed1826864dcee07ca4c7c5342b9bf2c78ac5a89e25261569ea2c64874a28ddac06f20a1f610cd2befd6e797;2025-06-15 00:30:00;20;NO CONTROLS;NO CONTROLS;CLEAR;DARKNESS, LIGHTED ROAD;REAR END;ONE-WAY;STRAIGHT AND LEVEL;DRY;NO DEFECTS;NO INJURY / DRIVE AWAY;;Y;OVER $1,500;FOLLOWING TOO CLOSELY;NOT APPLICABLE;4755;S;LAPORTE AVE;814;;;;;;;2;NO INDICATION OF INJURY;0;0;0;0;0;2;0;0;1;6;41.8059569153;-87.746634592;{'type': 'Point', 'coordinates': [-87.746634591952, 41.805956915313]};NOT ON SCENE (DESK REPORT);2025-06-15T02:05:00.000
e66610c5f212c39e4c25c29f547a008ffd9a3685fd3d54d0d9523ec5a69b8adc3df6372cf230b0386f363c8f2b2b8913fb6b687ef4c8747f24e5a553117b8e4e;2025-06-15 00:30:00;30;NO CONTROLS;NO CONTROLS;CLEAR;DARKNESS, LIGHTED ROAD;REAR END;NOT DIVIDED;STRAIGHT AND LEVEL;DRY;NO DEFECTS;NO INJURY / DRIVE AWAY;;;OVER $1,500;FOLLOWING TOO CLOSELY;NOT APPLICABLE;6700;W;BELMONT AVE;1632;;;;;;;2;NO INDICATION OF INJURY;0;0;0;0;0;2;0;0;1;6;41.9383078548;-87.7933173123;{'type': 'Point', 'coordinates': [-87.793317312318, 41.938307854836]};NOT ON SCENE (DESK REPORT);2025-06-15T18:38:00.000
36f7f06c9213cb8de2439a9e421c74b91791e9010ebbfcc5255490b556c57669b637be680f425a124c259f89d335b51d6c960731f516e0a7c5771102062b88c4;2025-06-15 00:25:00;30;NO CONTROLS;NO CONTROLS;CLEAR;DARKNESS, LIGHTED ROAD;FIXED OBJECT;NOT DIVIDED;STRAIGHT AND LEVEL;DRY;NO DEFECTS;NO INJURY / DRIVE AWAY;;;OVER $1,500;DISTRACTION - FROM INSIDE VEHICLE;NOT APPLICABLE;3601;S;COTTAGE GROVE AVE;212;;;;;;;1;NO INDICATION OF INJURY;0;0;0;0;0;1;0;0;1;6;41.8290940066;-87.6093698277;{'type': 'Point', 'coordinates': [-87.609369827746, 41.829094006553]};ON SCENE;2025-06-15T00:27:00.000
36c985767af43e53747ca22fe6d16fea78facbf6a4c5487ea9578b95157c483919a46f15e554fa3661860456219ed2363e54aecfdf0e1c26bc192b4856a6721d;2025-06-15 00:19:00;30;TRAFFIC SIGNAL;FUNCTIONING PROPERLY;CLEAR;DARKNESS, LIGHTED ROAD;TURNING;NOT DIVIDED;STRAIGHT AND LEVEL;DRY;NO DEFECTS;INJURY AND / OR TOW DUE TO CRASH;Y;;OVER $1,500;FAILING TO YIELD RIGHT-OF-WAY;FAILING TO YIELD RIGHT-OF-WAY;100;W;CHICAGO AVE;1832;;;;;;;2;NO INDICATION OF INJURY;0;0;0;0;0;5;0;0;1;6;41.8967443469;-87.6313212482;{'type': 'Point', 'coordinates': [-87.631321248152, 41.896744346876]};ON SCENE;2025-06-15T00:20:00.000
e07b498b0712d0f2ae01ed5317c58b2bcf52cf624f53b4f3abb08c439f716420d1a815cd2e83fef7dd638ae3afdaf8b3851641c7f6dbebb8e95b418fefadcfd7;2025-06-15 00:17:00;35;TRAFFIC SIGNAL;FUNCTIONING PROPERLY;CLEAR;DARKNESS;TURNING;NOT DIVIDED;STRAIGHT AND LEVEL;DRY;NO DEFECTS;NO INJURY / DRIVE AWAY;Y;;OVER $1,500;IMPROPER TURNING/NO SIGNAL;EQUIPMENT - VEHICLE CONDITION;116;W;CERMAK RD;131;;;;;;;2;NO INDICATION OF INJURY;0;0;0;0;0;2;0;0;1;6;41.8529870791;-87.6300266133;{'type': 'Point', 'coordinates': [-87.630026613318, 41.85298707906]};NOT ON SCENE (DESK REPORT);2025-06-15T00:45:00.000
26259f912177fee18ca7e23e58973f62501d6ee3f8e5585298ddc3f76e3ca3489a2012b2803cb7fed72e0199399b3eb231ac0dd6661944fec3ab2db4275fc3b5;2025-06-15 00:15:00;15;NO CONTROLS;NO CONTROLS;CLEAR;DARKNESS, LIGHTED ROAD;REAR END;PARKING LOT;STRAIGHT AND LEVEL;DRY;NO DEFECTS;NO INJURY / DRIVE AWAY;;;$500 OR LESS;FAILING TO REDUCE SPEED TO AVOID CRASH;UNABLE TO DETERMINE;6336;S;ASHLAND AVE;725;;;;;;;2;NO INDICATION OF INJURY;0;0;0;0;0;2;0;0;1;6;41.778360976;-87.6643368634;{'type': 'Point', 'coordinates': [-87.664336863428, 41.778360976038]};ON SCENE;2025-06-15T00:18:00.000
b9e3cc8ef97805e3de8510523609285b044454bb939e9d6ea48c3fe8d3bd50b8ff4c7d5bda96c6f88f8b60c6bd2588fdb229a917271d28b236d5b37acdf418e1;2025-06-15 00:10:00;30;UNKNOWN;UNKNOWN;UNKNOWN;UNKNOWN;PEDESTRIAN;FOUR WAY;STRAIGHT AND LEVEL;UNKNOWN;UNKNOWN;INJURY AND / OR TOW DUE TO CRASH;Y;Y;$500 OR LESS;UNABLE TO DETERMINE;UNABLE TO DETERMINE;1232;N;DAMEN AVE;1424;;;;;;;2;NONINCAPACITATING INJURY;1;0;0;1;0;1;0;0;1;6;41.9041636902;-87.6774319683;{'type': 'Point', 'coordinates': [-87.677431968263, 41.904163690218]};NOT ON SCENE (DESK REPORT);2025-06-15T08:55:00.000
812b078cb54fbb36f8dfc5fde74951ad51fa47f1cdec517937a1a6cbd8d4740566bbcfc3a1fc7efd2f9b83b1c0ecb847667e9400ae9fc97a7cea112c08a65501;2025-06-15 00:06:00;35;TRAFFIC SIGNAL;FUNCTIONING PROPERLY;CLEAR;DARKNESS, LIGHTED ROAD;SIDESWIPE OPPOSITE DIRECTION;NOT DIVIDED;STRAIGHT AND LEVEL;DRY;NO DEFECTS;NO INJURY / DRIVE AWAY;;;$500 OR LESS;IMPROPER OVERTAKING/PASSING;NOT APPLICABLE;491;N;MILWAUKEE AVE;1214;N;;;;;;2;NO INDICATION OF INJURY;0;0;0;0;0;2;0;0;1;6;41.8910464843;-87.6471498856;{'type': 'Point', 'coordinates': [-87.647149885569, 41.89104648435]};ON SCENE;2025-06-15T00:06:00.000
7fe07015283d3e07be53be2e5d4abc53ed2040bd73aa2b0e4b723cc4a77c2bf462c0a49e926c160519924a68d33a8399c6fd13dd3383e2a5fb8c1474f5d1fd65;2025-06-15 00:05:00;30;DELINEATORS;FUNCTIONING PROPERLY;CLEAR;DARKNESS, LIGHTED ROAD;SIDESWIPE SAME DIRECTION;NOT DIVIDED;STRAIGHT AND LEVEL;DRY;UNKNOWN;NO INJURY / DRIVE AWAY;Y;;OVER $1,500;IMPROPER LANE USAGE;IMPROPER OVERTAKING/PASSING;1207;S;HALSTED ST;1232;;;;;;;3;NO INDICATION OF INJURY;0;0;0;0;0;3;0;0;1;6;41.8669404147;-87.6467685444;{'type': 'Point', 'coordinates': [-87.646768544438, 41.866940414725]};NOT ON SCENE (DESK REPORT);2025-06-15T01:00:00.000
efb91dbf0cb245b73978c576343c18e51eac21c669c860ce6a082fb3fde71c360d1830517d3d800976297298c2d3090feeed92b28c80f4f96f6d8089e8eaa233;2025-06-15 00:02:00;30;STOP SIGN/FLASHER;FUNCTIONING PROPERLY;CLEAR;DARKNESS, LIGHTED ROAD;TURNING;T-INTERSECTION;STRAIGHT AND LEVEL;DRY;NO DEFECTS;NO INJURY / DRIVE AWAY;Y;Y;OVER $1,500;DRIVING ON WRONG SIDE/WRONG WAY;NOT APPLICABLE;1000;W;GRAND AVE;1214;;;;;;;2;NO INDICATION OF INJURY;0;0;0;0;0;2;0;0;1;6;41.8912422896;-87.652355874;{'type': 'Point', 'coordinates': [-87.652355873963, 41.89124228961]};ON SCENE;2025-06-15T01:21:00.000
e24422f85058655b683ba900d3d02b6849539a0a1c9e6facf24b6b50b73fcb3c5560f441b3a037b83ef0d483008acc9eddf4b99dcdb81ff77ce68e648d5d927a;2025-06-14 23:58:00;30;TRAFFIC SIGNAL;FUNCTIONING PROPERLY;CLEAR;DARKNESS, LIGHTED ROAD;TURNING;FOUR WAY;STRAIGHT AND LEVEL;DRY;NO DEFECTS;INJURY AND / OR TOW DUE TO CRASH;Y;;OVER $1,500;UNABLE TO DETERMINE;NOT APPLICABLE;8401;W;FOREST PRESERVE AVE;1631;;;;;;;2;INCAPACITATING INJURY;2;0;1;1;0;1;0;23;7;6;41.9401736626;-87.8366220291;{'type': 'Point', 'coordinates': [-87.836622029067, 41.94017366257]};ON SCENE;2025-06-15T00:02:00.000
cdd37ac48bfc7b26467cbae52ed3bd1676b5ac8f10cdecb401f6fa0c28973c4382ab5f4b9a04c8facc62d6d29ff995996d77ad328750d751caa3166a8756b3fc;2025-06-14 23:55:00;30;TRAFFIC SIGNAL;FUNCTIONING PROPERLY;CLEAR;DARKNESS, LIGHTED ROAD;TURNING;FOUR WAY;STRAIGHT AND LEVEL;DRY;NO DEFECTS;INJURY AND / OR TOW DUE TO CRASH;Y;;OVER $1,500;IMPROPER TURNING/NO SIGNAL;UNABLE TO DETERMINE;1210;N;HALSTED ST;1822;;;;;;;2;NONINCAPACITATING INJURY;1;0;0;1;0;2;0;23;7;6;41.9036983077;-87.6482453506;{'type': 'Point', 'coordinates': [-87.648245350626, 41.90369830765]};ON SCENE;2025-06-15T00:00:00.000