crash_record_id;crash_date;posted_speed_limit;traffic_control_device;device_condition;weather_condition;lighting_condition;first_crash_type;trafficway_type;alignment;roadway_surface_cond;road_defect;crash_type;intersection_related_i;hit_and_run_i;damage;prim_contributory_cause;sec_contributory_cause;street_no;street_direction;street_name;beat_of_occurrence;photos_taken_i;statements_taken_i;dooring_i;work_zone_i;work_zone_type;workers_present_i;num_units;most_severe_injury;injuries_total;injuries_fatal;injuries_incapacitating;injuries_non_incapacitating;injuries_reported_not_evident;injuries_no_indication;injuries_unknown;crash_hour;crash_day_of_week;crash_month;latitude;longitude;location;report_type;date_police_notified
4714250602fcee77828db041300d748b15eae67ba4bdff6529e291743497a7dc292614cff11394ab4a0f519c4d7760c167239aeee5356380ee1f7900815d7dc5;2025-06-14 23:46:00;30;TRAFFIC SIGNAL;FUNCTIONING PROPERLY;CLEAR;DARKNESS, LIGHTED ROAD;ANGLE;NOT DIVIDED;STRAIGHT AND LEVEL;DRY;NO DEFECTS;NO INJURY / DRIVE AWAY;Y;;$501 - $1,500;IMPROPER TURNING/NO SIGNAL;NOT APPLICABLE;5500;S;STATE ST;225;;;;;;;2;NO INDICATION OF INJURY;0;0;0;0;0;2;0;23;7;6;41.794225291;-87.6258360156;{'type': 'Point', 'coordinates': [-87.625836015583, 41.79422529104]};ON SCENE;2025-06-15T00:20:00.000
6fe443031c2905f1841183607250d928b9cfa07cd0e0563a67a95d44bda449aa6cc2b7b9e82e427064dd9f9ace0334d1a2ed6919ecf67d51c897dfa7065e75f1;2025-06-14 23:45:00;30;TRAFFIC SIGNAL;FUNCTIONING PROPERLY;CLEAR;DARKNESS, LIGHTED ROAD;REAR END;DIVIDED - W/MEDIAN (NOT RAISED);STRAIGHT AND LEVEL;DRY;NO DEFECTS;INJURY AND / OR TOW DUE TO CRASH;;;OVER $1,500;UNABLE TO DETERMINE;UNABLE TO DETERMINE;1600;N;ELSTON AVE;1433;;;;;;;3;NONINCAPACITATING INJURY;2;0;0;2;0;2;0;23;7;6;41.9107069969;-87.6623272446;{'type': 'Point', 'coordinates': [-87.662327244597, 41.910706996881]};ON SCENE;2025-06-15T01:36:00.000
ff3d3f29f0e533bc9df226a08fd9c28b79e91ce9d5d8f4abbaa16a4efb01ccc12dcb69ac1f3b4a7947eb786652ed7472910281d6658033d5edd48ff18e8f8270;2025-06-14 23:45:00;30;TRAFFIC SIGNAL;UNKNOWN;CLEAR;DARKNESS, LIGHTED ROAD;SIDESWIPE SAME DIRECTION;Y-INTERSECTION;STRAIGHT AND LEVEL;DRY;UNKNOWN;NO INJURY / DRIVE AWAY;Y;;OVER $1,500;UNABLE TO DETERMINE;UNABLE TO DETERMINE;334;W;ONTARIO ST;1831;;;;;;;2;NO INDICATION OF INJURY;0;0;0;0;0;2;0;23;7;6;41.8932567111;-87.6370077971;{'type': 'Point', 'coordinates': [-87.637007797127, 41.893256711085]};NOT ON SCENE (DESK REPORT);2025-06-15T08:00:00.000
2c84e088f032243127b6210975ce47caa64d438e68990856bdbf5429b665a3287fb1eb63a7ee202382794e972eb4a34106db6ade4c2ffddf073993143f9548c9;2025-06-14 23:41:00;30;NO CONTROLS;NO CONTROLS;CLEAR;DARKNESS, LIGHTED ROAD;FIXED OBJECT;DIVIDED - W/MEDIAN BARRIER;STRAIGHT AND LEVEL;DRY;NO DEFECTS;NO INJURY / DRIVE AWAY;;;OVER $1,500;FAILING TO REDUCE SPEED TO AVOID CRASH;NOT APPLICABLE;5140;W;HIRSCH ST;2533;;Y;;;;;1;NO INDICATION OF INJURY;0;0;0;0;0;2;0;23;7;6;41.9059933378;-87.7550409263;{'type': 'Point', 'coordinates': [-87.755040926328, 41.905993337843]};NOT ON SCENE (DESK REPORT);2025-06-14T23:41:00.000
12016abe6c8cf5d2339aa88727d345e02306b5faf2bf1aef234ea18e285a487bc769819adbf211d8188f962d61cce6e58d523c03f24bed5c437a059e9805ff0b;2025-06-14 23:39:00;30;NO CONTROLS;NO CONTROLS;CLEAR;DARKNESS, LIGHTED ROAD;PARKED MOTOR VEHICLE;NOT DIVIDED;STRAIGHT AND LEVEL;DRY;NO DEFECTS;NO INJURY / DRIVE AWAY;;Y;OVER $1,500;NOT APPLICABLE;NOT APPLICABLE;9701;S;EMERALD AVE;2223;;;;;;;2;NO INDICATION OF INJURY;0;0;0;0;0;1;0;23;7;6;41.7177584269;-87.6417510371;{'type': 'Point', 'coordinates': [-87.641751037102, 41.71775842691]};ON SCENE;2025-06-14T23:44:00.000
951efed0dfaa03c6d5a81477ef042e75e261805f5438cc98262e361d8ec0b7ebb20db79cbac014de258f95f0cc706a996a6754ddbe8035fcaf38f5b3e62b869b;2025-06-14 23:35:00;30;NO CONTROLS;NO CONTROLS;CLEAR;DARKNESS, LIGHTED ROAD;REAR END;DIVIDED - W/MEDIAN (NOT RAISED);STRAIGHT AND LEVEL;DRY;NO DEFECTS;NO INJURY / DRIVE AWAY;;Y;OVER $1,500;FOLLOWING TOO CLOSELY;FAILING TO YIELD RIGHT-OF-WAY;7230;N;WESTERN AVE;2411;;;;;;;2;NO INDICATION OF INJURY;0;0;0;0;0;3;0;23;7;6;42.0131417106;-87.6903898959;{'type': 'Point', 'coordinates': [-87.690389895855, 42.013141710617]};NOT ON SCENE (DESK REPORT);2025-06-15T00:45:00.000
1d8206c69b938203d8237051525da436dae51c55a8a006df1e9be9b0a8bb8a76ce96f9322e8cbcad871361c3d35a9c57035608ae0cd972a1a8a7d20409572aea;2025-06-14 23:30:00;15;NO CONTROLS;NO CONTROLS;UNKNOWN;UNKNOWN;PARKED MOTOR VEHICLE;PARKING LOT;STRAIGHT AND LEVEL;UNKNOWN;UNKNOWN;NO INJURY / DRIVE AWAY;;Y;OVER $1,500;UNABLE TO DETERMINE;UNABLE TO DETERMINE;9705;S;HALSTED ST;2223;;;;;;;2;NO INDICATION OF INJURY;0;0;0;0;0;1;0;23;7;6;41.7175419624;-87.6429586663;{'type': 'Point', 'coordinates': [-87.642958666289, 41.717541962365]};NOT ON SCENE (DESK REPORT);2025-06-15T12:15:00.000
491ff4f77b295a2f01b63d859d9120595f67665bc7bc7cdbe7e74ce066bc830dc4e583b4225f1132d922bb31360827f8a70733cc10d739f55d6b266f36c7eecd;2025-06-14 23:25:00;30;NO CONTROLS;NO CONTROLS;CLEAR;DARKNESS, LIGHTED ROAD;HEAD ON;NOT DIVIDED;STRAIGHT AND LEVEL;DRY;NO DEFECTS;NO INJURY / DRIVE AWAY;;Y;$500 OR LESS;IMPROPER LANE USAGE;NOT APPLICABLE;510;N;CICERO AVE;1532;;;;;;;2;NO INDICATION OF INJURY;0;0;0;0;0;3;0;23;7;6;41.8899527815;-87.7457772994;{'type': 'Point', 'coordinates': [-87.745777299408, 41.889952781546]};ON SCENE;2025-06-14T23:25:00.000
f3297edfa596f210213bb676f820c234b7009f79019b12f21c6fde2f5cbda6f984dd5d3b2452be51a03ae0af0a602b7a629e2b81a0de570a426051d0c5ab4f4a;2025-06-14 23:22:00;30;TRAFFIC SIGNAL;FUNCTIONING PROPERLY;CLEAR;DARKNESS;TURNING;NOT DIVIDED;STRAIGHT AND LEVEL;DRY;NO DEFECTS;INJURY AND / OR TOW DUE TO CRASH;Y;;OVER $1,500;DISREGARDING TRAFFIC SIGNALS;NOT APPLICABLE;3400;N;CLARK ST;1924;;;;;;;2;NONINCAPACITATING INJURY;2;0;0;2;0;0;0;23;7;6;41.9435609427;-87.6537636432;{'type': 'Point', 'coordinates': [-87.653763643215, 41.943560942691]};ON SCENE;2025-06-14T23:23:00.000
73edaa772b2b8ec715ebebdac87a5290af268573c9c60e24b4cdc78dd913a87840ba365c71654c718e52c6ee51c545dd223586f4acf3c38ddb3e48cffb3f0513;2025-06-14 23:20:00;30;STOP SIGN/FLASHER;FUNCTIONING PROPERLY;CLEAR;DARKNESS, LIGHTED ROAD;ANGLE;FOUR WAY;STRAIGHT AND LEVEL;DRY;UNKNOWN;INJURY AND / OR TOW DUE TO CRASH;Y;;OVER $1,500;UNABLE TO DETERMINE;UNABLE TO DETERMINE;1100;W;103RD PL;2232;;;;;;;2;NO INDICATION OF INJURY;0;0;0;0;0;2;0;23;7;6;41.706050941;-87.6502220265;{'type': 'Point', 'coordinates': [-87.650222026459, 41.70605094097]};ON SCENE;2025-06-14T23:34:00.000
e608b84ad82f7782eae15ce7b724211b41ca24ab5d280d62eb46f598f5c35ceeaf456cf66d50e56cafe82055b35db3eb7245773789fea4983384b94409c5eb16;2025-06-14 23:18:00;30;NO CONTROLS;NO CONTROLS;CLEAR;DARKNESS, LIGHTED ROAD;PARKED MOTOR VEHICLE;NOT DIVIDED;STRAIGHT AND LEVEL;DRY;NO DEFECTS;NO INJURY / DRIVE AWAY;;;$500 OR LESS;UNABLE TO DETERMINE;UNABLE TO DETERMINE;2651;W;WABANSIA AVE;1421;;;;;;;2;NO INDICATION OF INJURY;0;0;0;0;0;2;0;23;7;6;41.911965215;-87.6942180347;{'type': 'Point', 'coordinates': [-87.69421803469, 41.911965215019]};NOT ON SCENE (DESK REPORT);2025-06-14T23:18:00.000
74112f080d23cd56e39f5b636d04fac37860f7f273c01b83d9a960d7a95b106e20fa06d98514dc9e285c68cbc2d6cb4fbff61ffb30cba3dd31a5b6285894325b;2025-06-14 23:16:00;30;TRAFFIC SIGNAL;FUNCTIONING PROPERLY;CLEAR;DARKNESS, LIGHTED ROAD;ANGLE;NOT DIVIDED;STRAIGHT AND LEVEL;DRY;NO DEFECTS;INJURY AND / OR TOW DUE TO CRASH;Y;;OVER $1,500;DISREGARDING TRAFFIC SIGNALS;NOT APPLICABLE;1700;N;AUSTIN AVE;2513;;;;;;;2;NONINCAPACITATING INJURY;1;0;0;1;0;1;0;23;7;6;41.9111684094;-87.7754319801;{'type': 'Point', 'coordinates': [-87.775431980111, 41.911168409408]};ON SCENE;2025-06-14T23:16:00.000
85e2e2fb499faafd321d38810844676bce557ebbffd84ca7f77ff3d48951d1847932c10d92eac23367b1e23a28176507094cfd3ec7062e30000cc94d9f98422d;2025-06-14 23:15:00;25;NO CONTROLS;NO CONTROLS;CLEAR;DARKNESS, LIGHTED ROAD;SIDESWIPE SAME DIRECTION;NOT DIVIDED;STRAIGHT AND LEVEL;DRY;NO DEFECTS;NO INJURY / DRIVE AWAY;;Y;OVER $1,500;IMPROPER OVERTAKING/PASSING;NOT APPLICABLE;1344;N;WESTERN AVE;1423;;;;;;;2;NO INDICATION OF INJURY;0;0;0;0;0;2;0;23;7;6;41.9061768757;-87.6872580162;{'type': 'Point', 'coordinates': [-87.68725801624, 41.906176875718]};NOT ON SCENE (DESK REPORT);2025-06-15T11:45:00.000
ebb549457d816822a1cccb9175c4f13bd8deba3cdfc791fb4203aa3c7704e8b7331da1e1102c4ae751781161fd538b75d49b7a738b25bfd8321623bda7a3e36b;2025-06-14 23:10:00;10;NO CONTROLS;NO CONTROLS;CLEAR;DARKNESS, LIGHTED ROAD;PARKED MOTOR VEHICLE;PARKING LOT;STRAIGHT AND LEVEL;DRY;NO DEFECTS;INJURY AND / OR TOW DUE TO CRASH;;;$501 - $1,500;UNDER THE INFLUENCE OF ALCOHOL/DRUGS (USE WHEN ARREST IS EFFECTED);HAD BEEN DRINKING (USE WHEN ARREST IS NOT MADE);1235;S;STATE ST;131;;;;;;;2;NO INDICATION OF INJURY;0;0;0;0;0;1;0;23;7;6;41.8664495986;-87.6272455078;{'type': 'Point', 'coordinates': [-87.627245507831, 41.866449598611]};ON SCENE;2025-06-14T23:17:00.000
df6389f6f771488a634df31d2ec255711da72e070aa7b1847073a51d0941ef9416377f23f9ab216d2d9b36cd8cfe35f03ae3754c72d0190ce415283189ea5eaf;2025-06-14 23:08:00;30;NO CONTROLS;NO CONTROLS;CLEAR;DARKNESS, LIGHTED ROAD;SIDESWIPE SAME DIRECTION;NOT DIVIDED;STRAIGHT AND LEVEL;DRY;UNKNOWN;NO INJURY / DRIVE AWAY;;;$501 - $1,500;FAILING TO YIELD RIGHT-OF-WAY;IMPROPER LANE USAGE;1133;S;MORGAN ST;1232;;;;;;;2;NO INDICATION OF INJURY;0;0;0;0;0;2;0;23;7;6;41.8673795476;-87.6509114199;{'type': 'Point', 'coordinates': [-87.650911419941, 41.867379547562]};NOT ON SCENE (DESK REPORT);2025-06-15T00:05:00.000
413ef5265c7b820aa35844ea118362f1157256a01f9987ec6d762e1e083778b46590a6b4779ebe27d9f5710b30072db076f1d3e224e387022e0de15425f268b3;2025-06-14 23:00:00;30;NO CONTROLS;NO CONTROLS;UNKNOWN;DARKNESS, LIGHTED ROAD;SIDESWIPE SAME DIRECTION;NOT DIVIDED;STRAIGHT AND LEVEL;UNKNOWN;UNKNOWN;NO INJURY / DRIVE AWAY;;Y;OVER $1,500;FAILING TO YIELD RIGHT-OF-WAY;FAILING TO YIELD RIGHT-OF-WAY;8942;S;STONY ISLAND AVE;413;;;;;;;2;NO INDICATION OF INJURY;0;0;0;0;0;2;0;23;7;6;41.7319922539;-87.5856879961;{'type': 'Point', 'coordinates': [-87.585687996108, 41.731992253881]};NOT ON SCENE (DESK REPORT);2025-06-15T15:20:00.000
cb99547fd9ae96b8ccc059c7e1a8224f5e26c96d792eed67738d34e006e9066cb541a05c3906a2708379e517bd60f65e768a27916014a1e105110038920b8a72;2025-06-14 23:00:00;30;NO CONTROLS;NO CONTROLS;CLEAR;UNKNOWN;PARKED MOTOR VEHICLE;UNKNOWN INTERSECTION TYPE;STRAIGHT AND LEVEL;UNKNOWN;UNKNOWN;NO INJURY / DRIVE AWAY;;Y;OVER $1,500;UNABLE TO DETERMINE;NOT APPLICABLE;724;W;WRIGHTWOOD AVE;1935;;;;;;;2;NO INDICATION OF INJURY;0;0;0;0;0;1;0;23;7;6;41.9292051905;-87.6475224872;{'type': 'Point', 'coordinates': [-87.647522487186, 41.929205190524]};NOT ON SCENE (DESK REPORT);2025-06-16T18:45:00.000
ef900b7266b4d30f7cc1406e10f94cf61abba4b3aaf810836e091a5db6c00e014e9647ee58b8e856e135f9aec0d83893e41c8820974ee3d1bfe5d0b78bf3dd7e;2025-06-14 23:00:00;30;NO CONTROLS;NO CONTROLS;CLEAR;DARKNESS, LIGHTED ROAD;PARKED MOTOR VEHICLE;NOT DIVIDED;STRAIGHT AND LEVEL;DRY;NO DEFECTS;INJURY AND / OR TOW DUE TO CRASH;;;OVER $1,500;UNABLE TO DETERMINE;UNABLE TO DETERMINE;7619;S;COTTAGE GROVE AVE;624;;;;;;;2;NONINCAPACITATING INJURY;1;0;0;1;0;0;0;23;7;6;41.7561587766;-87.605181187;{'type': 'Point', 'coordinates': [-87.605181186978, 41.756158776599]};ON SCENE;2025-06-14T23:05:00.000
f171cc34948cc232b8603bb8eb7c9510bebd03485de3b299ba67429171c347c4be0f18f594a65dbe9f6fd0d333be89dcd04da4215947b9760cbd9262eb111d84;2025-06-14 23:00:00;30;UNKNOWN;UNKNOWN;UNKNOWN;UNKNOWN;PARKED MOTOR VEHICLE;ONE-WAY;STRAIGHT AND LEVEL;UNKNOWN;UNKNOWN;NO INJURY / DRIVE AWAY;;;OVER $1,500;UNABLE TO DETERMINE;NOT APPLICABLE;3800;N;ALBANY AVE;1733;;;;;;;2;NO INDICATION OF INJURY;0;0;0;0;0;1;0;23;7;6;41.9503822021;-87.7056226389;{'type': 'Point', 'coordinates': [-87.705622638902, 41.950382202055]};NOT ON SCENE (DESK REPORT);2025-06-15T18:20:00.000
36269c5780a5e5e1d660087730488d717c40e778b152a0517fdde8b981b838f031f5d046c04673ab1989ed7cfb8fee0eeb3a8bc121cec16522a92b2bd8e0be9f;2025-06-14 22:54:00;30;TRAFFIC SIGNAL;FUNCTIONING PROPERLY;CLEAR;DARKNESS, LIGHTED ROAD;ANGLE;DIVIDED - W/MEDIAN (NOT RAISED);STRAIGHT AND LEVEL;DRY;NO DEFECTS;INJURY AND / OR TOW DUE TO CRASH;;;OVER $1,500;FAILING TO REDUCE SPEED TO AVOID CRASH;NOT APPLICABLE;1;N;DAMEN AVE;1223;;;;;;;3;NONINCAPACITATING INJURY;2;0;0;2;0;2;0;22;7;6;41.8813609245;-87.676495643;{'type': 'Point', 'coordinates': [-87.676495642969, 41.881360924518]};ON SCENE;2025-06-14T23:07:00.000
b651e4dd59b59f24f6493394912e0f3b7ec1d871dc3e96268abb007553c216a50c6f84dd33062155fc53e92c54137b9fc3c263dd5b4a47cf744251b481309e47;2025-06-14 22:36:00;30;OTHER;OTHER;CLEAR;DARKNESS, LIGHTED ROAD;ANGLE;ONE-WAY;STRAIGHT AND LEVEL;DRY;NO DEFECTS;NO INJURY / DRIVE AWAY;Y;;$500 OR LESS;IMPROPER BACKING;NOT APPLICABLE;5600;S;CARPENTER ST;712;;;;;;;2;NO INDICATION OF INJURY;0;0;0;0;0;5;0;22;7;6;41.7923065407;-87.6513269373;{'type': 'Point', 'coordinates': [-87.651326937292, 41.792306540731]};ON SCENE;2025-06-14T23:45:00.000
681ce9c7fd404834a668e50dff58031acb0c35b314ac059bc637677596a4c44ea351df1581eb7ac0639ace38809cd4dc98e07c0c8b82b94f09ba1e22e8b832c7;2025-06-14 22:30:00;40;NO CONTROLS;NO CONTROLS;CLEAR;DARKNESS, LIGHTED ROAD;PARKED MOTOR VEHICLE;ONE-WAY;STRAIGHT AND LEVEL;DRY;NO DEFECTS;NO INJURY / DRIVE AWAY;;Y;OVER $1,500;UNABLE TO DETERMINE;DRIVING SKILLS/KNOWLEDGE/EXPERIENCE;1215;S;RUBLE ST;1232;;;;;;;2;NO INDICATION OF INJURY;0;0;0;0;0;1;0;22;7;6;41.8667652996;-87.6439403204;{'type': 'Point', 'coordinates': [-87.643940320391, 41.866765299648]};NOT ON SCENE (DESK REPORT);2025-06-15T08:30:00.000
9063244dbfab868ddf204ad3eec292413c73df5613eb59a770c45e9ab732d253073d7473e93e258a7b54890c526bcba1d070bd8f6b6d1a0f735b10b9d638304f;2025-06-14 22:29:00;15;NO CONTROLS;NO CONTROLS;CLEAR;DARKNESS;PEDESTRIAN;ALLEY;STRAIGHT AND LEVEL;DRY;NO DEFECTS;INJURY AND / OR TOW DUE TO CRASH;;;$500 OR LESS;UNDER THE INFLUENCE OF ALCOHOL/DRUGS (USE WHEN ARREST IS EFFECTED);FAILING TO YIELD RIGHT-OF-WAY;1616;N;WESTERN AVE;1434;;;;;;;2;NONINCAPACITATING INJURY;1;0;0;1;0;1;0;22;7;6;41.9108590813;-87.6873821797;{'type': 'Point', 'coordinates': [-87.687382179696, 41.910859081291]};ON SCENE;2025-06-14T22:29:00.000
ecb520b6c4b837a63227f4ec8fd10671e8ad3544519a4c4c229d5d1dc69ae8ac0774c5253aaa559d8b4c34f06cd4b2518a17b5f32b376d263514a510ef2f4fa0;2025-06-14 22:20:00;35;TRAFFIC SIGNAL;FUNCTIONING IMPROPERLY;CLEAR;DARKNESS, LIGHTED ROAD;SIDESWIPE SAME DIRECTION;NOT DIVIDED;STRAIGHT AND LEVEL;DRY;NO DEFECTS;NO INJURY / DRIVE AWAY;;;$500 OR LESS;FOLLOWING TOO CLOSELY;NOT APPLICABLE;112;W;87TH ST;622;;;;;;;2;NO INDICATION OF INJURY;0;0;0;0;0;3;0;22;7;6;41.7363800456;-87.627509219;{'type': 'Point', 'coordinates': [-87.627509219026, 41.736380045588]};ON SCENE;2025-06-14T22:30:00.000
6071ffeaeb81cd1531dcfeffac59170249ab088b39f335cfed1ceba2e8a34c057d33e0bc4ce19af97828efb5e4014152deb19d91bd02080a5935490d1c15efcf;2025-06-14 22:09:00;30;TRAFFIC SIGNAL;FUNCTIONING PROPERLY;CLEAR;DARKNESS, LIGHTED ROAD;REAR END;NOT DIVIDED;STRAIGHT AND LEVEL;DRY;NO DEFECTS;INJURY AND / OR TOW DUE TO CRASH;;;OVER $1,500;FAILING TO REDUCE SPEED TO AVOID CRASH;UNABLE TO DETERMINE;4944;W;BELMONT AVE;1634;;;;;;;4;NONINCAPACITATING INJURY;1;0;0;1;0;4;0;22;7;6;41.9388810971;-87.7511909889;{'type': 'Point', 'coordinates': [-87.751190988949, 41.938881097111]};ON SCENE;2025-06-14T23:03:00.000
a13c0518ba6565030784ef97a41e684fd5699eddbf8fb4f041b564a3eefcf9f395b614685845537446fc0790ac7b9933176bbcc46dc62fd8479680a174d9d30e;2025-06-14 22:00:00;35;TRAFFIC SIGNAL;FUNCTIONING PROPERLY;CLEAR;DARKNESS;TURNING;NOT DIVIDED;STRAIGHT AND LEVEL;DRY;NO DEFECTS;NO INJURY / DRIVE AWAY;Y;;OVER $1,500;UNABLE TO DETERMINE;UNABLE TO DETERMINE;1201;S;COLUMBUS DR;132;;;;;;;2;NO INDICATION OF INJURY;0;0;0;0;0;2;0;22;7;6;41.8674707758;-87.6202190599;{'type': 'Point', 'coordinates': [-87.620219059938, 41.867470775841]};;2025-06-14T22:30:00.000
ce9e8f09417efb26294f65e52cf0ffbf34c041ba2390bf66a0365596198cc8e089203aebf1228548b77552b2a36552dcceb975711ed4df1ec9db4a8eae7c1962;2025-06-14 22:00:00;30;NO CONTROLS;NO CONTROLS;UNKNOWN;DARKNESS;PARKED MOTOR VEHICLE;NOT DIVIDED;STRAIGHT AND LEVEL;UNKNOWN;UNKNOWN;NO INJURY / DRIVE AWAY;;Y;OVER $1,500;UNABLE TO DETERMINE;UNABLE TO DETERMINE;1039;W;GRAND AVE;1214;;;;;;;2;NO INDICATION OF INJURY;0;0;0;0;0;1;0;22;7;6;41.8910076752;-87.6537812493;{'type': 'Point', 'coordinates': [-87.653781249307, 41.891007675224]};NOT ON SCENE (DESK REPORT);2025-06-15T10:00:00.000
091ab60f02764ebfb6266f6cb7787fd9adcd43dba52be37d296089d87cf2f4fd2eec1c12ac9f9ec35b248c60f3094a4cfe1a8f6b0100809f0b066ef5f6037dea;2025-06-14 21:59:00;30;NO CONTROLS;NO CONTROLS;UNKNOWN;DARKNESS;PARKED MOTOR VEHICLE;NOT DIVIDED;STRAIGHT AND LEVEL;UNKNOWN;UNKNOWN;INJURY AND / OR TOW DUE TO CRASH;;;OVER $1,500;UNABLE TO DETERMINE;NOT APPLICABLE;4881;S;ARCHER AVE;821;;;;;;;3;NO INDICATION OF INJURY;0;0;0;0;0;1;0;21;7;6;41.8045093931;-87.7196264277;{'type': 'Point', 'coordinates': [-87.719626427748, 41.804509393132]};ON SCENE;2025-06-14T23:46:00.000
1194eca79badc85bfde42022db798c72c42c709061b9dcfd5fd7004ea5b18068ba374591523bd0418083d0830b75157d90e37bfbcae647774388fd9c4d7be8bd;2025-06-14 21:55:00;30;TRAFFIC SIGNAL;FUNCTIONING PROPERLY;CLEAR;DARKNESS;REAR END;NOT DIVIDED;STRAIGHT AND LEVEL;DRY;NO DEFECTS;NO INJURY / DRIVE AWAY;Y;Y;OVER $1,500;IMPROPER OVERTAKING/PASSING;NOT APPLICABLE;3301;W;AUGUSTA BLVD;1121;;;;;;;2;NO INDICATION OF INJURY;0;0;0;0;0;6;0;21;7;6;41.8990606613;-87.708882578;{'type': 'Point', 'coordinates': [-87.708882577975, 41.899060661262]};NOT ON SCENE (DESK REPORT);2025-06-14T23:00:00.000
f8bc787e48a2fd1d993e2992b32b9db572f20b3f8faf1a2193badd8212a92fbe17677a07dd633569cc65e9f1156562b097bd7b3ec975a277e3d732756ee2e43d;2025-06-14 21:45:00;30;NO CONTROLS;NO CONTROLS;CLEAR;DARKNESS;REAR END;NOT DIVIDED;STRAIGHT AND LEVEL;DRY;NO DEFECTS;NO INJURY / DRIVE AWAY;;Y;OVER $1,500;UNABLE TO DETERMINE;UNABLE TO DETERMINE;2400;W;DIVISION ST;1423;;;;;;;2;NO INDICATION OF INJURY;0;0;0;0;0;2;0;21;7;6;41.9031248989;-87.6870709642;{'type': 'Point', 'coordinates': [-87.68707096423, 41.903124898943]};NOT ON SCENE (DESK REPORT);2025-06-15T01:00:00.000
5fb0f122b3eb93e8933286f41c980056c3945caf02ee3d63f64e66f5115b631432fea6d84ce035f527e9bc7e7613b17c185dedd0094b059b63210618ae698bdd;2025-06-14 21:30:00;30;TRAFFIC SIGNAL;FUNCTIONING PROPERLY;CLEAR;DARKNESS, LIGHTED ROAD;TURNING;NOT DIVIDED;STRAIGHT AND LEVEL;DRY;NO DEFECTS;NO INJURY / DRIVE AWAY;;;OVER $1,500;IMPROPER LANE USAGE;IMPROPER LANE USAGE;4741;W;55TH ST;813;;;;;;;2;NO INDICATION OF INJURY;0;0;0;0;0;3;0;21;7;6;41.7929217588;-87.7419570753;{'type': 'Point', 'coordinates': [-87.741957075258, 41.792921758779]};ON SCENE;2025-06-14T21:38:00.000
3329365706c738cebb71c813e5d93ee7da7fa00ca1c1e1e115fed9407414d6509c3892b87099e979c77c6e299b2f61eb7ea2399655ae32e9f0d6cd32f7cc1bfd;2025-06-14 21:25:00;30;TRAFFIC SIGNAL;FUNCTIONING PROPERLY;CLEAR;DUSK;TURNING;NOT DIVIDED;STRAIGHT AND LEVEL;DRY;NO DEFECTS;INJURY AND / OR TOW DUE TO CRASH;Y;Y;OVER $1,500;DISREGARDING TRAFFIC SIGNALS;NOT APPLICABLE;2000;N;KIMBALL AVE;1413;;;;;;;2;NONINCAPACITATING INJURY;1;0;0;1;0;1;0;21;7;6;41.9173888995;-87.712051446;{'type': 'Point', 'coordinates': [-87.712051446035, 41.917388899504]};ON SCENE;2025-06-14T21:30:00.000
d6a23c5e690f17169ebd6f367936dcca798457b982c6aa691d459182dab0477ac521f760deceafeeeef99f5d607fe76acd544e297bc9424590fe693d964ffbc5;2025-06-14 21:25:00;30;TRAFFIC SIGNAL;FUNCTIONING PROPERLY;CLEAR;DARKNESS, LIGHTED ROAD;REAR END;FOUR WAY;STRAIGHT AND LEVEL;DRY;UNKNOWN;INJURY AND / OR TOW DUE TO CRASH;Y;;$501 - $1,500;FOLLOWING TOO CLOSELY;FOLLOWING TOO CLOSELY;99;N;OGDEN AVE;1224;;;;;;;2;REPORTED, NOT EVIDENT;1;0;0;0;1;1;0;21;7;6;41.8827380894;-87.6645774199;{'type': 'Point', 'coordinates': [-87.664577419858, 41.882738089398]};NOT ON SCENE (DESK REPORT);2025-06-14T23:25:00.000
f0209ee743fc95bd19a0dcdebcca8d7dabc0bf28b86d2a8e4bc7790c0f53039a5ca49c60a4d63035fc7856b2ccfa5b664e3c18921a84988766977243a23ccb96;2025-06-14 21:25:00;30;STOP SIGN/FLASHER;FUNCTIONING PROPERLY;CLEAR;DARKNESS, LIGHTED ROAD;REAR END;FOUR WAY;STRAIGHT AND LEVEL;DRY;NO DEFECTS;NO INJURY / DRIVE AWAY;Y;;$501 - $1,500;FOLLOWING TOO CLOSELY;FOLLOWING TOO CLOSELY;4400;S;STATE ST;215;;;;;;;2;NO INDICATION OF INJURY;0;0;0;0;0;4;0;21;7;6;41.8146022388;-87.6263711182;{'type': 'Point', 'coordinates': [-87.6263711182, 41.814602238786]};ON SCENE;2025-06-14T21:47:00.000