crash_record_id;crash_date;posted_speed_limit;traffic_control_device;device_condition;weather_condition;lighting_condition;first_crash_type;trafficway_type;alignment;roadway_surface_cond;road_defect;crash_type;intersection_related_i;hit_and_run_i;damage;prim_contributory_cause;sec_contributory_cause;street_no;street_direction;street_name;beat_of_occurrence;photos_taken_i;statements_taken_i;dooring_i;work_zone_i;work_zone_type;workers_present_i;num_units;most_severe_injury;injuries_total;injuries_fatal;injuries_incapacitating;injuries_non_incapacitating;injuries_reported_not_evident;injuries_no_indication;injuries_unknown;crash_hour;crash_day_of_week;crash_month;latitude;longitude;location;report_type;date_police_notified
51d91657b846b3f083d596f97f43d708f1457de3646dea1e388c86d839f09f0adcd222abcbe4ed536cbbd118df3d989ee27d33aecb042472baaafe944979b7df;2025-06-14 21:19:00;30;TRAFFIC SIGNAL;WORN REFLECTIVE MATERIAL;CLEAR;DARKNESS, LIGHTED ROAD;PEDESTRIAN;FOUR WAY;STRAIGHT AND LEVEL;DRY;NO DEFECTS;NO INJURY / DRIVE AWAY;Y;;$500 OR LESS;FAILING TO YIELD RIGHT-OF-WAY;FAILING TO YIELD RIGHT-OF-WAY;2399;W;DIVISION ST;1212;;;;;;;2;NO INDICATION OF INJURY;0;0;0;0;0;2;0;21;7;6;41.9029093171;-87.6868997992;{'type': 'Point', 'coordinates': [-87.686899799205, 41.902909317148]};;2025-06-14T21:19:00.000
08cf8e779ab426be54108d0d2ef2c1564c934998f2d53951aecb0f287025ddad4a4e5bfa0ddf639a4efd030f3697b416e2e975bffab1dbde17261a9903492f42;2025-06-14 21:11:00;35;TRAFFIC SIGNAL;FUNCTIONING PROPERLY;CLEAR;DARKNESS, LIGHTED ROAD;REAR END;DIVIDED - W/MEDIAN (NOT RAISED);STRAIGHT AND LEVEL;DRY;NO DEFECTS;INJURY AND / OR TOW DUE TO CRASH;;Y;OVER $1,500;UNABLE TO DETERMINE;UNABLE TO DETERMINE;4210;S;CICERO AVE;814;;;;;;;3;NONINCAPACITATING INJURY;2;0;0;2;0;5;0;21;7;6;41.8163578773;-87.743526691;{'type': 'Point', 'coordinates': [-87.743526691043, 41.816357877321]};ON SCENE;2025-06-14T21:12:00.000
2666aea5c56548d3b4c8c73009a617feb62493f0d23173680fd521e8737dd4cd565264344affbb95b8ecdbd69f2a7731e9926d83d7321747db43c67d06776fba;2025-06-14 21:10:00;30;NO CONTROLS;NO CONTROLS;CLEAR;DARKNESS, LIGHTED ROAD;SIDESWIPE SAME DIRECTION;NOT DIVIDED;STRAIGHT AND LEVEL;DRY;NO DEFECTS;INJURY AND / OR TOW DUE TO CRASH;;Y;OVER $1,500;UNDER THE INFLUENCE OF ALCOHOL/DRUGS (USE WHEN ARREST IS EFFECTED);UNDER THE INFLUENCE OF ALCOHOL/DRUGS (USE WHEN ARREST IS EFFECTED);3415;N;NARRAGANSETT AVE;1633;;;;;;;2;NO INDICATION OF INJURY;0;0;0;0;0;2;0;21;7;6;41.942458555;-87.7860831718;{'type': 'Point', 'coordinates': [-87.786083171803, 41.942458555024]};ON SCENE;2025-06-14T21:14:00.000
7f27a0fa9b2c37cb9eb604ce2166c7abff9858f50aafe7d737561db66d1b492c073e77e6200c19b8879d4ba9dc3dbcf7eb9a0a438a6a0029197ab2782941a329;2025-06-14 21:10:00;30;NO CONTROLS;UNKNOWN;CLEAR;DARKNESS, LIGHTED ROAD;REAR END;NOT DIVIDED;STRAIGHT AND LEVEL;DRY;NO DEFECTS;INJURY AND / OR TOW DUE TO CRASH;;Y;OVER $1,500;UNDER THE INFLUENCE OF ALCOHOL/DRUGS (USE WHEN ARREST IS EFFECTED);UNDER THE INFLUENCE OF ALCOHOL/DRUGS (USE WHEN ARREST IS EFFECTED);3527;N;AUSTIN AVE;1633;;;;;;;2;NO INDICATION OF INJURY;0;0;0;0;0;2;0;21;7;6;41.9447558559;-87.776311214;{'type': 'Point', 'coordinates': [-87.776311213986, 41.944755855865]};ON SCENE;2025-06-14T21:14:00.000
aba6e5383637357aba824207100697ace98d108f2409f756bec83d37aa016c36c120e54f6c0296c8e8c7dbfacea72d00c80721a3357113243b60d4f67e9d05d2;2025-06-14 21:10:00;30;NO CONTROLS;NO CONTROLS;CLEAR;DARKNESS, LIGHTED ROAD;PARKED MOTOR VEHICLE;NOT DIVIDED;STRAIGHT AND LEVEL;DRY;NO DEFECTS;INJURY AND / OR TOW DUE TO CRASH;;Y;OVER $1,500;UNDER THE INFLUENCE OF ALCOHOL/DRUGS (USE WHEN ARREST IS EFFECTED);UNDER THE INFLUENCE OF ALCOHOL/DRUGS (USE WHEN ARREST IS EFFECTED);3329;N;MARMORA AVE;1633;;;;;;;2;NO INDICATION OF INJURY;0;0;0;0;0;1;0;21;7;6;41.9411823873;-87.7737389029;{'type': 'Point', 'coordinates': [-87.773738902914, 41.94118238725]};ON SCENE;2025-06-14T21:14:00.000
31d57e3d977c200143df122a7bb340e50c320d90adc3d61327660abfaf5d855c5086e7526592bb871a1d571492727b4970e9dc8d596912865088cdb2f82b0e25;2025-06-14 21:07:00;30;NO CONTROLS;NO CONTROLS;CLEAR;DARKNESS;PARKED MOTOR VEHICLE;DIVIDED - W/MEDIAN (NOT RAISED);STRAIGHT AND LEVEL;DRY;NO DEFECTS;NO INJURY / DRIVE AWAY;;Y;OVER $1,500;UNABLE TO DETERMINE;UNABLE TO DETERMINE;3407;N;NARRAGANSETT AVE;1633;;;;;;;2;NO INDICATION OF INJURY;0;0;0;0;0;1;0;21;7;6;41.9422209097;-87.7860724565;{'type': 'Point', 'coordinates': [-87.786072456451, 41.942220909679]};NOT ON SCENE (DESK REPORT);2025-06-16T10:55:00.000
35427449462b5d46e0394434ae10052576554b6001c50f37d63998f3470ec1b26d168810ab20a2f70e84b617a5d5f9b5fe61d868184cb3936c3c9f48b3894d0e;2025-06-14 21:00:00;30;NO CONTROLS;NO CONTROLS;CLEAR;DARKNESS;ANGLE;NOT DIVIDED;STRAIGHT AND LEVEL;DRY;NO DEFECTS;INJURY AND / OR TOW DUE TO CRASH;;Y;OVER $1,500;NOT APPLICABLE;NOT APPLICABLE;7089;S;CICERO AVE;833;;;;;;;3;NONINCAPACITATING INJURY;1;0;0;1;0;4;0;21;7;6;41.7643832677;-87.7417546375;{'type': 'Point', 'coordinates': [-87.741754637548, 41.764383267728]};NOT ON SCENE (DESK REPORT);2025-06-15T13:16:00.000
3736c5dd2f18556e54bcb878b2fc32640cb0b13a021dddf784d288dbd8411c0f2f059f55a82115b2743572f4d4d7f9025a9ed21906f0ff1961734bacb1096681;2025-06-14 21:00:00;30;NO CONTROLS;NO CONTROLS;CLEAR;DARKNESS, LIGHTED ROAD;SIDESWIPE OPPOSITE DIRECTION;NOT DIVIDED;STRAIGHT AND LEVEL;DRY;UNKNOWN;INJURY AND / OR TOW DUE TO CRASH;;;$500 OR LESS;DRIVING SKILLS/KNOWLEDGE/EXPERIENCE;UNABLE TO DETERMINE;804;N;FRANKLIN ST;1823;;;;;;;2;REPORTED, NOT EVIDENT;1;0;0;0;1;2;0;21;7;6;41.8967696629;-87.6358394848;{'type': 'Point', 'coordinates': [-87.635839484791, 41.896769662928]};ON SCENE;2025-06-14T21:02:00.000
4ef83c1adea3febcaf03ecd8d15a12d2231c2f44b129fe47c3095a8ff202c9efd00ee4c65bec9ac1049f1201845752daa56aefb490bcd61bc57fb61645dedfe9;2025-06-14 21:00:00;30;NO CONTROLS;NO CONTROLS;CLEAR;DARKNESS;PARKED MOTOR VEHICLE;DIVIDED - W/MEDIAN BARRIER;STRAIGHT AND LEVEL;DRY;NO DEFECTS;NO INJURY / DRIVE AWAY;;Y;OVER $1,500;UNABLE TO DETERMINE;UNABLE TO DETERMINE;2245;W;NORTH AVE;1424;;;;;;;2;NO INDICATION OF INJURY;0;0;0;0;0;1;0;21;7;6;41.9102576611;-87.6841279645;{'type': 'Point', 'coordinates': [-87.684127964453, 41.910257661091]};NOT ON SCENE (DESK REPORT);2025-06-14T22:20:00.000
83ad15cd0945f633688a077c11e5af22a078390a623189570f87fe938b1e7c8daa7b93f53d64eea914c442b78cdea1a64cfb592c90044b2632ada9326d8014de;2025-06-14 21:00:00;30;NO CONTROLS;NO CONTROLS;CLEAR;DARKNESS, LIGHTED ROAD;OTHER NONCOLLISION;NOT DIVIDED;STRAIGHT AND LEVEL;DRY;RUT, HOLES;INJURY AND / OR TOW DUE TO CRASH;;;OVER $1,500;ROAD CONSTRUCTION/MAINTENANCE;ROAD CONSTRUCTION/MAINTENANCE;740;E;MORGAN DR;233;;;;;;;1;NONINCAPACITATING INJURY;1;0;0;1;0;0;0;21;7;6;;;;ON SCENE;2025-06-15T04:48:00.000
d592edf6886ada7fbfdc6fe5efead9d41dee94a2bfb8b6b7a2277c0700c9edfdd7beb02ed6df30a4b1230df7e8edfd7140f6723032f6962b1332541e7441ea80;2025-06-14 21:00:00;30;TRAFFIC SIGNAL;FUNCTIONING PROPERLY;CLEAR;DARKNESS, LIGHTED ROAD;SIDESWIPE SAME DIRECTION;NOT DIVIDED;STRAIGHT AND LEVEL;DRY;NO DEFECTS;NO INJURY / DRIVE AWAY;;Y;OVER $1,500;FOLLOWING TOO CLOSELY;FAILING TO YIELD RIGHT-OF-WAY;2859;W;CHICAGO AVE;1221;;;;;;;2;NO INDICATION OF INJURY;0;0;0;0;0;2;0;21;7;6;41.895527078;-87.699098183;{'type': 'Point', 'coordinates': [-87.699098182975, 41.895527077955]};NOT ON SCENE (DESK REPORT);2025-06-14T21:30:00.000
f66fe1ef897263c5b711141b03007b8d4c85323e8df5a410e3ed8c66b59d8bfe9e53b9d83d9a1d211e15127f63644a85bb83c91e8eb5d15ddaaf902ecdf2bb3c;2025-06-14 21:00:00;30;TRAFFIC SIGNAL;FUNCTIONING PROPERLY;CLEAR;DARKNESS, LIGHTED ROAD;TURNING;NOT DIVIDED;STRAIGHT AND LEVEL;DRY;NO DEFECTS;NO INJURY / DRIVE AWAY;;Y;OVER $1,500;IMPROPER LANE USAGE;DRIVING SKILLS/KNOWLEDGE/EXPERIENCE;3048;W;FULLERTON AVE;1414;;;;;;;2;NO INDICATION OF INJURY;0;0;0;0;0;6;0;21;7;6;41.9248545394;-87.7041675434;{'type': 'Point', 'coordinates': [-87.704167543388, 41.924854539421]};NOT ON SCENE (DESK REPORT);2025-06-14T22:00:00.000
1d398369b3fcfee2e08b3718c53a9dd9b784c20cc1f13ab979ff403635cfc7dfb6b0b91be621ed242af9808c02a485aebcd5144924406d3672a3f8d753dfd90c;2025-06-14 20:55:00;30;TRAFFIC SIGNAL;FUNCTIONING PROPERLY;CLEAR;DARKNESS, LIGHTED ROAD;SIDESWIPE SAME DIRECTION;FOUR WAY;STRAIGHT AND LEVEL;DRY;UNKNOWN;NO INJURY / DRIVE AWAY;Y;;$501 - $1,500;IMPROPER OVERTAKING/PASSING;IMPROPER OVERTAKING/PASSING;600;N;STATE ST;1832;;;;;;;2;NO INDICATION OF INJURY;0;0;0;0;0;2;0;20;7;6;41.8925011669;-87.6282427378;{'type': 'Point', 'coordinates': [-87.628242737819, 41.89250116695]};NOT ON SCENE (DESK REPORT);2025-06-14T21:40:00.000
bee403b379a1dd279fb7f4037b65ff9e54c293c4fe9285c35167f2b515a9db61d6e44b80381aeb9561bb2c9927b28d213a2bb726af899d06a317506857b5dea8;2025-06-14 20:45:00;30;STOP SIGN/FLASHER;FUNCTIONING PROPERLY;CLEAR;DUSK;PEDESTRIAN;NOT DIVIDED;STRAIGHT AND LEVEL;DRY;NO DEFECTS;NO INJURY / DRIVE AWAY;Y;;$500 OR LESS;UNABLE TO DETERMINE;UNABLE TO DETERMINE;1405;N;HAMLIN AVE;2535;;;;;;;2;NO INDICATION OF INJURY;0;0;0;0;0;2;0;20;7;6;41.9065272799;-87.721406944;{'type': 'Point', 'coordinates': [-87.721406943997, 41.906527279938]};NOT ON SCENE (DESK REPORT);2025-06-15T06:45:00.000
296a64ef8f77d7150524358bf4216ea30f6f542b5cebe2a634d197bae8454bfd24cf6004e5ab8b3230aa051e317875b2cadd0d91d86831ca390ce01565b2ba5e;2025-06-14 20:40:00;30;STOP SIGN/FLASHER;FUNCTIONING PROPERLY;CLEAR;DARKNESS, LIGHTED ROAD;ANGLE;DIVIDED - W/MEDIAN (NOT RAISED);STRAIGHT AND LEVEL;DRY;NO DEFECTS;INJURY AND / OR TOW DUE TO CRASH;Y;;OVER $1,500;UNDER THE INFLUENCE OF ALCOHOL/DRUGS (USE WHEN ARREST IS EFFECTED);FAILING TO REDUCE SPEED TO AVOID CRASH;1058;N;WESTERN AVE;1212;;;;;;;4;INCAPACITATING INJURY;5;0;1;4;0;6;0;20;7;6;41.9011533661;-87.6871250782;{'type': 'Point', 'coordinates': [-87.687125078204, 41.901153366143]};ON SCENE;2025-06-14T20:40:00.000
833fdcde424969950fd955eef5e66b4d28941add1a2285620019885cfc781d27835618b87d930d187b8021a93814f376d704f87965f29316b0c849c6341e7dfc;2025-06-14 20:35:00;30;NO CONTROLS;NO CONTROLS;CLEAR;DAYLIGHT;PARKED MOTOR VEHICLE;PARKING LOT;STRAIGHT ON GRADE;DRY;NO DEFECTS;NO INJURY / DRIVE AWAY;;;$500 OR LESS;IMPROPER BACKING;NOT APPLICABLE;1220;S;ASHLAND AVE;1233;;;;;;;2;NO INDICATION OF INJURY;0;0;0;0;0;1;0;20;7;6;41.8662541761;-87.6665241401;{'type': 'Point', 'coordinates': [-87.666524140131, 41.866254176143]};NOT ON SCENE (DESK REPORT);2025-06-14T20:45:00.000
8f3532d8d5bca84044b605001e36e8d6311dd0e0d4446acf5533991bc7dfc547c70c9491c2bfb8e3663c0c8eb33d120c6ff5fce59921d7a77284c284479c43f2;2025-06-14 20:35:00;25;TRAFFIC SIGNAL;FUNCTIONING PROPERLY;CLEAR;DUSK;TURNING;DIVIDED - W/MEDIAN (NOT RAISED);STRAIGHT AND LEVEL;DRY;NO DEFECTS;NO INJURY / DRIVE AWAY;;;$501 - $1,500;UNABLE TO DETERMINE;UNABLE TO DETERMINE;620;N;MICHIGAN AVE;1834;;;;;;;2;NO INDICATION OF INJURY;0;0;0;0;0;4;0;20;7;6;41.8932932637;-87.6243583939;{'type': 'Point', 'coordinates': [-87.624358393934, 41.893293263724]};ON SCENE;2025-06-14T20:40:00.000
6d8a5f3e1557d6a56d132e2375b1bdb3163659702f596056a48c89cba715f1327ad350dc31ec251e37048e82cb6b30c70ecc07e56d1d766bd7e8d732a5bd3729;2025-06-14 20:33:00;20;NO CONTROLS;NO CONTROLS;CLEAR;DARKNESS, LIGHTED ROAD;PARKED MOTOR VEHICLE;ONE-WAY;STRAIGHT AND LEVEL;DRY;NO DEFECTS;INJURY AND / OR TOW DUE TO CRASH;;Y;OVER $1,500;FOLLOWING TOO CLOSELY;UNABLE TO DETERMINE;6530;S;MOZART ST;831;;;;;;;2;NO INDICATION OF INJURY;0;0;0;0;0;1;0;20;7;6;41.7745094425;-87.6946425161;{'type': 'Point', 'coordinates': [-87.694642516088, 41.774509442512]};NOT ON SCENE (DESK REPORT);2025-06-14T20:50:00.000
84671e583a378256011e7f369f5cd82942a12e255c90917e0f0516e896c5a31e4602828e17eb67383b42e80ed3ae384da7aeb217e5ff12acccf1d69ea6b5d169;2025-06-14 20:30:00;30;TRAFFIC SIGNAL;FUNCTIONING PROPERLY;CLEAR;DARKNESS, LIGHTED ROAD;TURNING;CENTER TURN LANE;STRAIGHT AND LEVEL;DRY;NO DEFECTS;NO INJURY / DRIVE AWAY;Y;Y;$501 - $1,500;IMPROPER LANE USAGE;NOT APPLICABLE;2;W;71ST ST;322;;;;;;;2;NO INDICATION OF INJURY;0;0;0;0;0;4;0;20;7;6;41.7655630071;-87.6249370408;{'type': 'Point', 'coordinates': [-87.624937040809, 41.765563007104]};ON SCENE;2025-06-14T21:08:00.000
a54e7e2fcabfaab8a2ffcc7d8856fb5defb3390592cc7c5ef6ec2cdd73bd13b89286a54ed29140f0156102dee56b6ef56edef475a6db3f27b38891806dfba47c;2025-06-14 20:30:00;35;NO CONTROLS;NO CONTROLS;CLEAR;DAYLIGHT;ANGLE;FOUR WAY;STRAIGHT AND LEVEL;DRY;NO DEFECTS;NO INJURY / DRIVE AWAY;;Y;OVER $1,500;FAILING TO YIELD RIGHT-OF-WAY;UNABLE TO DETERMINE;7900;S;NORMAL AVE;621;;;;;;;2;NO INDICATION OF INJURY;0;0;0;0;0;2;0;20;7;6;41.7506940441;-87.636872551;{'type': 'Point', 'coordinates': [-87.636872551049, 41.7506940441]};NOT ON SCENE (DESK REPORT);2025-06-15T13:00:00.000
3798fb30db18b9c786319c959163889b76a416c0f1803e0a8daad44ca0fb80a0029c7447c00cfe7d42ecbd2ac57945c1db98b4c4491cadc81bff8aa9b1627a4b;2025-06-14 20:23:00;30;TRAFFIC SIGNAL;FUNCTIONING PROPERLY;CLEAR;DUSK;TURNING;FOUR WAY;STRAIGHT AND LEVEL;DRY;NO DEFECTS;NO INJURY / DRIVE AWAY;;Y;OVER $1,500;UNABLE TO DETERMINE;UNABLE TO DETERMINE;7900;S;YATES BLVD;414;;;;;;;2;NO INDICATION OF INJURY;0;0;0;0;0;2;0;20;7;6;41.7516362692;-87.5663781214;{'type': 'Point', 'coordinates': [-87.56637812136, 41.751636269168]};;2025-06-14T23:00:00.000
0ce15ff9966a95da2a1f769c6529100c8c61dab3fc63f4c37c6d356827d5996bf7a819cf596e622e4367b956d1c584b309b841ac665bf9edfda224ba2367e46d;2025-06-14 20:20:00;30;NO CONTROLS;NO CONTROLS;CLEAR;DAYLIGHT;SIDESWIPE SAME DIRECTION;NOT DIVIDED;STRAIGHT AND LEVEL;DRY;NO DEFECTS;NO INJURY / DRIVE AWAY;;;OVER $1,500;UNABLE TO DETERMINE;NOT APPLICABLE;2129;S;CHINA PL;914;;;;;;;2;NO INDICATION OF INJURY;0;0;0;0;0;2;0;20;7;6;41.8538713889;-87.6345419744;{'type': 'Point', 'coordinates': [-87.634541974357, 41.85387138887]};NOT ON SCENE (DESK REPORT);2025-06-15T13:41:00.000
4947d07a5495d1a40d5acb70022aab7ff800b7d374050ca25b4d703d2a7fa71d0bafe9f875ec3a106513df913944a9077ea4723ca1a91cc5466657ce908f30f2;2025-06-14 20:20:00;30;NO CONTROLS;UNKNOWN;CLEAR;DAWN;ANGLE;T-INTERSECTION;STRAIGHT AND LEVEL;DRY;NO DEFECTS;NO INJURY / DRIVE AWAY;Y;;$501 - $1,500;FAILING TO YIELD RIGHT-OF-WAY;FAILING TO YIELD RIGHT-OF-WAY;7535;N;HOYNE AVE;2424;;;;;;;2;NO INDICATION OF INJURY;0;0;0;0;0;2;0;20;7;6;42.0189907411;-87.6828370053;{'type': 'Point', 'coordinates': [-87.682837005279, 42.018990741057]};NOT ON SCENE (DESK REPORT);2025-06-16T15:15:00.000
5ada6e037fd508098a9b9f1cc75c7788de9a8c40d217e174013d883b6675b44bdc094003b773eec59d611e1920e5353bd53cc192c37201fc9a68b44b682480ff;2025-06-14 20:13:00;30;NO CONTROLS;NO CONTROLS;CLEAR;DAYLIGHT;SIDESWIPE OPPOSITE DIRECTION;NOT DIVIDED;STRAIGHT AND LEVEL;DRY;NO DEFECTS;INJURY AND / OR TOW DUE TO CRASH;;;OVER $1,500;UNDER THE INFLUENCE OF ALCOHOL/DRUGS (USE WHEN ARREST IS EFFECTED);UNDER THE INFLUENCE OF ALCOHOL/DRUGS (USE WHEN ARREST IS EFFECTED);7422;S;RACINE AVE;734;;;;;;;2;NO INDICATION OF INJURY;0;0;0;0;0;3;0;20;7;6;41.7588542406;-87.6540959527;{'type': 'Point', 'coordinates': [-87.654095952727, 41.758854240552]};ON SCENE;2025-06-14T20:13:00.000
79dddd6ea7afd7181f00941d42c1a7db16c2dbee73c847e5fd3a634d73315fc6fe2b932fe05624998ef8a392e3ab226588c3f9dc8f1c7bc43623f029c8db4bb1;2025-06-14 20:05:00;30;NO CONTROLS;NO CONTROLS;CLEAR;DUSK;SIDESWIPE SAME DIRECTION;FOUR WAY;STRAIGHT AND LEVEL;DRY;NO DEFECTS;NO INJURY / DRIVE AWAY;;Y;OVER $1,500;UNABLE TO DETERMINE;UNABLE TO DETERMINE;3101;N;CENTRAL AVE;2514;;;;;;;2;NO INDICATION OF INJURY;0;0;0;0;0;2;0;20;7;6;41.9368463379;-87.7662908928;{'type': 'Point', 'coordinates': [-87.766290892799, 41.936846337868]};ON SCENE;2025-06-14T20:08:00.000
6cdd923f77d204aac5740b03fe3a459cedbc283f512dbb4f22c1112648c617acfd85b6194a2c2de53e6d6d788ad75e09db02fabc07ee467ad66c450c89611874;2025-06-14 20:00:00;25;NO CONTROLS;NO CONTROLS;CLEAR;DUSK;ANGLE;NOT DIVIDED;STRAIGHT AND LEVEL;DRY;UNKNOWN;NO INJURY / DRIVE AWAY;;;OVER $1,500;UNABLE TO DETERMINE;NOT APPLICABLE;7515;N;HOYNE AVE;2424;;;;;;;2;NO INDICATION OF INJURY;0;0;0;0;0;2;0;20;7;6;42.0184217884;-87.6828411458;{'type': 'Point', 'coordinates': [-87.682841145847, 42.018421788365]};NOT ON SCENE (DESK REPORT);2025-06-14T20:50:00.000
a3d04f5452d5832ff2108cd3e63b80a8eaa6082bacaedf54c5a2067f41c872a4037afe81fb6c1c8296426555a4d5b55f61a31490645bec1ec9ad66517df28f69;2025-06-14 20:00:00;30;NO CONTROLS;NO CONTROLS;UNKNOWN;DARKNESS, LIGHTED ROAD;PARKED MOTOR VEHICLE;NOT DIVIDED;STRAIGHT AND LEVEL;UNKNOWN;UNKNOWN;NO INJURY / DRIVE AWAY;;Y;OVER $1,500;DRIVING SKILLS/KNOWLEDGE/EXPERIENCE;DRIVING SKILLS/KNOWLEDGE/EXPERIENCE;1523;S;KEDVALE AVE;1012;;;N;;;;2;NO INDICATION OF INJURY;0;0;0;0;0;1;0;20;7;6;41.8599326751;-87.7285065524;{'type': 'Point', 'coordinates': [-87.728506552405, 41.859932675127]};ON SCENE;2025-06-15T11:48:00.000
d7fe25afb6f6f40f2b72bc568cdbf81c52b63e8a321c2e9274cda70dadf4e8edbd4276e123405cb8eb38189f9d92afbaa9057bddda9458dfb2c328de61eb794f;2025-06-14 20:00:00;30;NO CONTROLS;NO CONTROLS;CLEAR;DAYLIGHT;TURNING;FOUR WAY;STRAIGHT AND LEVEL;DRY;NO DEFECTS;NO INJURY / DRIVE AWAY;Y;Y;$500 OR LESS;UNABLE TO DETERMINE;UNABLE TO DETERMINE;801;W;99TH ST;2232;;;;;;;2;NO INDICATION OF INJURY;0;0;0;0;0;2;0;20;7;6;41.7141038258;-87.6430620798;{'type': 'Point', 'coordinates': [-87.643062079768, 41.714103825758]};NOT ON SCENE (DESK REPORT);2025-06-14T21:33:00.000
d8f22c019519591dcfe2cf0ac797bc1610107250b0923ed22375157d7cf18ac8f8e317557d5a39efe2b2ac9a66a6d5308b4b6ebf179141199666331a0c7d8983;2025-06-14 20:00:00;10;NO CONTROLS;NO CONTROLS;CLEAR;DUSK;TURNING;ONE-WAY;STRAIGHT AND LEVEL;DRY;NO DEFECTS;NO INJURY / DRIVE AWAY;;;OVER $1,500;FAILING TO YIELD RIGHT-OF-WAY;NOT APPLICABLE;5448;W;LE MOYNE ST;2532;;;;;;;2;NO INDICATION OF INJURY;0;0;0;0;0;2;0;20;7;6;41.9077125759;-87.7627862331;{'type': 'Point', 'coordinates': [-87.762786233134, 41.907712575933]};NOT ON SCENE (DESK REPORT);2025-06-15T15:33:00.000
f9e0dc22e390772dd2b2747c0ff6b032250c093c40ae9fb3801dd80af048b88467d04a8b6f9e8bb953b41915bb6304b9bf7a52477466c110de231da71c43c541;2025-06-14 20:00:00;30;STOP SIGN/FLASHER;FUNCTIONING PROPERLY;UNKNOWN;DUSK;TURNING;NOT DIVIDED;STRAIGHT AND LEVEL;UNKNOWN;UNKNOWN;NO INJURY / DRIVE AWAY;;Y;$501 - $1,500;UNABLE TO DETERMINE;UNABLE TO DETERMINE;3701;W;CERMAK RD;1013;;;;;;;2;NO INDICATION OF INJURY;0;0;0;0;0;3;0;20;7;6;41.8515231455;-87.717493427;{'type': 'Point', 'coordinates': [-87.717493426999, 41.85152314551]};NOT ON SCENE (DESK REPORT);2025-06-15T11:45:00.000
9694346ec8b03b921c7893eab69ddebb15df4ac8f958da2a2bedec742fb4e42bf0d9e92f8758c3cf94ad645775d5bcef258e4a80a01d61f9a67b677b22c68f62;2025-06-14 19:58:00;35;NO CONTROLS;NO CONTROLS;CLEAR;DAYLIGHT;TURNING;FOUR WAY;STRAIGHT AND LEVEL;DRY;UNKNOWN;INJURY AND / OR TOW DUE TO CRASH;;;OVER $1,500;FAILING TO YIELD RIGHT-OF-WAY;NOT APPLICABLE;4798;W;78TH ST;834;;;;;;;2;NONINCAPACITATING INJURY;3;0;0;2;1;1;0;19;7;6;41.7510976406;-87.7413632088;{'type': 'Point', 'coordinates': [-87.741363208791, 41.751097640593]};ON SCENE;2025-06-14T20:10:00.000
4a5db9a37dc843c5583ee4ec736115cd9eaf4936775fc345d26e5bd68360f6e34b3cd876efacf312d2e0f5a002b5ce3b26190afc76b75ce2565a6cbd69151e94;2025-06-14 19:55:00;30;NO CONTROLS;NO CONTROLS;CLEAR;DAYLIGHT;REAR END;ONE-WAY;STRAIGHT AND LEVEL;DRY;NO DEFECTS;NO INJURY / DRIVE AWAY;;Y;OVER $1,500;UNABLE TO DETERMINE;NOT APPLICABLE;4456;S;HOMAN AVE;821;;;;;;;4;NO INDICATION OF INJURY;0;0;0;0;0;7;0;19;7;6;41.8119202506;-87.7091782608;{'type': 'Point', 'coordinates': [-87.709178260763, 41.81192025056]};ON SCENE;2025-06-14T19:58:00.000
feb0b9d4dc20cf195ccfc3846167c2ba7cf61a9d0b53d1b57bf773da99ee72e31bd89284821321ee0c93d01b3a049a21bf835099426e03cd7b1da922480c6ff1;2025-06-14 19:51:00;30;TRAFFIC SIGNAL;FUNCTIONING PROPERLY;CLEAR;DAYLIGHT;ANGLE;NOT DIVIDED;STRAIGHT AND LEVEL;DRY;NO DEFECTS;INJURY AND / OR TOW DUE TO CRASH;Y;;OVER $1,500;DISREGARDING TRAFFIC SIGNALS;FAILING TO REDUCE SPEED TO AVOID CRASH;300;N;WESTERN AVE;1222;;;;;;;3;NONINCAPACITATING INJURY;5;0;0;5;0;7;0;19;7;6;41.8867217641;-87.6867273643;{'type': 'Point', 'coordinates': [-87.686727364298, 41.88672176412]};ON SCENE;2025-06-14T19:51:00.000
7dd87a3b66fe0f31eceb39940d9508e486b43e4ffda30505d25ba11f8838e46638a365c13f722bdee17269a19644d9baf49c19038f12c915e7485bf4998ea481;2025-06-14 19:50:00;30;TRAFFIC SIGNAL;FUNCTIONING PROPERLY;CLEAR;DAYLIGHT;ANGLE;DIVIDED - W/MEDIAN BARRIER;STRAIGHT AND LEVEL;DRY;UNKNOWN;INJURY AND / OR TOW DUE TO CRASH;Y;;OVER $1,500;UNABLE TO DETERMINE;UNABLE TO DETERMINE;2400;W;PERSHING RD;911;;;;;;;2;NONINCAPACITATING INJURY;2;0;0;1;1;0;0;19;7;6;41.8230967602;-87.6850189506;{'type': 'Point', 'coordinates': [-87.685018950616, 41.823096760166]};ON SCENE;2025-06-14T20:00:00.000