crash_record_id;crash_date;posted_speed_limit;traffic_control_device;device_condition;weather_condition;lighting_condition;first_crash_type;trafficway_type;alignment;roadway_surface_cond;road_defect;crash_type;intersection_related_i;hit_and_run_i;damage;prim_contributory_cause;sec_contributory_cause;street_no;street_direction;street_name;beat_of_occurrence;photos_taken_i;statements_taken_i;dooring_i;work_zone_i;work_zone_type;workers_present_i;num_units;most_severe_injury;injuries_total;injuries_fatal;injuries_incapacitating;injuries_non_incapacitating;injuries_reported_not_evident;injuries_no_indication;injuries_unknown;crash_hour;crash_day_of_week;crash_month;latitude;longitude;location;report_type;date_police_notified
46a0422e0992b78694f74dafcb18ef65d6e56ae011ae312ce37b1098ec801af210fbd52442e0a0d8ed071927e112f6d60b0f1fc32f434e34458e40a0eb694be0;2025-06-14 19:40:00;15;NO CONTROLS;NO CONTROLS;CLEAR;DAYLIGHT;PEDESTRIAN;PARKING LOT;STRAIGHT AND LEVEL;DRY;NO DEFECTS;INJURY AND / OR TOW DUE TO CRASH;;Y;$500 OR LESS;UNABLE TO DETERMINE;UNABLE TO DETERMINE;5500;S;LA SALLE ST;225;;;;;;;2;NONINCAPACITATING INJURY;1;0;0;1;0;1;0;19;7;6;41.7941449613;-87.6294419398;{'type': 'Point', 'coordinates': [-87.629441939823, 41.794144961276]};ON SCENE;2025-06-14T19:45:00.000
f4b042afa201f84527ce9770e672b5148003229e7390ddbb17364388451311e835d6a96b19775fe5ba0bcc3d321826917d0a6cbc4694763ab05425b3369bd844;2025-06-14 19:40:00;30;NO CONTROLS;NO CONTROLS;CLEAR;DARKNESS, LIGHTED ROAD;SIDESWIPE SAME DIRECTION;NOT DIVIDED;STRAIGHT AND LEVEL;DRY;UNKNOWN;NO INJURY / DRIVE AWAY;;;$500 OR LESS;UNABLE TO DETERMINE;UNABLE TO DETERMINE;4631;W;FOSTER AVE;1712;;;;;;;2;NO INDICATION OF INJURY;0;0;0;0;0;3;0;19;7;6;41.9752598896;-87.7442136774;{'type': 'Point', 'coordinates': [-87.744213677351, 41.975259889615]};NOT ON SCENE (DESK REPORT);2025-06-14T20:15:00.000
ddc680537ee0e5759bf04ccb2823f8dd45fc80f32f2b1cd8e8c50aa6766f59f63a0e00e99b3479b22135428db21b383c623b12510e1066f51e5fb220877741cb;2025-06-14 19:38:00;30;NO CONTROLS;NO CONTROLS;CLEAR;DAYLIGHT;ANGLE;DIVIDED - W/MEDIAN (NOT RAISED);STRAIGHT AND LEVEL;DRY;NO DEFECTS;INJURY AND / OR TOW DUE TO CRASH;;Y;OVER $1,500;UNABLE TO DETERMINE;UNABLE TO DETERMINE;1800;S;PULASKI RD;1012;;;;;;;2;NO INDICATION OF INJURY;0;0;0;0;0;4;0;19;7;6;41.8569414554;-87.7250549142;{'type': 'Point', 'coordinates': [-87.725054914159, 41.856941455397]};ON SCENE;2025-06-14T20:02:00.000
a0d5ab7293c494834f28b95d4b3c9fea902dc4ceed96c925a9478a2ad6322fff2fc676142d863ae8533b5ea5a981e5d388f1e5f99bd692f6c743c37f88987e51;2025-06-14 19:30:00;30;NO CONTROLS;UNKNOWN;CLEAR;DUSK;PARKED MOTOR VEHICLE;ONE-WAY;STRAIGHT AND LEVEL;DRY;NO DEFECTS;INJURY AND / OR TOW DUE TO CRASH;;;OVER $1,500;UNABLE TO DETERMINE;UNABLE TO DETERMINE;3043;W;WARREN BLVD;1222;;;;;;;4;NO INDICATION OF INJURY;0;0;0;0;0;1;0;19;7;6;41.8818149278;-87.7029521077;{'type': 'Point', 'coordinates': [-87.702952107667, 41.881814927819]};ON SCENE;2025-06-14T19:33:00.000
f1c692a1af807067aee3e757dc4cb13829db5685be14b0cca223773cf6a2db496eeee7dd08fa1ef1c7b3ab4ab5d32fc1851aefcc95cc6106957d437bbe5d4481;2025-06-14 19:27:00;30;UNKNOWN;UNKNOWN;CLEAR;DAWN;TURNING;CENTER TURN LANE;STRAIGHT AND LEVEL;DRY;UNKNOWN;NO INJURY / DRIVE AWAY;Y;;OVER $1,500;NOT APPLICABLE;NOT APPLICABLE;7056;S;RACINE AVE;734;;;;;;;2;NO INDICATION OF INJURY;0;0;0;0;0;3;0;19;7;6;41.7652020253;-87.654266141;{'type': 'Point', 'coordinates': [-87.654266141042, 41.765202025302]};ON SCENE;2025-06-14T19:31:00.000
30224cc700b5d8e4195c3688a8b249aed9354755a857e689bdfc910cfc0fa17d980e9922e56353b30d958aebba803d713c8471a94a4b3894f59f38e4e345354c;2025-06-14 19:22:00;30;NO CONTROLS;NO CONTROLS;CLEAR;DAYLIGHT;PARKED MOTOR VEHICLE;NOT DIVIDED;STRAIGHT AND LEVEL;DRY;NO DEFECTS;INJURY AND / OR TOW DUE TO CRASH;;Y;OVER $1,500;UNABLE TO DETERMINE;UNABLE TO DETERMINE;6200;S;PRAIRIE AVE;311;;;;;;;2;;;;;;;;;19;7;6;41.78184727;-87.6190420297;{'type': 'Point', 'coordinates': [-87.619042029681, 41.781847270009]};ON SCENE;2025-06-14T19:22:00.000
f0b19126bca3b6e5033e54fbfb193d883790650d20070137cf4ef5ed62f6763a529f86f0222ef7fb3b76a369735273fb624d1a5161a45bd45f3bd814eead275b;2025-06-14 19:18:00;20;TRAFFIC SIGNAL;FUNCTIONING PROPERLY;CLEAR;DAYLIGHT;TURNING;DIVIDED - W/MEDIAN (NOT RAISED);STRAIGHT AND LEVEL;UNKNOWN;UNKNOWN;NO INJURY / DRIVE AWAY;;;OVER $1,500;IMPROPER TURNING/NO SIGNAL;UNABLE TO DETERMINE;3002;N;KEDZIE AVE;1412;;;;;;;2;NO INDICATION OF INJURY;0;0;0;0;0;2;0;19;7;6;41.935843306;-87.7076798674;{'type': 'Point', 'coordinates': [-87.707679867404, 41.935843305977]};NOT ON SCENE (DESK REPORT);2025-06-14T19:50:00.000
54d3f0f392eb5a6430566c8f0575ebe4ea117ac562ffe5dca1f7fa852e26e8a2535ae1d9accd98e49449e0d48c8daa0f6f03e7e5ad1ef95e04e8adef95830be3;2025-06-14 19:10:00;30;NO CONTROLS;NO CONTROLS;CLEAR;DAYLIGHT;ANGLE;NOT DIVIDED;STRAIGHT AND LEVEL;DRY;NO DEFECTS;NO INJURY / DRIVE AWAY;;;OVER $1,500;FAILING TO YIELD RIGHT-OF-WAY;NOT APPLICABLE;2320;W;47TH ST;924;;;;;;;2;NO INDICATION OF INJURY;0;0;0;0;0;2;0;19;7;6;41.808532582;-87.6828921382;{'type': 'Point', 'coordinates': [-87.682892138166, 41.808532582036]};NOT ON SCENE (DESK REPORT);2025-06-14T20:10:00.000
f66bfd2eaa67ee07cd4c07bcefffc8fdb491548e83ca7047a5265443c266abe861e05206e97ab22b173f7dc44cb9c8e03411af1a52aceeb54f0eeaa1ca402cc2;2025-06-14 19:10:00;30;NO CONTROLS;NO CONTROLS;CLEAR;DAYLIGHT;REAR END;NOT DIVIDED;STRAIGHT AND LEVEL;DRY;NO DEFECTS;NO INJURY / DRIVE AWAY;;;OVER $1,500;FOLLOWING TOO CLOSELY;NOT APPLICABLE;3916;N;HARLEM AVE;1631;;;;;;;2;NO INDICATION OF INJURY;0;0;0;0;0;2;0;19;7;6;41.9512703515;-87.8073604144;{'type': 'Point', 'coordinates': [-87.807360414372, 41.951270351533]};ON SCENE;2025-06-14T19:13:00.000
fd6b059665dfdaf03e5eb6f4fa45bb86fdb20be4fec6363a1b0fcc99467bdeb97b37ee72a55250b8d6cec7aec0a71ce2ececff89aeb8f7b8081e42821fb31a10;2025-06-14 19:10:00;30;TRAFFIC SIGNAL;UNKNOWN;UNKNOWN;DAYLIGHT;TURNING;NOT DIVIDED;STRAIGHT AND LEVEL;UNKNOWN;UNKNOWN;NO INJURY / DRIVE AWAY;;Y;OVER $1,500;IMPROPER TURNING/NO SIGNAL;UNABLE TO DETERMINE;7000;S;SOUTH SHORE DR;331;;;;;;;2;NO INDICATION OF INJURY;0;0;0;0;0;4;0;19;7;6;41.7680284693;-87.5666498932;{'type': 'Point', 'coordinates': [-87.566649893195, 41.768028469262]};ON SCENE;2025-06-14T19:19:00.000
b32b792d8d69a18a14e913cd8d62d6fa2a38ef95474a60f9f1a4e0c170777b7cffb6d4429fd2565d3838d0c35431760c2448c987657ef97c2a96d45afe652473;2025-06-14 19:06:00;35;NO CONTROLS;NO CONTROLS;CLEAR;DAYLIGHT;REAR END;NOT DIVIDED;STRAIGHT AND LEVEL;DRY;NO DEFECTS;INJURY AND / OR TOW DUE TO CRASH;;;$500 OR LESS;FAILING TO YIELD RIGHT-OF-WAY;NOT APPLICABLE;2914;W;NORTH AVE;1421;;;;;;;2;REPORTED, NOT EVIDENT;1;0;0;0;1;3;0;19;7;6;41.9103016331;-87.6997006359;{'type': 'Point', 'coordinates': [-87.699700635886, 41.910301633121]};NOT ON SCENE (DESK REPORT);2025-06-16T12:05:00.000
5bb288f79225174e347f04543b9ee97914ac2d161148f4c1dbcd96276b2655abfd2630ff8ca4121fa68fd2a22b68f8997be236a89cf280d43263190033a2e0db;2025-06-14 19:03:00;30;NO CONTROLS;NO CONTROLS;CLEAR;DAYLIGHT;PARKED MOTOR VEHICLE;NOT DIVIDED;STRAIGHT AND LEVEL;DRY;NO DEFECTS;INJURY AND / OR TOW DUE TO CRASH;;;OVER $1,500;PHYSICAL CONDITION OF DRIVER;FAILING TO REDUCE SPEED TO AVOID CRASH;4823;W;BELMONT AVE;2521;;;;;;;2;NO INDICATION OF INJURY;0;0;0;0;0;2;0;19;7;6;41.9387053835;-87.7478362799;{'type': 'Point', 'coordinates': [-87.747836279912, 41.938705383534]};ON SCENE;2025-06-14T19:12:00.000
e9d34fcd0c4024e5bcf778e24489648776ead2ba1b11fe35415b505283d10887f85ce5ef0bcabb83d91c9d59ec5a571d2cbcb0d15a4c261fa884b44afad623da;2025-06-14 19:00:00;30;TRAFFIC SIGNAL;FUNCTIONING PROPERLY;CLEAR;DAYLIGHT;REAR END;FOUR WAY;STRAIGHT AND LEVEL;DRY;NO DEFECTS;NO INJURY / DRIVE AWAY;;;OVER $1,500;FOLLOWING TOO CLOSELY;DRIVING SKILLS/KNOWLEDGE/EXPERIENCE;5402;N;BROADWAY;2013;;Y;;;;;2;NO INDICATION OF INJURY;0;0;0;0;0;3;0;19;7;6;41.9801164488;-87.6601201209;{'type': 'Point', 'coordinates': [-87.660120120914, 41.980116448823]};ON SCENE;2025-06-14T19:25:00.000
13df5f6f7df3f40e69f8f8cd440ba11fea925e477f4af61352b03aefe86890e0512a1c02763ecc26e80e8586365950afa1d1d136687edf6166c0d4f8ac3056f4;2025-06-14 18:46:00;20;NO CONTROLS;NO CONTROLS;CLEAR;DAYLIGHT;SIDESWIPE SAME DIRECTION;OTHER;STRAIGHT AND LEVEL;DRY;NO DEFECTS;NO INJURY / DRIVE AWAY;;;$501 - $1,500;FAILING TO YIELD RIGHT-OF-WAY;DRIVING SKILLS/KNOWLEDGE/EXPERIENCE;5;W;TERMINAL ST;1655;;;;;;;2;NO INDICATION OF INJURY;0;0;0;0;0;2;0;18;7;6;;;;ON SCENE;2025-06-14T18:51:00.000
336463d30042aa403d7304ae1a29f61a648c94c80fd0e20181f88ea239aa14cc56389df6982953e13d802e6c6714f49475c983162638962ad03ce767cefd6c85;2025-06-14 18:46:00;30;TRAFFIC SIGNAL;FUNCTIONING PROPERLY;CLEAR;DAYLIGHT;TURNING;NOT DIVIDED;STRAIGHT AND LEVEL;DRY;SHOULDER DEFECT;INJURY AND / OR TOW DUE TO CRASH;;;OVER $1,500;FAILING TO YIELD RIGHT-OF-WAY;NOT APPLICABLE;5552;W;ROOSEVELT RD;1522;;;;;;;2;NONINCAPACITATING INJURY;1;0;0;1;0;1;0;18;7;6;41.8657219311;-87.7639322064;{'type': 'Point', 'coordinates': [-87.763932206372, 41.865721931113]};ON SCENE;2025-06-14T19:00:00.000
2e260d67b7781f7e82590f24f520df97a9ab9a250d9a1b476b609cd4d90cfa78d2d49b9ca5f1310e3cb7af26e4ab4358bc95b6fc36ebb749f5eda6225386c4c4;2025-06-14 18:45:00;40;NO CONTROLS;NO CONTROLS;CLEAR;DAYLIGHT;REAR END;DIVIDED - W/MEDIAN BARRIER;CURVE, LEVEL;DRY;NO DEFECTS;INJURY AND / OR TOW DUE TO CRASH;;;OVER $1,500;FOLLOWING TOO CLOSELY;UNABLE TO DETERMINE;1000;N;LAKE SHORE DR SB;1824;;;;;;;2;NO INDICATION OF INJURY;0;0;0;0;0;2;0;18;7;6;41.9009589191;-87.6199281737;{'type': 'Point', 'coordinates': [-87.619928173678, 41.900958919109]};ON SCENE;2025-06-14T18:47:00.000
b2203d765e97ddf49a7bb546b8821cf2a019fca8f69dee4b16e2779154fea4497fdc3ef16ee339958a01d719f584f9983c8860e7d25ba225906e89e2d40e6fc4;2025-06-14 18:45:00;30;TRAFFIC SIGNAL;UNKNOWN;CLEAR;DAYLIGHT;REAR END;T-INTERSECTION;STRAIGHT AND LEVEL;DRY;UNKNOWN;NO INJURY / DRIVE AWAY;Y;;OVER $1,500;UNABLE TO DETERMINE;UNABLE TO DETERMINE;4219;S;CICERO AVE;815;;;;;;;2;NO INDICATION OF INJURY;0;0;0;0;0;2;0;18;7;6;41.8161369117;-87.7432283427;{'type': 'Point', 'coordinates': [-87.743228342699, 41.816136911695]};;2025-06-15T11:30:00.000
e71e1856642db5f291ffb5afe1dae36d0f8787ca9e6da61ef685bf278894b4d3e128b62d20bcd2d917fecbcdf264e27ecd5e96c95e6f96730efec12adc98002c;2025-06-14 18:40:00;30;TRAFFIC SIGNAL;FUNCTIONING PROPERLY;CLEAR;DUSK;PEDALCYCLIST;FOUR WAY;STRAIGHT AND LEVEL;DRY;UNKNOWN;NO INJURY / DRIVE AWAY;Y;;OVER $1,500;FAILING TO REDUCE SPEED TO AVOID CRASH;UNABLE TO DETERMINE;1901;N;HUMBOLDT BLVD;1421;;;;;;;2;NO INDICATION OF INJURY;0;0;0;0;0;2;0;18;7;6;41.915717526;-87.701891348;{'type': 'Point', 'coordinates': [-87.701891347955, 41.915717525962]};ON SCENE;2025-06-14T18:41:00.000
114cbcbd14749d69af154893f51877c1c3d3d894c20f331dc3e14ebed87ace4e557c2aa58a143c2f81cc4863618dbb20d88e9015fe72d169b5bc8ee43d202db9;2025-06-14 18:38:00;15;NO CONTROLS;NO CONTROLS;CLEAR;DAYLIGHT;PARKED MOTOR VEHICLE;PARKING LOT;STRAIGHT AND LEVEL;DRY;NO DEFECTS;NO INJURY / DRIVE AWAY;;;OVER $1,500;DRIVING SKILLS/KNOWLEDGE/EXPERIENCE;UNABLE TO DETERMINE;850;W;IRVING PARK RD;1915;Y;;;;;;2;NO INDICATION OF INJURY;0;0;0;0;0;1;0;18;7;6;41.9546408254;-87.6515690124;{'type': 'Point', 'coordinates': [-87.651569012354, 41.954640825372]};NOT ON SCENE (DESK REPORT);2025-06-14T19:30:00.000
455e56327f2212966eb603aa13b723430d617da940f8056f3114d4e2bb4e924aa76f1ed9a40f7f97133796b0f811bc1b87192699ed647c13363c7d08174eaa0d;2025-06-14 18:38:00;30;TRAFFIC SIGNAL;FUNCTIONING PROPERLY;CLEAR;DAYLIGHT;ANGLE;T-INTERSECTION;STRAIGHT AND LEVEL;DRY;NO DEFECTS;INJURY AND / OR TOW DUE TO CRASH;Y;;OVER $1,500;UNABLE TO DETERMINE;NOT APPLICABLE;645;W;TAYLOR ST;124;;;;;;;2;NO INDICATION OF INJURY;0;0;0;0;0;6;0;18;7;6;41.8695873951;-87.6436639606;{'type': 'Point', 'coordinates': [-87.643663960591, 41.869587395081]};ON SCENE;2025-06-14T19:55:00.000
e98efad80394c76c4f9ac46d769de1a3f0e26517bf63e97257e355f699c33485d6c128dae0de5c2d16675af504ea9c9aa653d43469611ed8074b8424df7546da;2025-06-14 18:38:00;15;NO CONTROLS;NO CONTROLS;CLEAR;DAYLIGHT;REAR TO FRONT;PARKING LOT;STRAIGHT AND LEVEL;DRY;NO DEFECTS;NO INJURY / DRIVE AWAY;;;OVER $1,500;IMPROPER BACKING;FAILING TO REDUCE SPEED TO AVOID CRASH;3303;W;26TH ST;1032;;;;;;;2;NO INDICATION OF INJURY;0;0;0;0;0;4;0;18;7;6;41.844371391;-87.7076058653;{'type': 'Point', 'coordinates': [-87.707605865302, 41.84437139104]};ON SCENE;2025-06-14T18:38:00.000
a92028baeb02bdad4582d88af9e9166711437ea198ff5d4bde06d418469e4dc81433c3d2ca5b7e640858613c8693a50d61756a4a2afd9c44c8108f1f412aaf55;2025-06-14 18:35:00;30;TRAFFIC SIGNAL;FUNCTIONING PROPERLY;CLEAR;DAYLIGHT;PEDALCYCLIST;FOUR WAY;STRAIGHT AND LEVEL;DRY;UNKNOWN;INJURY AND / OR TOW DUE TO CRASH;Y;;$500 OR LESS;UNABLE TO DETERMINE;NOT APPLICABLE;4699;W;NORTH AVE;2533;;;;;;;2;NONINCAPACITATING INJURY;1;0;0;1;0;1;0;18;7;6;41.9095429239;-87.7435169347;{'type': 'Point', 'coordinates': [-87.743516934695, 41.909542923912]};ON SCENE;2025-06-14T18:39:00.000
a619751aa27c61803ffb145f8cb97b5188657656a9ff73bde23657254b840e71611303a56baa084e3cbb297f8c9329ac46e00ca2a406855b32f7e58d0189dffb;2025-06-14 18:33:00;20;NO CONTROLS;NO CONTROLS;CLEAR;DAYLIGHT;TURNING;ONE-WAY;STRAIGHT AND LEVEL;DRY;NO DEFECTS;NO INJURY / DRIVE AWAY;Y;;OVER $1,500;FAILING TO YIELD RIGHT-OF-WAY;NOT APPLICABLE;2345;N;LONG AVE;2515;;;;;;;2;NO INDICATION OF INJURY;0;0;0;0;0;2;0;18;7;6;41.9235589438;-87.7609059476;{'type': 'Point', 'coordinates': [-87.7609059476, 41.923558943766]};ON SCENE;2025-06-14T18:33:00.000
99c10515b998acf72ebef783533e645710e355f3e2178da7b16bb278a0f85db63231717d0ec1e14e05c0a3b8a7ff74248e30a80d114ad1cda8813b3a5b035802;2025-06-14 18:30:00;30;UNKNOWN;UNKNOWN;CLEAR;DAYLIGHT;PARKED MOTOR VEHICLE;UNKNOWN;STRAIGHT AND LEVEL;DRY;UNKNOWN;NO INJURY / DRIVE AWAY;;;$501 - $1,500;UNABLE TO DETERMINE;UNABLE TO DETERMINE;1100;W;TAYLOR ST;1232;;;;;;;2;NO INDICATION OF INJURY;0;0;0;0;0;2;0;18;7;6;41.8695662816;-87.6542783789;{'type': 'Point', 'coordinates': [-87.654278378879, 41.869566281584]};NOT ON SCENE (DESK REPORT);2025-06-14T20:20:00.000
cd53aeb65fbf0bafaeedd01536be6bd634c3f4c0564c37aeec3831117893e7f5c816c7bd128c56f2041a7db472de6ca5858a6a31d9b111b571a587a0e687c304;2025-06-14 18:30:00;30;NO CONTROLS;NO CONTROLS;CLEAR;DAYLIGHT;PARKED MOTOR VEHICLE;PARKING LOT;STRAIGHT AND LEVEL;DRY;NO DEFECTS;NO INJURY / DRIVE AWAY;;Y;$501 - $1,500;UNABLE TO DETERMINE;UNABLE TO DETERMINE;2032;S;CLARK ST;131;;;;;;;2;NO INDICATION OF INJURY;0;0;0;0;0;1;0;18;7;6;41.8543553395;-87.6302839447;{'type': 'Point', 'coordinates': [-87.630283944704, 41.854355339514]};NOT ON SCENE (DESK REPORT);2025-06-14T20:10:00.000
24062174f3a709ed325848f1f5e67bca0ab705ae19283aa833a178dee6ffdcc952c372179131d4a8cf687d04e29a644f4ef2fd9b83512162c8b70967df0f295b;2025-06-14 18:27:00;35;NO CONTROLS;NO CONTROLS;CLEAR;DAYLIGHT;OTHER OBJECT;DIVIDED - W/MEDIAN BARRIER;STRAIGHT AND LEVEL;DRY;NO DEFECTS;INJURY AND / OR TOW DUE TO CRASH;;;OVER $1,500;UNABLE TO DETERMINE;UNABLE TO DETERMINE;7101;S;PULASKI RD;833;;;;;;;1;NO INDICATION OF INJURY;0;0;0;0;0;1;0;18;7;6;41.7640120044;-87.7222059328;{'type': 'Point', 'coordinates': [-87.7222059328, 41.764012004448]};ON SCENE;2025-06-14T18:30:00.000
14f2dbe334330c35d957b98228629f0ba09ffb51190b0ae9f4801e63834f2160a7b4bcd0808447e151ee21edd8bc942c8b28618c8588099bafabc3d640d6e677;2025-06-14 18:25:00;30;STOP SIGN/FLASHER;NO CONTROLS;CLEAR;DAYLIGHT;TURNING;T-INTERSECTION;STRAIGHT AND LEVEL;DRY;NO DEFECTS;NO INJURY / DRIVE AWAY;Y;;OVER $1,500;UNABLE TO DETERMINE;UNABLE TO DETERMINE;1500;N;CENTRAL AVE;2531;;;;;;;2;NO INDICATION OF INJURY;0;0;0;0;0;2;0;18;7;6;41.9076543754;-87.7659979592;{'type': 'Point', 'coordinates': [-87.765997959166, 41.90765437542]};ON SCENE;2025-06-14T18:33:00.000
7400d6dc3acc0dc1f0122c52e9223568dba444d2683d4e239ba7a07289e92c74fd61bd40e6d9e6ffa78dd473ca1871854a515e9422f2e3412f4c6814ab0e3357;2025-06-14 18:15:00;30;NO CONTROLS;NO CONTROLS;CLEAR;DAYLIGHT;REAR END;NOT DIVIDED;STRAIGHT AND LEVEL;DRY;NO DEFECTS;NO INJURY / DRIVE AWAY;;Y;OVER $1,500;FAILING TO REDUCE SPEED TO AVOID CRASH;OPERATING VEHICLE IN ERRATIC, RECKLESS, CARELESS, NEGLIGENT OR AGGRESSIVE MANNER;3214;W;NORTH AVE;1421;;;;;;;2;NO INDICATION OF INJURY;0;0;0;0;0;3;0;18;7;6;41.9102189054;-87.7075278335;{'type': 'Point', 'coordinates': [-87.707527833537, 41.910218905422]};NOT ON SCENE (DESK REPORT);2025-06-14T18:30:00.000
cdc07a99f4e2881e28b7b22f96b1a9ecfb4c1c2cb8faf55c8bb3e7ee9d449259c6f620753add2d472a3e5ddf0ccc99ebef33ac21975890157c11dcd1d61c4a27;2025-06-14 18:10:00;30;NO CONTROLS;NO CONTROLS;CLEAR;DAYLIGHT;REAR END;NOT DIVIDED;STRAIGHT AND LEVEL;DRY;UNKNOWN;NO INJURY / DRIVE AWAY;;Y;OVER $1,500;NOT APPLICABLE;NOT APPLICABLE;3747;W;55TH ST;822;;;;;;;2;NO INDICATION OF INJURY;0;0;0;0;0;2;0;18;7;6;41.7931727922;-87.7178013098;{'type': 'Point', 'coordinates': [-87.717801309817, 41.79317279221]};ON SCENE;2025-06-14T18:17:00.000
23c1d3245d0114976f99131407eb7767f5b5755a1ed3695fe3bf8b47c8196ec26d263b12c62414180e3f07fc96078b81b37df060234f9898bd53dbe81e9a7323;2025-06-14 18:03:00;35;NO CONTROLS;NO CONTROLS;CLEAR;DAYLIGHT;ANGLE;NOT DIVIDED;STRAIGHT AND LEVEL;DRY;NO DEFECTS;NO INJURY / DRIVE AWAY;;;$501 - $1,500;UNABLE TO DETERMINE;NOT APPLICABLE;7600;W;FOSTER AVE;1613;;;;;;;2;NO INDICATION OF INJURY;0;0;0;0;0;2;0;18;7;6;41.9743961027;-87.8170456099;{'type': 'Point', 'coordinates': [-87.817045609866, 41.974396102713]};;2025-06-14T19:00:00.000
43da5669417d6113f7139a66737ab772d39f58cd8be4ea67c9f57a88b94ae2c3e2e4334c91cceb0092562c86185818a0e27c73e88ec759ef85bb8cc40b123418;2025-06-14 18:00:00;30;NO CONTROLS;NO CONTROLS;CLEAR;DAYLIGHT;REAR END;DIVIDED - W/MEDIAN BARRIER;STRAIGHT AND LEVEL;DRY;NO DEFECTS;NO INJURY / DRIVE AWAY;N;;OVER $1,500;FOLLOWING TOO CLOSELY;DRIVING SKILLS/KNOWLEDGE/EXPERIENCE;1699;N;KEDZIE AVE;1421;;;;;;;2;NO INDICATION OF INJURY;0;0;0;0;0;2;0;18;7;6;41.9118514876;-87.7066509269;{'type': 'Point', 'coordinates': [-87.706650926883, 41.911851487609]};NOT ON SCENE (DESK REPORT);2025-06-14T19:13:00.000
beca992fc6134c7eaf6becb833b7f8b39250d704d835d16c7b22add2a00363cd42dd256b3367d478e629bd5a1b9255307b2da83cc05d720ad0f7d00c02d2a3d4;2025-06-14 17:55:00;15;NO CONTROLS;FUNCTIONING PROPERLY;CLEAR;DAYLIGHT;PARKED MOTOR VEHICLE;NOT DIVIDED;STRAIGHT AND LEVEL;DRY;NO DEFECTS;NO INJURY / DRIVE AWAY;Y;;$501 - $1,500;IMPROPER TURNING/NO SIGNAL;NOT APPLICABLE;2703;W;WABANSIA AVE;1421;;;;;;;2;NO INDICATION OF INJURY;0;0;0;0;0;1;0;17;7;6;41.9119610037;-87.6947325786;{'type': 'Point', 'coordinates': [-87.694732578642, 41.911961003691]};ON SCENE;2025-06-14T17:56:00.000
62280303ba3efb2b74d8b23a2a3b519d1a9b2f70013d95f440f129708c9da8943d079febf85d546c6a506c79cab27ebba7d61a0a0d1c34fc7779483410519c05;2025-06-14 17:48:00;25;NO CONTROLS;NO CONTROLS;CLEAR;DAYLIGHT;PARKED MOTOR VEHICLE;UNKNOWN;STRAIGHT AND LEVEL;DRY;UNKNOWN;NO INJURY / DRIVE AWAY;;;OVER $1,500;UNABLE TO DETERMINE;NOT APPLICABLE;6406;N;ROCKWELL ST;2412;;;;;;;2;NO INDICATION OF INJURY;0;0;0;0;0;1;0;17;7;6;41.99790364;-87.6949222358;{'type': 'Point', 'coordinates': [-87.694922235772, 41.997903640007]};;2025-06-14T18:00:00.000
8281021e29344f161fb3eb0541b5eabab737f370fd3da6013542d63fe8b3a904ca83d558f41eb5437f29f109f475d7f96e67d957cd41395ffcbd26e5d4106400;2025-06-14 17:47:00;20;NO CONTROLS;UNKNOWN;CLEAR;DAYLIGHT;SIDESWIPE SAME DIRECTION;ONE-WAY;STRAIGHT AND LEVEL;DRY;NO DEFECTS;NO INJURY / DRIVE AWAY;;;$500 OR LESS;UNABLE TO DETERMINE;UNABLE TO DETERMINE;3830;N;CHRISTIANA AVE;1733;;;;;;;2;NO INDICATION OF INJURY;0;0;0;0;0;2;0;17;7;6;41.951169439;-87.7117528158;{'type': 'Point', 'coordinates': [-87.711752815826, 41.951169439024]};ON SCENE;2025-06-14T18:43:00.000
657c680c8aa869d5e9bbfd1c6dbe7daedc74fd85fe260f7faf20a6c443d32209db2d88791c03546436d67016397b263f8831b023089199fb3f34ae3a6c2f0f6a;2025-06-14 17:46:00;30;NO CONTROLS;NO CONTROLS;CLEAR;DAYLIGHT;ANGLE;NOT DIVIDED;STRAIGHT AND LEVEL;UNKNOWN;NO DEFECTS;NO INJURY / DRIVE AWAY;;Y;OVER $1,500;UNABLE TO DETERMINE;UNABLE TO DETERMINE;4420;W;DIVISION ST;2533;;;;;;;2;NO INDICATION OF INJURY;0;0;0;0;0;3;0;17;7;6;41.9026062326;-87.7370079857;{'type': 'Point', 'coordinates': [-87.737007985703, 41.902606232598]};NOT ON SCENE (DESK REPORT);2025-06-14T18:40:00.000