crash_record_id;crash_date;posted_speed_limit;traffic_control_device;device_condition;weather_condition;lighting_condition;first_crash_type;trafficway_type;alignment;roadway_surface_cond;road_defect;crash_type;intersection_related_i;hit_and_run_i;damage;prim_contributory_cause;sec_contributory_cause;street_no;street_direction;street_name;beat_of_occurrence;photos_taken_i;statements_taken_i;dooring_i;work_zone_i;work_zone_type;workers_present_i;num_units;most_severe_injury;injuries_total;injuries_fatal;injuries_incapacitating;injuries_non_incapacitating;injuries_reported_not_evident;injuries_no_indication;injuries_unknown;crash_hour;crash_day_of_week;crash_month;latitude;longitude;location;report_type;date_police_notified
4cdccac4edda689ab11366c3d9201b7c2b04ea731b44ad4605d29a06357eaca0d5513fb432051fe7a2a8bd9a4ccb21e39f15b8924f53ee6105317e3eae046cb3;2025-06-14 13:30:00;10;NO CONTROLS;NO CONTROLS;CLEAR;DAYLIGHT;REAR TO SIDE;PARKING LOT;STRAIGHT AND LEVEL;DRY;NO DEFECTS;NO INJURY / DRIVE AWAY;;;OVER $1,500;IMPROPER BACKING;UNABLE TO DETERMINE;1600;W;IRVING PARK RD;1912;;;;;;;2;NO INDICATION OF INJURY;0;0;0;0;0;2;0;13;7;6;41.9543993037;-87.6691128654;{'type': 'Point', 'coordinates': [-87.669112865433, 41.954399303703]};NOT ON SCENE (DESK REPORT);2025-06-14T14:15:00.000
91a4d090d28fbb24f44100924d33a0ea7020ae55cb9f87ebc46b415ddd3c469193a457a9ce3ca47c09c09e061b648c67eed724a0c879ea8f22f55750399de901;2025-06-14 13:30:00;5;NO CONTROLS;NO CONTROLS;CLEAR;DAYLIGHT;PARKED MOTOR VEHICLE;PARKING LOT;STRAIGHT AND LEVEL;DRY;NO DEFECTS;INJURY AND / OR TOW DUE TO CRASH;;;OVER $1,500;NOT APPLICABLE;NOT APPLICABLE;1649;W;BELMONT AVE;1931;;;;;;;2;REPORTED, NOT EVIDENT;1;0;0;0;1;0;0;13;7;6;41.9395605457;-87.6705926939;{'type': 'Point', 'coordinates': [-87.670592693852, 41.939560545664]};ON SCENE;2025-06-14T13:32:00.000
94d9076e98fa6ee1f20cb190330db9849552442f6ec1d370a4567af55a710c5f70a5f595a16ad81b1d3abb24b4fcf513235464dda27cc86136bf8288048ecd3f;2025-06-14 13:30:00;30;TRAFFIC SIGNAL;FUNCTIONING PROPERLY;CLEAR;DAYLIGHT;SIDESWIPE SAME DIRECTION;DIVIDED - W/MEDIAN (NOT RAISED);STRAIGHT AND LEVEL;DRY;NO DEFECTS;NO INJURY / DRIVE AWAY;;;OVER $1,500;IMPROPER TURNING/NO SIGNAL;IMPROPER TURNING/NO SIGNAL;4220;S;CICERO AVE;814;;;;;;;2;NO INDICATION OF INJURY;0;0;0;0;0;2;0;13;7;6;41.8160753691;-87.7435199106;{'type': 'Point', 'coordinates': [-87.743519910624, 41.816075369098]};NOT ON SCENE (DESK REPORT);2025-06-15T08:45:00.000
ea1cf6a21c4a8b0df2c728041d087b910d458c38421764ef7a8ba620e3b7a9a09b8dcd49207226f57a98f3f2d0566d1bd41c2b8772f19a252d0ae617f319d0c8;2025-06-14 13:30:00;15;NO CONTROLS;NO CONTROLS;CLEAR;UNKNOWN;REAR END;PARKING LOT;STRAIGHT AND LEVEL;UNKNOWN;UNKNOWN;NO INJURY / DRIVE AWAY;;Y;OVER $1,500;DRIVING SKILLS/KNOWLEDGE/EXPERIENCE;NOT APPLICABLE;6201;S;WESTERN AVE;825;;;;;;;2;NO INDICATION OF INJURY;0;0;0;0;0;2;0;13;7;6;41.7809667787;-87.6835405562;{'type': 'Point', 'coordinates': [-87.683540556153, 41.780966778653]};NOT ON SCENE (DESK REPORT);2025-06-14T13:55:00.000
900b9d6b46be89902e8cc896e53dc2203d1faba28a5648c32be1b2d1a257c237c03947dfcc7d087dfa0b322076567d757038ac3e101fab489303d128ee6af16d;2025-06-14 13:19:00;30;TRAFFIC SIGNAL;FUNCTIONING PROPERLY;CLEAR;DAYLIGHT;TURNING;FOUR WAY;CURVE, LEVEL;DRY;NO DEFECTS;INJURY AND / OR TOW DUE TO CRASH;Y;Y;OVER $1,500;UNABLE TO DETERMINE;UNABLE TO DETERMINE;3717;S;ARCHER AVE;911;;;;;;;2;REPORTED, NOT EVIDENT;1;0;0;0;1;1;0;13;7;6;41.8258699491;-87.6847817943;{'type': 'Point', 'coordinates': [-87.684781794256, 41.825869949122]};ON SCENE;2025-06-14T13:24:00.000
be11ec856051ef33df170869cd399a7f8e7464c710ae429faffcb4ae552ee1934fad9e6f8a7a961afd9db26afcbb14d4ba841fc65e69a8bf6da7286a8967801c;2025-06-14 13:15:00;25;NO CONTROLS;NO CONTROLS;CLEAR;DAYLIGHT;ANGLE;NOT DIVIDED;STRAIGHT AND LEVEL;DRY;NO DEFECTS;NO INJURY / DRIVE AWAY;Y;;$501 - $1,500;UNABLE TO DETERMINE;UNABLE TO DETERMINE;5624;W;DIVERSEY AVE;2514;;;;;;;2;NO INDICATION OF INJURY;0;0;0;0;0;2;0;13;7;6;41.9313703061;-87.7674026541;{'type': 'Point', 'coordinates': [-87.767402654127, 41.931370306132]};NOT ON SCENE (DESK REPORT);2025-06-14T13:45:00.000
fe14123ac8b2982a649065342118d2c7ec2657560b509eb0096db801b2484a23ac0365e50c90d096f72e971369dfcb8da8b645fc8e38c5919f1a847b78b69876;2025-06-14 13:15:00;30;NO CONTROLS;NO CONTROLS;CLEAR;DAYLIGHT;PARKED MOTOR VEHICLE;DIVIDED - W/MEDIAN BARRIER;STRAIGHT AND LEVEL;UNKNOWN;UNKNOWN;NO INJURY / DRIVE AWAY;;Y;OVER $1,500;UNABLE TO DETERMINE;UNABLE TO DETERMINE;916;S;WESTERN AVE;1135;;;;;;;2;NO INDICATION OF INJURY;0;0;0;0;0;1;0;13;7;6;41.8696967585;-87.6862705665;{'type': 'Point', 'coordinates': [-87.686270566451, 41.869696758521]};NOT ON SCENE (DESK REPORT);2025-06-14T14:15:00.000
08a573146041514271dbfe8f9949bf10fafca7f77703ce99f219b86f3cbb2534dfd17857d641fb127b6e4b78d1abdfa528d08634d3b7ea9528c156c0c3b07b30;2025-06-14 13:14:00;30;STOP SIGN/FLASHER;NO CONTROLS;CLEAR;DAYLIGHT;ANGLE;FOUR WAY;STRAIGHT AND LEVEL;DRY;NO DEFECTS;NO INJURY / DRIVE AWAY;Y;Y;OVER $1,500;UNABLE TO DETERMINE;UNABLE TO DETERMINE;3000;S;PULASKI RD;1031;;;;;;;2;NO INDICATION OF INJURY;0;0;0;0;0;3;0;13;7;6;41.8386288473;-87.7245446928;{'type': 'Point', 'coordinates': [-87.724544692833, 41.838628847262]};ON SCENE;2025-06-14T13:18:00.000
8314d58771b4bef586fbfe7f838e66a337d58c5192d877e94981582526c33839dad74a5f4285d9a9ab34eccb1c379f743de5b110639af7155d267379353583d6;2025-06-14 13:00:00;30;NO CONTROLS;NO CONTROLS;CLEAR;DAYLIGHT;SIDESWIPE SAME DIRECTION;ONE-WAY;STRAIGHT AND LEVEL;UNKNOWN;UNKNOWN;NO INJURY / DRIVE AWAY;;;OVER $1,500;FAILING TO YIELD RIGHT-OF-WAY;FAILING TO REDUCE SPEED TO AVOID CRASH;441;E;ERIE ST;1834;;;;;;;2;NO INDICATION OF INJURY;0;0;0;0;0;2;0;13;7;6;41.8941611551;-87.6162020127;{'type': 'Point', 'coordinates': [-87.616202012684, 41.89416115508]};NOT ON SCENE (DESK REPORT);2025-06-14T14:55:00.000
cc27dabb16ab114526328133acc8d0bb97618ae0b4f918f8d6712b0be2c2eb422882adddbd86e62e121c76f5d989774b6b0c691e42acf55dda8b4459e85bd2a5;2025-06-14 13:00:00;30;NO CONTROLS;NO CONTROLS;CLEAR;DAYLIGHT;ANGLE;ONE-WAY;STRAIGHT AND LEVEL;UNKNOWN;UNKNOWN;NO INJURY / DRIVE AWAY;;;OVER $1,500;UNABLE TO DETERMINE;UNABLE TO DETERMINE;4507;N;RAVENSWOOD AVE;1912;;;;;;;2;NO INDICATION OF INJURY;0;0;0;0;0;2;0;13;7;6;41.9636122074;-87.6738869105;{'type': 'Point', 'coordinates': [-87.673886910547, 41.963612207421]};NOT ON SCENE (DESK REPORT);2025-06-14T13:35:00.000
87ba7e78a8c54c193ab44b53dbf66d9a6d275fa0319a605d815d312c6b9ebc4e77a2e1cb12e58dce8c4f482a774d2f16d0e8bceae9d260ccf29d1c6dd2bf6f0b;2025-06-14 12:56:00;30;PEDESTRIAN CROSSING SIGN;FUNCTIONING PROPERLY;CLEAR;DAYLIGHT;REAR END;NOT DIVIDED;STRAIGHT AND LEVEL;DRY;NO DEFECTS;INJURY AND / OR TOW DUE TO CRASH;;Y;OVER $1,500;IMPROPER OVERTAKING/PASSING;NOT APPLICABLE;530;E;71ST ST;322;;;;;;;2;REPORTED, NOT EVIDENT;1;0;0;0;1;2;0;12;7;6;41.7658816357;-87.6117005008;{'type': 'Point', 'coordinates': [-87.611700500836, 41.765881635728]};NOT ON SCENE (DESK REPORT);2025-06-14T13:30:00.000
919918622dffd017f6a18b65eee87c5574f67b0e77414289e47fd62bc3166a40d73d0011752c9e9392ebeceacbd0bb216d68663f8559ed32b055baa6a66b08c2;2025-06-14 12:56:00;30;TRAFFIC SIGNAL;FUNCTIONING PROPERLY;CLEAR;DAYLIGHT;PEDALCYCLIST;FIVE POINT, OR MORE;STRAIGHT AND LEVEL;DRY;UNKNOWN;INJURY AND / OR TOW DUE TO CRASH;Y;;$500 OR LESS;FAILING TO YIELD RIGHT-OF-WAY;UNABLE TO DETERMINE;2200;N;LINCOLN AVE;1812;;;;;;;2;NONINCAPACITATING INJURY;1;0;0;1;0;1;0;12;7;6;41.9218969991;-87.6440133459;{'type': 'Point', 'coordinates': [-87.644013345947, 41.921896999083]};ON SCENE;2025-06-14T13:04:00.000
c4d158eb428022447569ac556e3e33b231464aca27888cc412574c6cb59e8276fbc0e1bb03f680eb742ba5ab72d9bef400216d778b97eeef817ad382502dac8f;2025-06-14 12:50:00;30;UNKNOWN;UNKNOWN;CLEAR;DAYLIGHT;SIDESWIPE SAME DIRECTION;NOT DIVIDED;STRAIGHT AND LEVEL;UNKNOWN;UNKNOWN;NO INJURY / DRIVE AWAY;;;OVER $1,500;UNABLE TO DETERMINE;UNABLE TO DETERMINE;700;N;MICHIGAN AVE;1834;;;;;;;2;NO INDICATION OF INJURY;0;0;0;0;0;2;0;12;7;6;41.8949795111;-87.6243999705;{'type': 'Point', 'coordinates': [-87.624399970455, 41.8949795111]};NOT ON SCENE (DESK REPORT);2025-06-14T14:10:00.000
d4ea65a644d3bdea53b38d661b275d41bd9af4057c51b57a1e6b700d0c62abe6a9e5e85fbe22bbada42a31cc9538ecea01f3ff31462a80a41161ac0a121749ef;2025-06-14 12:46:00;30;NO CONTROLS;NO CONTROLS;CLEAR;DAYLIGHT;REAR END;PARKING LOT;STRAIGHT AND LEVEL;DRY;NO DEFECTS;NO INJURY / DRIVE AWAY;;;$501 - $1,500;FOLLOWING TOO CLOSELY;NOT APPLICABLE;6057;S;WESTERN AVE;825;;;;;;;2;NO INDICATION OF INJURY;0;0;0;0;0;3;0;12;7;6;41.7830611377;-87.6835988697;{'type': 'Point', 'coordinates': [-87.683598869666, 41.783061137661]};NOT ON SCENE (DESK REPORT);2025-06-14T13:46:00.000
7bfefc118e199caa3f09f4fe811836d6120acf1fb834ae3f4bf465b7e532ba6e66dd91974f79e04657c88cb7e7a791d341e4437d3ce3827a91606c9268f22264;2025-06-14 12:44:00;30;TRAFFIC SIGNAL;FUNCTIONING PROPERLY;CLEAR;DAYLIGHT;TURNING;DIVIDED - W/MEDIAN (NOT RAISED);STRAIGHT AND LEVEL;DRY;NO DEFECTS;INJURY AND / OR TOW DUE TO CRASH;Y;;OVER $1,500;UNABLE TO DETERMINE;UNABLE TO DETERMINE;735;S;CICERO AVE;1131;;;;;;;2;REPORTED, NOT EVIDENT;3;0;0;0;3;0;0;12;7;6;41.8711976366;-87.7447787507;{'type': 'Point', 'coordinates': [-87.744778750737, 41.871197636587]};ON SCENE;2025-06-14T12:44:00.000
a6fa5ab3cc1133abed18b7aa3cde315f1983a9a3e3cef032d4774be1964287274df9d985aeb27223f0663ba859ae42bf12ef14ac7fee2c6a630433fade7dc6e6;2025-06-14 12:40:00;30;TRAFFIC SIGNAL;FUNCTIONING PROPERLY;CLOUDY/OVERCAST;DAYLIGHT;TURNING;DIVIDED - W/MEDIAN (NOT RAISED);STRAIGHT AND LEVEL;DRY;NO DEFECTS;NO INJURY / DRIVE AWAY;Y;;OVER $1,500;UNABLE TO DETERMINE;NOT APPLICABLE;3845;N;PULASKI RD;1732;;;;;;;2;NO INDICATION OF INJURY;0;0;0;0;0;2;0;12;7;6;41.9512866129;-87.7273938876;{'type': 'Point', 'coordinates': [-87.727393887574, 41.951286612896]};NOT ON SCENE (DESK REPORT);2025-06-14T13:10:00.000
105c04cd790734e95aafaf020737d8dd78d19fd18bdfc5c8b8115d05e8388c1a7e7cab66f6ce4961d39c66e06d869d4e5ec8a88b692384fe115d5b8abd3398c3;2025-06-14 12:30:00;30;TRAFFIC SIGNAL;FUNCTIONING PROPERLY;CLEAR;DAYLIGHT;ANGLE;FOUR WAY;STRAIGHT AND LEVEL;DRY;UNKNOWN;NO INJURY / DRIVE AWAY;Y;;OVER $1,500;UNABLE TO DETERMINE;UNABLE TO DETERMINE;600;W;VAN BUREN ST;121;;Y;;;;;2;NO INDICATION OF INJURY;0;0;0;0;0;2;0;12;7;6;41.8768417103;-87.6425734101;{'type': 'Point', 'coordinates': [-87.642573410054, 41.876841710277]};NOT ON SCENE (DESK REPORT);2025-06-15T17:00:00.000
3dd531a25d2fa803808e240a86d23a2e778c417dc317e994620fec376da2210054717845356ebd1de652086c79b6f8fa448b662ee2a2becca07f67f54f2ca46a;2025-06-14 12:30:00;35;TRAFFIC SIGNAL;FUNCTIONING PROPERLY;CLEAR;DAYLIGHT;TURNING;NOT DIVIDED;STRAIGHT AND LEVEL;DRY;NO DEFECTS;NO INJURY / DRIVE AWAY;;;OVER $1,500;DRIVING SKILLS/KNOWLEDGE/EXPERIENCE;UNABLE TO DETERMINE;9300;S;STONY ISLAND AVE;413;;;;;;;2;NO INDICATION OF INJURY;0;0;0;0;0;2;0;12;7;6;41.7258881;-87.5855587858;{'type': 'Point', 'coordinates': [-87.585558785787, 41.725888099989]};NOT ON SCENE (DESK REPORT);2025-06-14T13:00:00.000
92069315ff063a04b470db837807fac3137c8c28bd7257d0a03a94863698da5028aef125a0f593d4847dd3b163038a94a617a9a33e8f697b2792fd1360fadd45;2025-06-14 12:30:00;30;NO CONTROLS;NO CONTROLS;CLEAR;DAYLIGHT;REAR END;DIVIDED - W/MEDIAN (NOT RAISED);STRAIGHT AND LEVEL;DRY;NO DEFECTS;NO INJURY / DRIVE AWAY;;;$500 OR LESS;NOT APPLICABLE;NOT APPLICABLE;6017;W;BELMONT AVE;2511;;;;;;;2;NO INDICATION OF INJURY;0;0;0;0;0;2;0;12;7;6;41.9383288326;-87.7769369045;{'type': 'Point', 'coordinates': [-87.77693690447, 41.938328832565]};ON SCENE;2025-06-14T12:30:00.000
dbd4f144e46d5de53a20c32dd43cfd657ed28d57a777425cee7660e56e7ac9d9a75e1e1df0df7002efcfe7a961c60e2015374acf6c4173c819a58614ac8ba578;2025-06-14 12:30:00;30;NO CONTROLS;NO CONTROLS;CLEAR;DAYLIGHT;TURNING;NOT DIVIDED;STRAIGHT AND LEVEL;DRY;NO DEFECTS;NO INJURY / DRIVE AWAY;;;OVER $1,500;IMPROPER LANE USAGE;UNABLE TO DETERMINE;2701;N;WESTERN AVE;1432;;;;;;;2;NO INDICATION OF INJURY;0;0;0;0;0;2;0;12;7;6;41.9304460869;-87.6876971843;{'type': 'Point', 'coordinates': [-87.687697184257, 41.930446086925]};NOT ON SCENE (DESK REPORT);2025-06-14T12:50:00.000
e50dd4941ccf6e24d9e43ce48f3689dccfb5894a2b55f77144b9531537885910fdf323f793d61691d89dc85efca6e0ff215f60ccaac8e2291dcdeaa53a2a8236;2025-06-14 12:30:00;30;NO CONTROLS;NO CONTROLS;CLEAR;DAYLIGHT;SIDESWIPE SAME DIRECTION;DIVIDED - W/MEDIAN (NOT RAISED);STRAIGHT AND LEVEL;DRY;NO DEFECTS;NO INJURY / DRIVE AWAY;;Y;OVER $1,500;UNABLE TO DETERMINE;NOT APPLICABLE;6278;W;NORTH AVE;2513;;;;;;;2;NO INDICATION OF INJURY;0;0;0;0;0;3;0;12;7;6;41.9092806826;-87.7832216417;{'type': 'Point', 'coordinates': [-87.783221641656, 41.909280682623]};NOT ON SCENE (DESK REPORT);2025-06-14T13:11:00.000
38fba875529ddc88370875eec483e4a1b7782f1f9fcd5cfb0226dc133aa0f009a5ed3f877cc949c5a66044f52dd63dc0771db7bd5a6c35e0c692a00bee7f6bbb;2025-06-14 12:24:00;30;STOP SIGN/FLASHER;FUNCTIONING PROPERLY;CLEAR;DAYLIGHT;TURNING;FOUR WAY;STRAIGHT AND LEVEL;DRY;UNKNOWN;INJURY AND / OR TOW DUE TO CRASH;Y;;OVER $1,500;IMPROPER OVERTAKING/PASSING;NOT APPLICABLE;5300;N;ASHLAND AVE;2012;;;;;;;2;NONINCAPACITATING INJURY;1;0;0;1;0;1;0;12;7;6;41.9780434822;-87.669811924;{'type': 'Point', 'coordinates': [-87.669811924009, 41.978043482206]};ON SCENE;2025-06-14T12:24:00.000
44a5f3ba8152060474f132c127ca475023017e443f3b44f03a9f1a607d022f51ef34facbc33d2fca9af85575e4193ec0ce8526acb8e6d0bff7e32a1a7035c81e;2025-06-14 12:13:00;30;TRAFFIC SIGNAL;UNKNOWN;CLEAR;DAYLIGHT;PEDALCYCLIST;NOT DIVIDED;STRAIGHT AND LEVEL;DRY;NO DEFECTS;INJURY AND / OR TOW DUE TO CRASH;Y;Y;$500 OR LESS;FAILING TO YIELD RIGHT-OF-WAY;UNABLE TO DETERMINE;3149;N;SHEFFIELD AVE;1933;;;;;;;2;NONINCAPACITATING INJURY;1;0;0;1;0;3;0;12;7;6;41.9395324641;-87.6539459122;{'type': 'Point', 'coordinates': [-87.653945912177, 41.939532464126]};NOT ON SCENE (DESK REPORT);2025-06-14T12:49:00.000
2059b159fec96da66b6bcc6466a2b8e3c71f1b9cd0af682b63e92a06efa2e4a1181835e2b61446b82e0e46ab8d1882f7d26c019b19b24eb4fac13f77a07b315b;2025-06-14 12:05:00;30;NO CONTROLS;NO CONTROLS;CLEAR;DAYLIGHT;SIDESWIPE SAME DIRECTION;NOT DIVIDED;STRAIGHT AND LEVEL;DRY;NO DEFECTS;NO INJURY / DRIVE AWAY;;;OVER $1,500;FAILING TO YIELD RIGHT-OF-WAY;FAILING TO REDUCE SPEED TO AVOID CRASH;319;W;GRAND AVE;1831;;;;;;;2;NO INDICATION OF INJURY;0;0;0;0;0;2;0;12;7;6;41.8914427883;-87.6363829462;{'type': 'Point', 'coordinates': [-87.63638294622, 41.891442788293]};NOT ON SCENE (DESK REPORT);2025-06-14T12:45:00.000
c38439fa401f306f6fdca82f5601fa81bc1b90dc24336c736d269b5ea65ceb57b875fe3a3ebdbff80ae2340b7b7cd94b48e2dbb9180d3b714b73a7f47c93e5ff;2025-06-14 12:05:00;30;TRAFFIC SIGNAL;FUNCTIONING PROPERLY;CLOUDY/OVERCAST;DAYLIGHT;TURNING;DIVIDED - W/MEDIAN BARRIER;STRAIGHT AND LEVEL;DRY;UNKNOWN;NO INJURY / DRIVE AWAY;N;;OVER $1,500;IMPROPER TURNING/NO SIGNAL;IMPROPER LANE USAGE;700;N;MICHIGAN AVE;1834;;;;;;;2;NO INDICATION OF INJURY;0;0;0;0;0;4;0;12;7;6;41.8949795111;-87.6243999705;{'type': 'Point', 'coordinates': [-87.624399970455, 41.8949795111]};NOT ON SCENE (DESK REPORT);2025-06-14T12:50:00.000
5550b6d65f2a2265e6cb56548420e8560159dd0364d324b1e15dfc4649f73880f4de30b22be792ea7ae3b8b42a4a23dff770c197c922f42327bcc028696c27da;2025-06-14 12:00:00;30;TRAFFIC SIGNAL;FUNCTIONING PROPERLY;CLEAR;DAYLIGHT;PARKED MOTOR VEHICLE;NOT DIVIDED;STRAIGHT AND LEVEL;DRY;NO DEFECTS;NO INJURY / DRIVE AWAY;;;$500 OR LESS;DRIVING SKILLS/KNOWLEDGE/EXPERIENCE;NOT APPLICABLE;1353;S;WABASH AVE;131;;;;;;;2;NO INDICATION OF INJURY;0;0;0;0;0;1;0;12;7;6;41.8642632747;-87.6256076591;{'type': 'Point', 'coordinates': [-87.625607659077, 41.864263274708]};NOT ON SCENE (DESK REPORT);2025-06-16T16:00:00.000
72ec8d36e7ed4a707718b7543cd60c0a5b3408449442e3bf61f0a0393d311517efe79ec2773e5b401b1b10ea53579217b728858846d0103aa0e48adf69c74e49;2025-06-14 12:00:00;10;NO CONTROLS;NO CONTROLS;CLEAR;DAYLIGHT;ANGLE;PARKING LOT;STRAIGHT AND LEVEL;DRY;NO DEFECTS;NO INJURY / DRIVE AWAY;;;OVER $1,500;DRIVING SKILLS/KNOWLEDGE/EXPERIENCE;UNABLE TO DETERMINE;1130;S;CANAL ST;124;;;;;;;2;NO INDICATION OF INJURY;0;0;0;0;0;2;0;12;7;6;41.868082661;-87.6393654159;{'type': 'Point', 'coordinates': [-87.639365415895, 41.868082660987]};NOT ON SCENE (DESK REPORT);2025-06-14T13:15:00.000
9bc0d6eb64321700f847ccc35dcb5f511050229074ced8d89da3f037df97d3d181dab297469f9189450ea76c1280be3512f602f60b843e19cbc9b00e39fdc480;2025-06-14 12:00:00;30;TRAFFIC SIGNAL;FUNCTIONING PROPERLY;CLEAR;DAYLIGHT;ANGLE;NOT DIVIDED;STRAIGHT AND LEVEL;DRY;NO DEFECTS;NO INJURY / DRIVE AWAY;;Y;OVER $1,500;FAILING TO YIELD RIGHT-OF-WAY;FAILING TO YIELD RIGHT-OF-WAY;23;E;87TH ST;632;;;;;;;2;NO INDICATION OF INJURY;0;0;0;0;0;2;0;12;7;6;41.7362386229;-87.6231618647;{'type': 'Point', 'coordinates': [-87.623161864654, 41.736238622863]};NOT ON SCENE (DESK REPORT);2025-06-14T18:45:00.000
db75c92fe77969dcb7c580486af0085638ab7027bed86e37e201c3afe693583c29f3962d7c125c736ea4c116645f5cb6f9b79e5da29e48436c5176730096e1d0;2025-06-14 12:00:00;30;TRAFFIC SIGNAL;NO CONTROLS;CLEAR;DAYLIGHT;TURNING;NOT DIVIDED;STRAIGHT AND LEVEL;DRY;NO DEFECTS;NO INJURY / DRIVE AWAY;Y;;OVER $1,500;FAILING TO YIELD RIGHT-OF-WAY;IMPROPER TURNING/NO SIGNAL;2298;W;MADISON ST;1223;;;;;;;2;NO INDICATION OF INJURY;0;0;0;0;0;3;0;12;7;6;41.8813122492;-87.6838415321;{'type': 'Point', 'coordinates': [-87.68384153206, 41.8813122492]};ON SCENE;2025-06-14T12:03:00.000
19956db9d6e2ff14697bdb7d5825345ccb1d6a5b5fbcc06df4b64ad2aa9f7e203e418d916ca779fd1b57bf15711cdea9ecf808948b1c03912579fdc7196ec854;2025-06-14 11:59:00;25;NO CONTROLS;UNKNOWN;CLEAR;DAYLIGHT;SIDESWIPE SAME DIRECTION;NOT DIVIDED;STRAIGHT AND LEVEL;DRY;UNKNOWN;NO INJURY / DRIVE AWAY;;;$501 - $1,500;IMPROPER OVERTAKING/PASSING;FOLLOWING TOO CLOSELY;337;W;ONTARIO ST;1831;;;;;;;2;NO INDICATION OF INJURY;0;0;0;0;0;2;0;11;7;6;41.8930371956;-87.6370042232;{'type': 'Point', 'coordinates': [-87.637004223232, 41.893037195577]};ON SCENE;2025-06-14T11:59:00.000
aa82843840eb3a901cc8ee5071d9a92e1c1af53471dca27ff5e02baaf2e5e3f0ea50690143ae584b333a84dba6b1d24bd6e83e64942164bc42337dbebd8febf6;2025-06-14 11:50:00;30;STOP SIGN/FLASHER;FUNCTIONING PROPERLY;CLEAR;DAYLIGHT;REAR END;RAMP;STRAIGHT AND LEVEL;DRY;NO DEFECTS;INJURY AND / OR TOW DUE TO CRASH;;Y;OVER $1,500;FAILING TO YIELD RIGHT-OF-WAY;DISREGARDING STOP SIGN;4702;S;LAKE SHORE DR NB;222;;;;;;;2;NO INDICATION OF INJURY;0;0;0;0;0;2;0;11;7;6;41.8105285556;-87.5893265095;{'type': 'Point', 'coordinates': [-87.589326509468, 41.810528555609]};ON SCENE;2025-06-14T11:59:00.000
d4cb8d11fd9b9a55ac7a81c47681aa3424836aaf380749f29c1f87ea6667ba8d57e3d9558c46d26e138dc6e9a7dc4d84d65e80e38ded7bca2ec53d519a3ce4ba;2025-06-14 11:50:00;30;TRAFFIC SIGNAL;FUNCTIONING PROPERLY;CLEAR;DARKNESS, LIGHTED ROAD;REAR END;DIVIDED - W/MEDIAN BARRIER;STRAIGHT AND LEVEL;DRY;NO DEFECTS;INJURY AND / OR TOW DUE TO CRASH;;Y;OVER $1,500;FAILING TO REDUCE SPEED TO AVOID CRASH;NOT APPLICABLE;261;W;CERMAK RD;914;;;;;;;2;REPORTED, NOT EVIDENT;2;0;0;0;2;3;0;11;7;6;41.8527185382;-87.6343807507;{'type': 'Point', 'coordinates': [-87.634380750674, 41.852718538227]};NOT ON SCENE (DESK REPORT);2025-06-15T00:03:00.000
32861482bc35183be5262ff3a35b84d6dc7d7af672f1f047803d7c8c68805a9ce7dfe03243e0ab54770b419200845f5de103f0ca65a74713b42e1bcdb16192ba;2025-06-14 11:45:00;30;TRAFFIC SIGNAL;FUNCTIONING PROPERLY;CLEAR;DAYLIGHT;TURNING;FOUR WAY;STRAIGHT AND LEVEL;DRY;NO DEFECTS;INJURY AND / OR TOW DUE TO CRASH;Y;;OVER $1,500;IMPROPER TURNING/NO SIGNAL;DISTRACTION - FROM INSIDE VEHICLE;200;S;COLUMBUS DR;114;;;;;;;2;REPORTED, NOT EVIDENT;2;0;0;0;2;1;0;11;7;6;41.8795361677;-87.6208945286;{'type': 'Point', 'coordinates': [-87.62089452856, 41.879536167659]};ON SCENE;2025-06-14T11:45:00.000
c61dab829e3f87e82b9e099c03bf8e1d4efef318bfdbfd7ad09a614c27d638068d81e87873c49948733515ce28044cf922204bb8ba14504e465d0e7456391ea8;2025-06-14 11:43:00;30;TRAFFIC SIGNAL;FUNCTIONING PROPERLY;CLEAR;DAYLIGHT;ANGLE;FOUR WAY;STRAIGHT AND LEVEL;UNKNOWN;UNKNOWN;NO INJURY / DRIVE AWAY;;Y;OVER $1,500;DISREGARDING TRAFFIC SIGNALS;UNABLE TO DETERMINE;2800;W;BELMONT AVE;1733;;;;;;;2;NO INDICATION OF INJURY;0;0;0;0;0;2;0;11;7;6;41.9395023808;-87.697849374;{'type': 'Point', 'coordinates': [-87.697849374016, 41.939502380809]};NOT ON SCENE (DESK REPORT);2025-06-14T12:20:00.000