crash_record_id;crash_date;posted_speed_limit;traffic_control_device;device_condition;weather_condition;lighting_condition;first_crash_type;trafficway_type;alignment;roadway_surface_cond;road_defect;crash_type;intersection_related_i;hit_and_run_i;damage;prim_contributory_cause;sec_contributory_cause;street_no;street_direction;street_name;beat_of_occurrence;photos_taken_i;statements_taken_i;dooring_i;work_zone_i;work_zone_type;workers_present_i;num_units;most_severe_injury;injuries_total;injuries_fatal;injuries_incapacitating;injuries_non_incapacitating;injuries_reported_not_evident;injuries_no_indication;injuries_unknown;crash_hour;crash_day_of_week;crash_month;latitude;longitude;location;report_type;date_police_notified
20c71711bce53f88950f11be647e1cee14a25fc74270e7b58885fc811670f821aaf1bc0d40538ef3a273bdc684099c4d54c7ac597fde8344d4ec9bdf78adcee0;2025-06-14 11:40:00;35;TRAFFIC SIGNAL;FUNCTIONING PROPERLY;CLEAR;DAYLIGHT;ANGLE;Y-INTERSECTION;STRAIGHT AND LEVEL;DRY;NO DEFECTS;INJURY AND / OR TOW DUE TO CRASH;Y;;$500 OR LESS;DISREGARDING TRAFFIC SIGNALS;NOT APPLICABLE;5200;N;WASHTENAW AVE;2011;;Y;;;;;2;NONINCAPACITATING INJURY;2;0;0;2;0;1;0;11;7;6;41.9758796224;-87.6966328116;{'type': 'Point', 'coordinates': [-87.696632811649, 41.975879622396]};ON SCENE;2025-06-14T11:40:00.000
2a6947e356dfc488ff2efa0f1799c937b50302b1c763287b938d78c98e50fb1782e6d8acbba79ac18ae01fe4af96ae1cc4525c63916fd3197fd66443cda1110a;2025-06-14 11:30:00;15;NO CONTROLS;NO CONTROLS;CLEAR;DAYLIGHT;TURNING;NOT DIVIDED;STRAIGHT AND LEVEL;DRY;NO DEFECTS;NO INJURY / DRIVE AWAY;;;OVER $1,500;UNABLE TO DETERMINE;UNABLE TO DETERMINE;6500;W;DIVERSEY AVE;2511;;;;;;;2;NO INDICATION OF INJURY;0;0;0;0;0;2;0;11;7;6;41.9310652954;-87.7881976324;{'type': 'Point', 'coordinates': [-87.788197632376, 41.931065295397]};NOT ON SCENE (DESK REPORT);2025-06-14T12:45:00.000
52c6c238a363310d5a760282f13c2bd2837a2b53436f0e81a664270db006965d309ab553b4b8418aee2ee1b3107473c0826d75977833e3fcf5489c73d81635ca;2025-06-14 11:30:00;10;NO CONTROLS;NO CONTROLS;CLEAR;DAYLIGHT;REAR TO REAR;PARKING LOT;STRAIGHT AND LEVEL;DRY;NO DEFECTS;NO INJURY / DRIVE AWAY;;;$500 OR LESS;UNABLE TO DETERMINE;UNABLE TO DETERMINE;3951;W;103RD ST;2211;;;;;;;2;NO INDICATION OF INJURY;0;0;0;0;0;2;0;11;7;6;41.7057696614;-87.7205329374;{'type': 'Point', 'coordinates': [-87.720532937399, 41.705769661372]};NOT ON SCENE (DESK REPORT);2025-06-14T11:50:00.000
91c807f1c31515b2105c2273479efed298ecfe49c26d24424478eb66dd93dba54ee7ce53ccb18c1fcf77d4c5bbee3e3a63cd82b0765192a991bb7000a32b9dee;2025-06-14 11:30:00;30;TRAFFIC SIGNAL;FUNCTIONING PROPERLY;CLOUDY/OVERCAST;DAYLIGHT;TURNING;NOT DIVIDED;STRAIGHT AND LEVEL;DRY;UNKNOWN;NO INJURY / DRIVE AWAY;Y;;OVER $1,500;UNABLE TO DETERMINE;NOT APPLICABLE;800;W;35TH ST;913;;;;;;;2;NO INDICATION OF INJURY;0;0;0;0;0;4;0;11;7;6;41.8308591972;-87.6461889219;{'type': 'Point', 'coordinates': [-87.646188921916, 41.830859197227]};NOT ON SCENE (DESK REPORT);2025-06-14T12:15:00.000
ba59bb666b88c4ce806c73ac27f0f27affb04057f37517ee8b68050233aac414640af704bdfe8a6f69ba18b6d97f036b9b5230110057745788d8a3ac2e37a30b;2025-06-14 11:30:00;30;NO CONTROLS;NO CONTROLS;CLEAR;DAYLIGHT;PARKED MOTOR VEHICLE;ONE-WAY;STRAIGHT AND LEVEL;DRY;NO DEFECTS;NO INJURY / DRIVE AWAY;;;$500 OR LESS;DRIVING SKILLS/KNOWLEDGE/EXPERIENCE;NOT APPLICABLE;219;W;ERIE ST;1831;;;;;;;2;NO INDICATION OF INJURY;0;0;0;0;0;1;0;11;7;6;41.8938695004;-87.6349680771;{'type': 'Point', 'coordinates': [-87.634968077116, 41.893869500414]};NOT ON SCENE (DESK REPORT);2025-06-14T12:42:00.000
c8580be38ea344780cdd016aaf8111f5f725ba14bc49a0ea591c21de3d8847663052dd13996dba866cf408d6a9e09beebfc2ec01552d7092a18a7998ee87c25c;2025-06-14 11:25:00;15;NO CONTROLS;NO CONTROLS;CLEAR;DAYLIGHT;SIDESWIPE SAME DIRECTION;PARKING LOT;STRAIGHT AND LEVEL;DRY;NO DEFECTS;NO INJURY / DRIVE AWAY;;;OVER $1,500;FAILING TO YIELD RIGHT-OF-WAY;NOT APPLICABLE;4000;W;NORTH AVE;2534;;;;;;;2;NO INDICATION OF INJURY;0;0;0;0;0;2;0;11;7;6;41.9099955816;-87.7263946932;{'type': 'Point', 'coordinates': [-87.726394693215, 41.909995581605]};NOT ON SCENE (DESK REPORT);2025-06-16T11:30:00.000
50eb1bf7d2787c46ccc0eb7d4f083fc755b5c2c3de472787850fa6d65fe2808bd4c38a41b20947afeddb7e8005a1959d823dd525dd1ba484eb110ada809ba7e0;2025-06-14 11:24:00;30;TRAFFIC SIGNAL;FUNCTIONING PROPERLY;CLEAR;DAYLIGHT;REAR END;DIVIDED - W/MEDIAN (NOT RAISED);STRAIGHT AND LEVEL;DRY;NO DEFECTS;NO INJURY / DRIVE AWAY;Y;Y;$501 - $1,500;UNABLE TO DETERMINE;UNABLE TO DETERMINE;143;W;DIVISION ST;1824;;;;;;;2;NO INDICATION OF INJURY;0;0;0;0;0;2;0;11;7;6;41.9037654482;-87.6330724711;{'type': 'Point', 'coordinates': [-87.633072471053, 41.903765448153]};ON SCENE;2025-06-14T11:34:00.000
e322fa03115e4a6040b4261c0ca49f5b78d040bd04366cb81b9830c2a2e9ae388df9b9bc6e3592846f807826faedd5c980da93b27ba0d2b8c5219a462c97eb0e;2025-06-14 11:20:00;30;NO CONTROLS;NO CONTROLS;CLEAR;DAYLIGHT;SIDESWIPE SAME DIRECTION;T-INTERSECTION;STRAIGHT AND LEVEL;DRY;NO DEFECTS;INJURY AND / OR TOW DUE TO CRASH;Y;;OVER $1,500;FAILING TO YIELD RIGHT-OF-WAY;UNABLE TO DETERMINE;210;W;22ND PL;914;;;;;;;2;NO INDICATION OF INJURY;0;0;0;0;0;2;0;11;7;6;41.8522720497;-87.6325068954;{'type': 'Point', 'coordinates': [-87.632506895415, 41.852272049672]};ON SCENE;2025-06-14T11:30:00.000
a0672f097ab25e22900540ee6edc9239f03b8229605ccab20e3418d67dd0f1719863b050ceb40227ac09870d74df358040c90357b6ee784e5a7fec91c3f7c34b;2025-06-14 11:10:00;30;TRAFFIC SIGNAL;FUNCTIONING PROPERLY;CLEAR;DAYLIGHT;REAR END;NOT DIVIDED;STRAIGHT AND LEVEL;DRY;NO DEFECTS;INJURY AND / OR TOW DUE TO CRASH;;Y;OVER $1,500;FOLLOWING TOO CLOSELY;UNABLE TO DETERMINE;1346;W;DEVON AVE;2432;;;;;;;2;INCAPACITATING INJURY;1;0;1;0;0;2;0;11;7;6;41.9982528439;-87.6648696708;{'type': 'Point', 'coordinates': [-87.664869670806, 41.998252843851]};ON SCENE;2025-06-14T11:15:00.000
d21bbd1d1c36ddeb3e83d5b1cfa6bccfbb38fd72fd078e61d42d6a525c5ff5e021ad9dec3f8d7dca083de5fa64a4553d17fab28ce6098224ab96da6bc47bbf40;2025-06-14 11:00:00;20;NO CONTROLS;NO CONTROLS;CLEAR;DAYLIGHT;PARKED MOTOR VEHICLE;ONE-WAY;STRAIGHT AND LEVEL;DRY;NO DEFECTS;NO INJURY / DRIVE AWAY;;Y;OVER $1,500;UNABLE TO DETERMINE;UNABLE TO DETERMINE;3329;W;62ND ST;823;;;;;;;2;NO INDICATION OF INJURY;0;0;0;0;0;1;0;11;7;6;41.7806340501;-87.7067869213;{'type': 'Point', 'coordinates': [-87.706786921259, 41.780634050138]};ON SCENE;2025-06-14T12:14:00.000
6bbfd517967a59a989378cc8cda12f763c4a54adcd2845e310b72e7714de5b5ecf42ec4aeeca19292e00211b5bbfcfa5cf2042d9e977d9c59479148fe2c12068;2025-06-14 10:50:00;30;NO CONTROLS;NO CONTROLS;OTHER;DAYLIGHT;REAR END;ONE-WAY;STRAIGHT AND LEVEL;WET;NO DEFECTS;NO INJURY / DRIVE AWAY;;Y;$500 OR LESS;DRIVING SKILLS/KNOWLEDGE/EXPERIENCE;NOT APPLICABLE;818;S;CICERO AVE;1533;;;;;;;2;NO INDICATION OF INJURY;0;0;0;0;0;2;0;10;7;6;41.8697369512;-87.7450226977;{'type': 'Point', 'coordinates': [-87.745022697676, 41.869736951221]};ON SCENE;2025-06-14T11:06:00.000
6077b9fdf92bfba11b31e0ea1252972428d45538ef5fade85f010a89e9b29b1162887066afb1e29fcdcffd3bdaf6b528b091c9a76f71c2b51813dc74c9af61c2;2025-06-14 10:45:00;30;STOP SIGN/FLASHER;FUNCTIONING PROPERLY;CLEAR;DAYLIGHT;TURNING;NOT DIVIDED;STRAIGHT AND LEVEL;DRY;NO DEFECTS;NO INJURY / DRIVE AWAY;Y;;OVER $1,500;FAILING TO YIELD RIGHT-OF-WAY;FAILING TO YIELD RIGHT-OF-WAY;1098;W;103RD ST;2232;;;;;;;2;NO INDICATION OF INJURY;0;0;0;0;0;2;0;10;7;6;41.7069626705;-87.6500670833;{'type': 'Point', 'coordinates': [-87.65006708333, 41.706962670456]};ON SCENE;2025-06-14T11:05:00.000
a281be6fd5311bf7b6bc0bd946cf8a9d8441050943aafea2d8e006ef9a89d882e4654d1d5c86e39176578a70c1b29b15bcfa63ab501b34eb32689c78bd51a3be;2025-06-14 10:45:00;20;NO CONTROLS;NO CONTROLS;FOG/SMOKE/HAZE;DAYLIGHT;REAR END;ONE-WAY;STRAIGHT AND LEVEL;DRY;NO DEFECTS;NO INJURY / DRIVE AWAY;;;$501 - $1,500;IMPROPER BACKING;IMPROPER BACKING;7130;S;SANGAMON ST;733;;;;;;;2;NO INDICATION OF INJURY;0;0;0;0;0;2;0;10;7;6;41.7642078609;-87.6481733102;{'type': 'Point', 'coordinates': [-87.648173310219, 41.764207860935]};NOT ON SCENE (DESK REPORT);2025-06-14T11:40:00.000
0a679b93292d8d115f4b32ec177e042e4e7999917231ba6375e7113f70679e09623a467342e7fd00a3a5975cbf6c3f8f7364041519cec5ffc276444e6e73d317;2025-06-14 10:40:00;30;NO CONTROLS;NO CONTROLS;CLEAR;DAYLIGHT;FIXED OBJECT;NOT DIVIDED;STRAIGHT AND LEVEL;DRY;NO DEFECTS;NO INJURY / DRIVE AWAY;;Y;OVER $1,500;FAILING TO REDUCE SPEED TO AVOID CRASH;DRIVING SKILLS/KNOWLEDGE/EXPERIENCE;4255;W;MONTROSE AVE;1722;;;;;;;1;NO INDICATION OF INJURY;0;0;0;0;0;1;0;10;7;6;41.9607587142;-87.7349184748;{'type': 'Point', 'coordinates': [-87.734918474848, 41.960758714169]};ON SCENE;2025-06-14T10:42:00.000
8894d075d7b5afc91fa40d181c4d9f44238a0b735c328a915b52bd747618494907ec605970740220cd4a7e6cb8df951fc6919bca27b55572f97cb66d3ba4faeb;2025-06-14 10:28:00;15;NO CONTROLS;NO CONTROLS;CLEAR;DARKNESS, LIGHTED ROAD;PARKED MOTOR VEHICLE;PARKING LOT;STRAIGHT AND LEVEL;DRY;NO DEFECTS;NO INJURY / DRIVE AWAY;;;OVER $1,500;NOT APPLICABLE;NOT APPLICABLE;5859;S;PULASKI RD;822;;;;;;;2;NO INDICATION OF INJURY;0;0;0;0;0;6;0;10;7;6;41.7859847206;-87.722816337;{'type': 'Point', 'coordinates': [-87.722816337008, 41.785984720557]};NOT ON SCENE (DESK REPORT);2025-06-14T22:55:00.000
c96a15afec5d9dfd5320a47309042e6c9beebc2156784c8a8760b48f07755c0a886fef4e884bfee6799dbc862c1016d6775cbe7b964dd613bd418dd0dd1b2ac1;2025-06-14 10:25:00;30;NO CONTROLS;NO CONTROLS;CLEAR;DARKNESS, LIGHTED ROAD;TURNING;NOT DIVIDED;STRAIGHT AND LEVEL;DRY;NO DEFECTS;NO INJURY / DRIVE AWAY;;;OVER $1,500;FAILING TO YIELD RIGHT-OF-WAY;IMPROPER TURNING/NO SIGNAL;13631;S;BRAINARD AVE;433;;Y;;;;;2;NO INDICATION OF INJURY;0;0;0;0;0;2;0;10;7;6;41.6476598934;-87.5446568645;{'type': 'Point', 'coordinates': [-87.54465686453, 41.647659893423]};ON SCENE;2025-06-14T10:30:00.000
9f959c982367b12edee09c5623b0f550bf7853b71f3acd5c833f5189e0ef4b1e72bee3374787b1fd74d2ad35a6d77c85089a20adcceda0fc31b8ab395ecf12a0;2025-06-14 10:19:00;20;STOP SIGN/FLASHER;FUNCTIONING PROPERLY;CLEAR;DARKNESS, LIGHTED ROAD;PARKED MOTOR VEHICLE;ROUNDABOUT;STRAIGHT AND LEVEL;WET;NO DEFECTS;INJURY AND / OR TOW DUE TO CRASH;Y;;OVER $1,500;FAILING TO REDUCE SPEED TO AVOID CRASH;UNABLE TO DETERMINE;7736;S;RIDGEWAY AVE;833;;;;;;;2;NONINCAPACITATING INJURY;1;0;0;1;0;0;0;10;7;6;41.7517649494;-87.7163736565;{'type': 'Point', 'coordinates': [-87.716373656465, 41.751764949377]};ON SCENE;2025-06-14T10:30:00.000
16197f4347c27d2946f2ac889f5b855d224c0c1c1128288de20ca58252dad28d92bdb63805d607a9126788a53b55f55e7829fabd5e9fe022ed4e1a58894874e6;2025-06-14 10:15:00;30;NO CONTROLS;NO CONTROLS;CLEAR;DAYLIGHT;PARKED MOTOR VEHICLE;NOT DIVIDED;STRAIGHT AND LEVEL;DRY;NO DEFECTS;NO INJURY / DRIVE AWAY;;Y;$500 OR LESS;IMPROPER OVERTAKING/PASSING;NOT APPLICABLE;10;W;23RD ST;131;;;;;;;2;NO INDICATION OF INJURY;0;0;0;0;0;1;0;10;7;6;41.8511739258;-87.6274079043;{'type': 'Point', 'coordinates': [-87.627407904281, 41.85117392582]};NOT ON SCENE (DESK REPORT);2025-06-14T10:40:00.000
672f6ffa3517be0ce6b6cc417a720a3c20df5d900baa8a82fb65e510d2ac910f9577c9d27a0dc5f30eb2a13bb504dcf1610deec6f1bb6f62ccb8f6a550cc209d;2025-06-14 10:15:00;25;NO CONTROLS;NO CONTROLS;CLEAR;DAYLIGHT;SIDESWIPE SAME DIRECTION;NOT DIVIDED;STRAIGHT AND LEVEL;DRY;NO DEFECTS;NO INJURY / DRIVE AWAY;;;OVER $1,500;IMPROPER OVERTAKING/PASSING;NOT APPLICABLE;7533;N;SEELEY AVE;2424;;;;;;;2;NO INDICATION OF INJURY;0;0;0;0;0;2;0;10;7;6;42.0189236402;-87.6814877669;{'type': 'Point', 'coordinates': [-87.681487766893, 42.018923640162]};NOT ON SCENE (DESK REPORT);2025-06-14T10:45:00.000
94baf4a1a74545f409a55faeddd72db1fd81df3737c51c66b5abb00dfeee8c856f69c02ec65c643bf762278af34c14f4343e9ee6b628e63c4d18dd54661ca442;2025-06-14 10:13:00;5;NO CONTROLS;NO CONTROLS;CLEAR;DAYLIGHT;PEDESTRIAN;PARKING LOT;STRAIGHT AND LEVEL;DRY;NO DEFECTS;INJURY AND / OR TOW DUE TO CRASH;N;;$501 - $1,500;FAILING TO YIELD RIGHT-OF-WAY;FAILING TO REDUCE SPEED TO AVOID CRASH;5208;S;LAKE PARK AVE;234;;;;;;;2;NONINCAPACITATING INJURY;1;0;0;1;0;1;0;10;7;6;41.8007227577;-87.5876006568;{'type': 'Point', 'coordinates': [-87.587600656787, 41.800722757704]};ON SCENE;2025-06-14T10:14:00.000
705ea74265e1d21e1f21883c3a7b66c679081bc220829e82e0bffc7b2143ea31ac9399b0aa5b4e26ce528ab82b91dab36833d664508ccd9017507258664a9a22;2025-06-14 10:10:00;30;UNKNOWN;UNKNOWN;CLEAR;DAYLIGHT;ANGLE;FOUR WAY;STRAIGHT AND LEVEL;DRY;NO DEFECTS;INJURY AND / OR TOW DUE TO CRASH;;;OVER $1,500;FAILING TO YIELD RIGHT-OF-WAY;FAILING TO YIELD RIGHT-OF-WAY;3825;W;NORTH AVE;2535;;;;;;;2;NO INDICATION OF INJURY;0;0;0;0;0;2;0;10;7;6;41.9098179036;-87.7226767137;{'type': 'Point', 'coordinates': [-87.722676713682, 41.909817903612]};ON SCENE;2025-06-14T10:20:00.000
b4bea23979953afa561386f19d4b1a7a334f67b776771dfd70ab6a15380470470ab224f18477e9bb12f374570b1a76eb933091c663848cf4b09bd6bafc5a27b4;2025-06-14 10:00:00;15;NO CONTROLS;NO CONTROLS;CLEAR;DAYLIGHT;PARKED MOTOR VEHICLE;ONE-WAY;STRAIGHT AND LEVEL;DRY;UNKNOWN;NO INJURY / DRIVE AWAY;;Y;$500 OR LESS;UNABLE TO DETERMINE;NOT APPLICABLE;6734;S;MICHIGAN AVE;322;;;;;;;3;NO INDICATION OF INJURY;0;0;0;0;0;1;0;10;7;6;41.7717989909;-87.6220078937;{'type': 'Point', 'coordinates': [-87.622007893722, 41.771798990918]};ON SCENE;2025-06-14T10:02:00.000
044bd14cfbeb28b2838ba9ce3a9da55b1a46aec39d138cb38d3d196d935e538115e43e0c6ffc72dda3f88fa74ad207f6e3bec362510442199c8b9dd49d919116;2025-06-14 09:57:00;30;NO CONTROLS;NO CONTROLS;CLEAR;DAYLIGHT;PEDALCYCLIST;FOUR WAY;STRAIGHT AND LEVEL;DRY;NO DEFECTS;NO INJURY / DRIVE AWAY;;;OVER $1,500;UNABLE TO DETERMINE;NOT APPLICABLE;709;W;FULLERTON AVE;1812;;;;;;;2;NO INDICATION OF INJURY;0;0;0;0;0;2;0;9;7;6;41.9253787768;-87.6466294043;{'type': 'Point', 'coordinates': [-87.64662940433, 41.925378776793]};NOT ON SCENE (DESK REPORT);2025-06-16T17:10:00.000
c430cfadf4d021a9a537a83fb90edf48b7dcac2429d37cc9ee5eeae6ae5dbb6489ea3821b5914c106f57a7f37ec6e352c441b7aa509b747f2431f753938dea4f;2025-06-14 09:50:00;10;UNKNOWN;UNKNOWN;CLOUDY/OVERCAST;DAYLIGHT;REAR TO REAR;PARKING LOT;STRAIGHT AND LEVEL;UNKNOWN;UNKNOWN;NO INJURY / DRIVE AWAY;;;OVER $1,500;IMPROPER BACKING;IMPROPER BACKING;1030;W;DIVISION ST;1822;;;;;;;2;NO INDICATION OF INJURY;0;0;0;0;0;2;0;9;7;6;41.9036684177;-87.6536993637;{'type': 'Point', 'coordinates': [-87.653699363657, 41.903668417727]};NOT ON SCENE (DESK REPORT);2025-06-14T10:15:00.000
77ac257bbb0dcdd939a2286940f49851deeba491b1be8f84845e49da5dceefabc10d3ebb771e9083cd87c42066d9ba782c29949067ef73c429c073be705306fc;2025-06-14 09:48:00;40;NO CONTROLS;NO CONTROLS;CLEAR;DARKNESS, LIGHTED ROAD;REAR END;ONE-WAY;STRAIGHT AND LEVEL;DRY;NO DEFECTS;NO INJURY / DRIVE AWAY;;;$501 - $1,500;FOLLOWING TOO CLOSELY;NOT APPLICABLE;1410;S;LAKE SHORE DR SB;132;;;;;;;2;NO INDICATION OF INJURY;0;0;0;0;0;6;0;9;7;6;41.8637794522;-87.6192347371;{'type': 'Point', 'coordinates': [-87.619234737121, 41.863779452233]};NOT ON SCENE (DESK REPORT);2025-06-14T10:00:00.000
e060f2e23e247c90d11ac212683d4f70be66154f6a92fd9e30270d822d78fd4cbe4a54e7259fd235952c7542b8f192d357cac8a3e29f6a582efa0130c8af369d;2025-06-14 09:48:00;25;TRAFFIC SIGNAL;FUNCTIONING PROPERLY;CLEAR;DAYLIGHT;SIDESWIPE SAME DIRECTION;NOT DIVIDED;STRAIGHT AND LEVEL;DRY;NO DEFECTS;NO INJURY / DRIVE AWAY;;;$501 - $1,500;UNABLE TO DETERMINE;UNABLE TO DETERMINE;4314;W;NORTH AVE;2534;;;;;;;5;NO INDICATION OF INJURY;0;0;0;0;0;6;0;9;7;6;41.9098903034;-87.7343775527;{'type': 'Point', 'coordinates': [-87.73437755268, 41.909890303403]};;2025-06-14T10:20:00.000
d6f054626c95db20d249cfc6b8c8dbe402ae350c0ca2f0706aed1199c0b6f8c9026d56a8cd10fa8c1c3b8a93a663af8e3235b76da9aea55221f31f857021faf8;2025-06-14 09:30:00;20;STOP SIGN/FLASHER;NO CONTROLS;CLEAR;DAYLIGHT;FIXED OBJECT;T-INTERSECTION;STRAIGHT AND LEVEL;DRY;NO DEFECTS;INJURY AND / OR TOW DUE TO CRASH;;;OVER $1,500;DRIVING SKILLS/KNOWLEDGE/EXPERIENCE;UNABLE TO DETERMINE;10800;S;PERRY AVE;513;;;;;;;1;NO INDICATION OF INJURY;0;0;0;0;0;2;0;9;7;6;41.6979747311;-87.6257917531;{'type': 'Point', 'coordinates': [-87.625791753085, 41.697974731086]};ON SCENE;2025-06-14T09:35:00.000
f6bb32da11942fbae056ae4c2bed143690deb066b59d2cda4bad41eb6196f454f11482997bef8ff83e523eb84d4a7c9559766da727fc6976eef9696727122e87;2025-06-14 09:25:00;30;TRAFFIC SIGNAL;FUNCTIONING PROPERLY;CLEAR;DAYLIGHT;REAR END;FOUR WAY;STRAIGHT AND LEVEL;DRY;NO DEFECTS;NO INJURY / DRIVE AWAY;;;OVER $1,500;UNABLE TO DETERMINE;NOT APPLICABLE;6900;S;WESTERN AVE;832;;;;;;;2;NO INDICATION OF INJURY;0;0;0;0;0;3;0;9;7;6;41.7682384769;-87.6834869571;{'type': 'Point', 'coordinates': [-87.68348695709, 41.76823847692]};ON SCENE;2025-06-14T09:29:00.000
8586d2f0cad73551d12dc1a74e9fcb6aed5c7b0b40674a7b3791422ba4597f53dba311db8ca0e3e4be48515314a11f1d21d89b3f9f18e804888212fbd1c16624;2025-06-14 09:20:00;3;NO CONTROLS;NO CONTROLS;CLEAR;DAYLIGHT;REAR END;OTHER;STRAIGHT AND LEVEL;WET;NO DEFECTS;NO INJURY / DRIVE AWAY;;;OVER $1,500;NOT APPLICABLE;NOT APPLICABLE;2111;W;FULLERTON AVE;1432;;;;;;;2;NO INDICATION OF INJURY;0;0;0;0;0;2;0;9;7;6;41.9248805845;-87.6809368799;{'type': 'Point', 'coordinates': [-87.680936879883, 41.924880584505]};NOT ON SCENE (DESK REPORT);2025-06-14T11:15:00.000
6f353d1ef2fa9dfbb3bc09b549effc10f327b5f651e18b9872927d1128e13653bd1ba3316d0fbf3ffcdf5935f8c0e39950d1814b6c7c2dfa0bc80114a6ad64ec;2025-06-14 09:19:00;30;NO CONTROLS;NO CONTROLS;CLEAR;DAYLIGHT;SIDESWIPE OPPOSITE DIRECTION;ONE-WAY;STRAIGHT AND LEVEL;DRY;NO DEFECTS;INJURY AND / OR TOW DUE TO CRASH;;;OVER $1,500;IMPROPER BACKING;EQUIPMENT - VEHICLE CONDITION;6417;S;INGLESIDE AVE;314;;;;;;;4;NONINCAPACITATING INJURY;1;0;0;1;0;2;0;9;7;6;41.7780253164;-87.6014675838;{'type': 'Point', 'coordinates': [-87.601467583794, 41.778025316419]};ON SCENE;2025-06-14T09:21:00.000
c5bac5ffb0f92ec71e0a97ced31d8bf6c9660d4e5510d725f150da8ca40308d30c75795f44e000d04d9764afd14bf46dfadb4db3673543073858ffdbd5ea926b;2025-06-14 09:18:00;35;TRAFFIC SIGNAL;FUNCTIONING PROPERLY;CLEAR;DAYLIGHT;ANGLE;NOT DIVIDED;STRAIGHT AND LEVEL;DRY;NO DEFECTS;INJURY AND / OR TOW DUE TO CRASH;Y;;OVER $1,500;DISREGARDING TRAFFIC SIGNALS;DISREGARDING TRAFFIC SIGNALS;300;S;PULASKI RD;1132;;;;;;;2;NO INDICATION OF INJURY;0;0;0;0;0;5;0;9;7;6;41.8770392438;-87.7256913586;{'type': 'Point', 'coordinates': [-87.725691358578, 41.877039243763]};ON SCENE;2025-06-14T09:25:00.000
4a4587fb0af5aadaacab3b92fb428a74b3683e8ec993cd1c21f83256f53fade7d197b044570f321be903e577eeb6a4ccecd47fa9d3941158c9c61780908def26;2025-06-14 09:15:00;30;STOP SIGN/FLASHER;FUNCTIONING PROPERLY;CLEAR;DAYLIGHT;PARKED MOTOR VEHICLE;OTHER;STRAIGHT AND LEVEL;DRY;NO DEFECTS;NO INJURY / DRIVE AWAY;;;OVER $1,500;DRIVING SKILLS/KNOWLEDGE/EXPERIENCE;NOT APPLICABLE;2119;N;MAPLEWOOD AVE;1431;;;;;;;2;NO INDICATION OF INJURY;0;0;0;0;0;1;0;9;7;6;41.9199215877;-87.6912036156;{'type': 'Point', 'coordinates': [-87.691203615591, 41.919921587697]};ON SCENE;2025-06-14T09:15:00.000
63f195266f65476dc0d3e5af740ea83333869cdbf7e93b69ad2769350d51c4b96f47dba625b693d9c5c8bc1d875804020feb135be16a687d81d4ed12ba78d00d;2025-06-14 09:00:00;30;UNKNOWN;UNKNOWN;UNKNOWN;UNKNOWN;PARKED MOTOR VEHICLE;PARKING LOT;STRAIGHT AND LEVEL;UNKNOWN;UNKNOWN;NO INJURY / DRIVE AWAY;;Y;OVER $1,500;UNABLE TO DETERMINE;UNABLE TO DETERMINE;555;E;51ST ST;233;;;;;;;2;NO INDICATION OF INJURY;0;0;0;0;0;1;0;9;7;6;41.8020498215;-87.6119283625;{'type': 'Point', 'coordinates': [-87.611928362486, 41.80204982153]};NOT ON SCENE (DESK REPORT);2025-06-14T09:30:00.000
b769140116a3f836fd4732692931989bffd5dfd6da4d1d40ff1e46d336cd5d75cc466b9074fd743ac8d23197a6fd45c3cf4e3d6378c4e49fa9bd3f2619d6cd19;2025-06-14 08:52:00;30;NO CONTROLS;NO CONTROLS;CLEAR;DAYLIGHT;SIDESWIPE SAME DIRECTION;DIVIDED - W/MEDIAN (NOT RAISED);STRAIGHT AND LEVEL;DRY;NO DEFECTS;NO INJURY / DRIVE AWAY;;Y;OVER $1,500;UNABLE TO DETERMINE;NOT APPLICABLE;6501;W;BELMONT AVE;2511;;;;;;;2;NO INDICATION OF INJURY;0;0;0;0;0;2;0;8;7;6;41.9381667685;-87.7885432201;{'type': 'Point', 'coordinates': [-87.788543220075, 41.938166768537]};ON SCENE;2025-06-14T08:52:00.000
2545fbda868d7c3f3858708fb5c39ffd751732c11249d954c88f6ad412967a423cc2120cd1324d10e42af03296bc4eed890d2cbf17c83ac5de31c1bcddfa223f;2025-06-14 08:45:00;20;NO CONTROLS;NO CONTROLS;CLEAR;DAYLIGHT;SIDESWIPE SAME DIRECTION;NOT DIVIDED;STRAIGHT AND LEVEL;DRY;NO DEFECTS;INJURY AND / OR TOW DUE TO CRASH;;;OVER $1,500;UNABLE TO DETERMINE;UNABLE TO DETERMINE;4333;W;56TH ST;813;;;;;;;2;NONINCAPACITATING INJURY;1;0;0;1;0;1;0;8;7;6;41.7912014299;-87.7317440089;{'type': 'Point', 'coordinates': [-87.731744008916, 41.79120142991]};ON SCENE;2025-06-14T08:49:00.000