crash_record_id;crash_date;posted_speed_limit;traffic_control_device;device_condition;weather_condition;lighting_condition;first_crash_type;trafficway_type;alignment;roadway_surface_cond;road_defect;crash_type;intersection_related_i;hit_and_run_i;damage;prim_contributory_cause;sec_contributory_cause;street_no;street_direction;street_name;beat_of_occurrence;photos_taken_i;statements_taken_i;dooring_i;work_zone_i;work_zone_type;workers_present_i;num_units;most_severe_injury;injuries_total;injuries_fatal;injuries_incapacitating;injuries_non_incapacitating;injuries_reported_not_evident;injuries_no_indication;injuries_unknown;crash_hour;crash_day_of_week;crash_month;latitude;longitude;location;report_type;date_police_notified
ca184b23409c7e4900a962b891bdb2cbf7418e70730fd72bd52233ceb116ac3bc0dad66f85376f8c739f99c5c8cb519a5b1c1a3231b13b688c80af6d14560dac;2025-06-14 08:45:00;10;NO CONTROLS;NO CONTROLS;CLEAR;DAYLIGHT;REAR TO REAR;PARKING LOT;STRAIGHT AND LEVEL;WET;NO DEFECTS;NO INJURY / DRIVE AWAY;;;OVER $1,500;FAILING TO YIELD RIGHT-OF-WAY;FAILING TO REDUCE SPEED TO AVOID CRASH;2550;N;CLYBOURN AVE;1931;;;;;;;2;NO INDICATION OF INJURY;0;0;0;0;0;2;0;8;7;6;41.9278717231;-87.6732588146;{'type': 'Point', 'coordinates': [-87.67325881463, 41.927871723118]};NOT ON SCENE (DESK REPORT);2025-06-14T09:15:00.000
4642f16979a94857546da58409ddfa21e3bc703bb087b6560423430148ae3612c629e46bb212938386ac95c2f9d805e5db7f1a1718cfecb03dee97231344a984;2025-06-14 08:34:00;30;NO CONTROLS;NO CONTROLS;CLEAR;DAYLIGHT;PARKED MOTOR VEHICLE;NOT DIVIDED;STRAIGHT AND LEVEL;DRY;NO DEFECTS;NO INJURY / DRIVE AWAY;;;OVER $1,500;UNABLE TO DETERMINE;UNABLE TO DETERMINE;1419;W;HOWARD ST;2422;;;;;;;2;NO INDICATION OF INJURY;0;0;0;0;0;1;0;8;7;6;42.019126478;-87.6668595789;{'type': 'Point', 'coordinates': [-87.666859578914, 42.019126477972]};ON SCENE;2025-06-14T08:39:00.000
90687902bba2496ac440405dc93564e6323886e8a967679cd0a85463def1fa9a890dfaf469a641003a684f507b7af0512354e11e42f147e93ecbc12b63ecd28c;2025-06-14 08:06:00;30;TRAFFIC SIGNAL;FUNCTIONING PROPERLY;CLOUDY/OVERCAST;DAYLIGHT;ANGLE;FOUR WAY;STRAIGHT AND LEVEL;DRY;OTHER;INJURY AND / OR TOW DUE TO CRASH;Y;;OVER $1,500;DISREGARDING TRAFFIC SIGNALS;VISION OBSCURED (SIGNS, TREE LIMBS, BUILDINGS, ETC.);403;S;CANAL ST;121;;;;;;;2;NO INDICATION OF INJURY;0;0;0;0;0;2;0;8;7;6;41.8766497943;-87.6395084439;{'type': 'Point', 'coordinates': [-87.639508443922, 41.876649794308]};ON SCENE;2025-06-14T08:10:00.000
988f7edabed9565f4e6817e7ca297f81c77e9b9f8f5569a9c1271d483f5840b990dcfb0913aaf5ae863bb22dadfcd7bdb64bd0c5eab06a36cc6dc7ea80dd2e9e;2025-06-14 07:50:00;30;TRAFFIC SIGNAL;FUNCTIONING PROPERLY;CLEAR;DAYLIGHT;REAR END;DIVIDED - W/MEDIAN BARRIER;STRAIGHT AND LEVEL;DRY;NO DEFECTS;NO INJURY / DRIVE AWAY;;;$501 - $1,500;PHYSICAL CONDITION OF DRIVER;PHYSICAL CONDITION OF DRIVER;42;W;IDA B WELLS DR;113;;;;;;;2;NO INDICATION OF INJURY;0;0;0;0;0;2;0;7;7;6;41.8757362591;-87.6292129469;{'type': 'Point', 'coordinates': [-87.629212946899, 41.875736259062]};ON SCENE;2025-06-14T07:50:00.000
9b58fc45bab8977d4be2921ccb328bef8324bb6b99657041802e340ed10fdbaf046fc98fb27522df496404060eca01b4355b531220a4b46e7b8d7a7519b0e8de;2025-06-14 07:50:00;30;UNKNOWN;UNKNOWN;CLEAR;DAYLIGHT;SIDESWIPE SAME DIRECTION;NOT DIVIDED;STRAIGHT AND LEVEL;DRY;UNKNOWN;NO INJURY / DRIVE AWAY;;;OVER $1,500;NOT APPLICABLE;NOT APPLICABLE;4258;S;LAKE SHORE DR SB;214;;;;;;;2;NO INDICATION OF INJURY;0;0;0;0;0;2;0;7;7;6;41.8169867025;-87.5954645334;{'type': 'Point', 'coordinates': [-87.595464533366, 41.816986702472]};ON SCENE;2025-06-14T10:45:00.000
e527c70978f94bfa20db04b09fcb5fc7998ff3f358a2f89eab1f2ff62b3d3e3e8f5f3f5bfdb4c3543e76d6b9aa0f9ee1974faeef1d3aa849420e98f880dcb59f;2025-06-14 07:42:00;30;UNKNOWN;UNKNOWN;CLEAR;DAWN;PARKED MOTOR VEHICLE;NOT DIVIDED;STRAIGHT AND LEVEL;DRY;NO DEFECTS;INJURY AND / OR TOW DUE TO CRASH;;Y;OVER $1,500;UNABLE TO DETERMINE;UNABLE TO DETERMINE;2;N;HAMLIN BLVD;1122;;Y;;;;;3;NO INDICATION OF INJURY;0;0;0;0;0;1;0;7;7;6;41.8808414769;-87.7209021846;{'type': 'Point', 'coordinates': [-87.720902184578, 41.880841476944]};ON SCENE;2025-06-14T07:42:00.000
ed807a2d02ecd459bf4ddcc46660fca6274308d89c3184d3b3066fb53577b650d9690fcd67019105de29dc179454eb8de6793fc246f3bd6c50b108b75edae7be;2025-06-14 07:40:00;40;NO CONTROLS;NO CONTROLS;CLEAR;DAYLIGHT;FIXED OBJECT;DIVIDED - W/MEDIAN (NOT RAISED);STRAIGHT AND LEVEL;DRY;NO DEFECTS;NO INJURY / DRIVE AWAY;;;OVER $1,500;DRIVING SKILLS/KNOWLEDGE/EXPERIENCE;UNABLE TO DETERMINE;1401;S;LAKE SHORE DR NB;132;;;;;;;1;NO INDICATION OF INJURY;0;0;0;0;0;1;0;7;7;6;41.8641530913;-87.6186602973;{'type': 'Point', 'coordinates': [-87.618660297344, 41.864153091273]};NOT ON SCENE (DESK REPORT);2025-06-14T09:45:00.000
e55ed75a4b7069677b4cbcefe25261da05ed1fa4013b1c91cbe894361f87085760785a8d1e42ec78b6da8b96256fdfc8969c3fdee5123c2ad89e9dee1bd4b22c;2025-06-14 07:30:00;30;NO CONTROLS;NO CONTROLS;CLOUDY/OVERCAST;DAYLIGHT;REAR END;NOT DIVIDED;STRAIGHT AND LEVEL;DRY;NO DEFECTS;NO INJURY / DRIVE AWAY;;;OVER $1,500;FOLLOWING TOO CLOSELY;UNABLE TO DETERMINE;3055;S;ASHLAND AVE;913;;;;;;;2;NO INDICATION OF INJURY;0;0;0;0;0;2;0;7;7;6;41.8379057297;-87.6655992627;{'type': 'Point', 'coordinates': [-87.665599262708, 41.837905729727]};NOT ON SCENE (DESK REPORT);2025-06-14T08:30:00.000
eba0337090c2acc3a8ceaac8a7ba80bee8193b2ac29b04f846de5caf296a134056c2d21660e58e11c1dd139d3b613c7e43d428e80b695e6947a0d546896f2897;2025-06-14 07:30:00;25;STOP SIGN/FLASHER;FUNCTIONING PROPERLY;OTHER;DAYLIGHT;TURNING;FOUR WAY;STRAIGHT AND LEVEL;OTHER;NO DEFECTS;NO INJURY / DRIVE AWAY;Y;Y;OVER $1,500;DISREGARDING STOP SIGN;DRIVING SKILLS/KNOWLEDGE/EXPERIENCE;8100;S;ST LAWRENCE AVE;631;;;;;;;2;NO INDICATION OF INJURY;0;0;0;0;0;2;0;7;7;6;41.7474502844;-87.6101220142;{'type': 'Point', 'coordinates': [-87.610122014216, 41.747450284379]};NOT ON SCENE (DESK REPORT);2025-06-14T09:15:00.000
1b62ef94f94fd9e162e9e955dd3f1a33f14a5c737de9404deaf9a912a5ecfcfe1696272a65cbc0fa22ed03fccc0db218df12dcc6ce118b74119db4edeccf26ce;2025-06-14 07:10:00;25;NO CONTROLS;NO CONTROLS;CLOUDY/OVERCAST;DAYLIGHT;OTHER OBJECT;T-INTERSECTION;STRAIGHT AND LEVEL;DRY;NO DEFECTS;NO INJURY / DRIVE AWAY;Y;;OVER $1,500;UNABLE TO DETERMINE;UNABLE TO DETERMINE;3757;W;FLOURNOY ST;1133;;;;;;;2;NO INDICATION OF INJURY;0;0;0;0;0;2;0;7;7;6;41.8725093617;-87.7196527747;{'type': 'Point', 'coordinates': [-87.719652774725, 41.872509361684]};ON SCENE;2025-06-14T07:16:00.000
ff501681fa3be30d8332e483a7391e71d086c9fb9eed53c78557a389533a3e188bc50af710e948efe317f30fe298380ac8f8c68b71661475eed9e555a79036b7;2025-06-14 06:38:00;30;TRAFFIC SIGNAL;FUNCTIONING PROPERLY;CLEAR;DAWN;ANGLE;T-INTERSECTION;STRAIGHT AND LEVEL;DRY;NO DEFECTS;INJURY AND / OR TOW DUE TO CRASH;;;OVER $1,500;DISREGARDING OTHER TRAFFIC SIGNS;DISREGARDING OTHER TRAFFIC SIGNS;5901;S;LOOMIS BLVD;713;;;;;;;2;NO INDICATION OF INJURY;0;0;0;0;0;2;0;6;7;6;41.786728861;-87.6593904191;{'type': 'Point', 'coordinates': [-87.659390419108, 41.786728861022]};ON SCENE;2025-06-14T06:39:00.000
1b9b9a5a0105f990425a46ae8759fc7f701f537bda3226ba6fbbada3851e3d562dabe97fc33e4ac1f08d1334e0829fea663a59beea5e10415a7389cc3eed4c7b;2025-06-14 06:05:00;30;NO CONTROLS;NO CONTROLS;CLEAR;DAWN;PARKED MOTOR VEHICLE;NOT DIVIDED;STRAIGHT AND LEVEL;UNKNOWN;UNKNOWN;INJURY AND / OR TOW DUE TO CRASH;;Y;OVER $1,500;UNABLE TO DETERMINE;UNABLE TO DETERMINE;4928;W;HARRISON ST;1533;;;;N;;;2;REPORTED, NOT EVIDENT;1;0;0;0;1;1;0;6;7;6;41.8731874466;-87.7478105788;{'type': 'Point', 'coordinates': [-87.747810578846, 41.873187446584]};ON SCENE;2025-06-14T06:08:00.000
7775d9da9d697064aeffcae07275be665bcaa5a2ebfe7c7d917305515fafd394cf0f3750d62b4eb47c8014630a40453e0552fdbe9cde5dc6e01846621a2609e2;2025-06-14 06:05:00;20;NO CONTROLS;NO CONTROLS;CLEAR;DAYLIGHT;FIXED OBJECT;NOT DIVIDED;CURVE, LEVEL;DRY;NO DEFECTS;INJURY AND / OR TOW DUE TO CRASH;;Y;OVER $1,500;UNABLE TO DETERMINE;UNABLE TO DETERMINE;9729;S;OGLESBY AVE;431;;;;;;;2;NO INDICATION OF INJURY;0;0;0;0;0;2;0;6;7;6;41.7178428674;-87.5656376913;{'type': 'Point', 'coordinates': [-87.565637691347, 41.717842867369]};ON SCENE;2025-06-14T06:06:00.000
b804608ae5ce9b3d00f9abfff032bf370fc46d16239a57f4ef32f76ff8ab0d41f2ddfc9a2beb09269239106cc0543fcaa8efcfa8eba84bc758c613334ab5b641;2025-06-14 06:00:00;15;NO CONTROLS;NO CONTROLS;CLEAR;UNKNOWN;PARKED MOTOR VEHICLE;OTHER;STRAIGHT AND LEVEL;WET;NO DEFECTS;INJURY AND / OR TOW DUE TO CRASH;;Y;$501 - $1,500;UNABLE TO DETERMINE;UNABLE TO DETERMINE;5248;W;WOLFRAM ST;2514;;;;;;;2;NO INDICATION OF INJURY;0;0;0;0;0;1;0;6;7;6;41.9324011743;-87.758394292;{'type': 'Point', 'coordinates': [-87.758394292041, 41.93240117428]};ON SCENE;2025-06-14T06:33:00.000
f6f49cf6d022ded80d3333f657151c07dbd90795e01054f30509933b92fc36b3ea837e76de6b86a66a44277c878978d176de6624562c3fe30bf3ea770a583f8c;2025-06-14 06:00:00;30;NO CONTROLS;NO CONTROLS;CLEAR;DAWN;PARKED MOTOR VEHICLE;DIVIDED - W/MEDIAN (NOT RAISED);STRAIGHT AND LEVEL;DRY;NO DEFECTS;INJURY AND / OR TOW DUE TO CRASH;;;OVER $1,500;NOT APPLICABLE;NOT APPLICABLE;6546;S;WESTERN AVE;832;;;;;;;2;NONINCAPACITATING INJURY;1;0;0;1;0;2;0;6;7;6;41.7742100555;-87.6836534803;{'type': 'Point', 'coordinates': [-87.68365348031, 41.774210055508]};ON SCENE;2025-06-14T06:05:00.000
770282eb97d1e225256945345c41ee7294e4549f200579609ae416d40e81cd4fac9c0e3501083aff7baadf001dc43a440688d82723665f7e7d2a616d55ce0c4c;2025-06-14 05:55:00;10;NO CONTROLS;NO CONTROLS;CLEAR;DAYLIGHT;REAR END;PARKING LOT;STRAIGHT AND LEVEL;DRY;NO DEFECTS;NO INJURY / DRIVE AWAY;;Y;$500 OR LESS;FOLLOWING TOO CLOSELY;NOT APPLICABLE;1545;S;STATE ST;131;;;;;;;2;NO INDICATION OF INJURY;0;0;0;0;0;2;0;5;7;6;41.8605998085;-87.6271194558;{'type': 'Point', 'coordinates': [-87.627119455778, 41.860599808534]};NOT ON SCENE (DESK REPORT);2025-06-14T06:10:00.000
963eb5c711e4bbe2872446f2740bb25cbf403fcc361612683936eb77192ff60ee1e82d548d98bd5f6cc3806cfa3a3e7776ab84d278c6bd8adcad34638449238e;2025-06-14 05:30:00;30;NO CONTROLS;NO CONTROLS;CLEAR;DAYLIGHT;FIXED OBJECT;NOT DIVIDED;STRAIGHT AND LEVEL;DRY;NO DEFECTS;INJURY AND / OR TOW DUE TO CRASH;;;OVER $1,500;DRIVING SKILLS/KNOWLEDGE/EXPERIENCE;UNABLE TO DETERMINE;3120;S;WOOD ST;912;;;;;;;1;NO INDICATION OF INJURY;0;0;0;0;0;1;0;5;7;6;41.8371463531;-87.6707079557;{'type': 'Point', 'coordinates': [-87.670707955661, 41.837146353102]};ON SCENE;2025-06-14T09:28:00.000
0c0b8dd60ebb0ddc55b5038d52f3f7bb6318f7f52ce30f054f6dc397eb2ca2ea282c300eae5103bd0729a931977eab8d60421f0213b9c64bfaefd6a9b7eef346;2025-06-14 05:00:00;30;NO CONTROLS;NO CONTROLS;CLEAR;DAYLIGHT;PARKED MOTOR VEHICLE;NOT DIVIDED;STRAIGHT AND LEVEL;DRY;NO DEFECTS;NO INJURY / DRIVE AWAY;;Y;OVER $1,500;UNABLE TO DETERMINE;UNABLE TO DETERMINE;2266;W;LELAND AVE;1911;;;;;;;2;NO INDICATION OF INJURY;0;0;0;0;0;1;0;5;7;6;41.9669205497;-87.6864893047;{'type': 'Point', 'coordinates': [-87.686489304703, 41.966920549747]};NOT ON SCENE (DESK REPORT);2025-06-14T16:15:00.000
6f301ffc466c18c27a8978c5fb6acd8fb798f0c700c237ad8293c69122df923c95b704cba750c65871118aa0eda6d8817f45ddb90938021372f5c4cdf7eeed88;2025-06-14 04:35:00;15;NO CONTROLS;NO CONTROLS;CLEAR;DAWN;PARKED MOTOR VEHICLE;OTHER;STRAIGHT AND LEVEL;DRY;NO DEFECTS;INJURY AND / OR TOW DUE TO CRASH;;;OVER $1,500;UNABLE TO DETERMINE;NOT APPLICABLE;2855;N;KENNETH AVE;2523;;;;;;;3;NO INDICATION OF INJURY;0;0;0;0;0;2;0;4;7;6;41.9332695451;-87.7379305376;{'type': 'Point', 'coordinates': [-87.737930537644, 41.93326954509]};ON SCENE;2025-06-14T04:38:00.000
a63c6130a3213a93fa643bc09b68b236363bb6cc3a94361775cd7a0ce82358a31d2e32ea88df6d37f1078cde60a36972dcdc9095227e981b298cefd294774d8c;2025-06-14 04:25:00;30;NO CONTROLS;NO CONTROLS;CLEAR;DARKNESS, LIGHTED ROAD;FIXED OBJECT;NOT DIVIDED;STRAIGHT AND LEVEL;DRY;UNKNOWN;INJURY AND / OR TOW DUE TO CRASH;;Y;OVER $1,500;UNABLE TO DETERMINE;UNABLE TO DETERMINE;2631;W;LAKE ST;1222;;;;;;;1;NONINCAPACITATING INJURY;1;0;0;1;0;0;0;4;7;6;41.8842835187;-87.6925621801;{'type': 'Point', 'coordinates': [-87.692562180121, 41.88428351869]};ON SCENE;2025-06-14T04:30:00.000
cefe9bb178954cf17e5c420de01bc3b0a0f5f2afce4b9fa87b49c6c95964adc2eb629d31271edfd635052a9474523a7f5278b4dd1363749f6422d5950e125360;2025-06-14 04:20:00;30;NO CONTROLS;NO CONTROLS;CLEAR;DAWN;SIDESWIPE SAME DIRECTION;ONE-WAY;STRAIGHT AND LEVEL;DRY;NO DEFECTS;NO INJURY / DRIVE AWAY;;;OVER $1,500;UNABLE TO DETERMINE;NOT APPLICABLE;6033;W;GEORGE ST;2511;;;;;;;2;NO INDICATION OF INJURY;0;0;0;0;0;2;0;4;7;6;41.9328377945;-87.7773779893;{'type': 'Point', 'coordinates': [-87.777377989316, 41.932837794546]};NOT ON SCENE (DESK REPORT);2025-06-14T11:00:00.000
134c0691ab13ee8c034dc5f326b6381d0005713010f076bc6a77e9524a99380a252fcd4f076f394583ee9f83523952dafe465cef85652aa885b9052edcdf3c19;2025-06-14 03:50:00;30;NO CONTROLS;NO CONTROLS;UNKNOWN;DARKNESS, LIGHTED ROAD;HEAD ON;FOUR WAY;STRAIGHT AND LEVEL;UNKNOWN;UNKNOWN;INJURY AND / OR TOW DUE TO CRASH;Y;Y;OVER $1,500;UNABLE TO DETERMINE;UNABLE TO DETERMINE;4535;W;LAKE ST;1113;;;;;;;2;NO INDICATION OF INJURY;0;0;0;0;0;3;0;3;7;6;41.8861438812;-87.7395583148;{'type': 'Point', 'coordinates': [-87.739558314766, 41.886143881235]};NOT ON SCENE (DESK REPORT);2025-06-14T16:10:00.000
32d9c3f43ed594087cb6d3403db86b7df44bd6021443e2ceb4f15541eae0bfbf44a1b631b4d2719f11109aa3a7d8812d7180270a46c623e0bf10dc9a7f5fa3e5;2025-06-14 03:45:00;30;UNKNOWN;UNKNOWN;CLEAR;DAYLIGHT;REAR TO FRONT;NOT DIVIDED;STRAIGHT AND LEVEL;DRY;UNKNOWN;NO INJURY / DRIVE AWAY;;;OVER $1,500;NOT APPLICABLE;NOT APPLICABLE;7100;S;LANGLEY AVE;323;;;;;;;2;NO INDICATION OF INJURY;0;0;0;0;0;2;0;3;7;6;41.7656753258;-87.6086238364;{'type': 'Point', 'coordinates': [-87.608623836354, 41.765675325843]};NOT ON SCENE (DESK REPORT);2025-06-14T04:15:00.000
cac380e17fb80ee4c2ca446e6a59939eca410ba89407553ed0e361570e4c7a1df07320b20b04c9a2d3681ad37f091330ac6bcf0560d4a9c0d12054100649f719;2025-06-14 03:40:00;30;STOP SIGN/FLASHER;NO CONTROLS;UNKNOWN;UNKNOWN;PARKED MOTOR VEHICLE;ONE-WAY;STRAIGHT AND LEVEL;UNKNOWN;UNKNOWN;INJURY AND / OR TOW DUE TO CRASH;;Y;OVER $1,500;UNABLE TO DETERMINE;NOT APPLICABLE;3731;W;25TH ST;1013;;;;;;;3;NO INDICATION OF INJURY;0;0;0;0;0;1;0;3;7;6;41.8460754385;-87.7184405418;{'type': 'Point', 'coordinates': [-87.718440541788, 41.84607543855]};NOT ON SCENE (DESK REPORT);2025-06-14T09:30:00.000
fe1117fdb33cf481f383891558438f2f85dac7586f29191dc202d56a5d527a0769298f52f23644b4963051c9a82a29d09e99201947225a5a3cefb30dfd67923b;2025-06-14 03:35:00;30;STOP SIGN/FLASHER;NO CONTROLS;CLEAR;DARKNESS, LIGHTED ROAD;REAR END;NOT DIVIDED;STRAIGHT AND LEVEL;DRY;NO DEFECTS;NO INJURY / DRIVE AWAY;;;OVER $1,500;EQUIPMENT - VEHICLE CONDITION;NOT APPLICABLE;5023;S;WOOD ST;931;;;;;;;2;NO INDICATION OF INJURY;0;0;0;0;0;2;0;3;7;6;41.8023869567;-87.6695267087;{'type': 'Point', 'coordinates': [-87.669526708665, 41.802386956676]};ON SCENE;2025-06-14T03:35:00.000
b3b90c59851cc4fd43d0c5594b8f84cda6f156e19ad5793e57dfb368838c19eb461143efa3ddb9524670cbdc88d1905eeb5df9ac22cb18c1e517fa05f19e1074;2025-06-14 03:08:00;30;STOP SIGN/FLASHER;FUNCTIONING PROPERLY;CLEAR;DARKNESS, LIGHTED ROAD;FIXED OBJECT;NOT DIVIDED;STRAIGHT AND LEVEL;DRY;NO DEFECTS;INJURY AND / OR TOW DUE TO CRASH;;Y;OVER $1,500;UNABLE TO DETERMINE;NOT APPLICABLE;6801;S;HOYNE AVE;726;;;;;;;1;NO INDICATION OF INJURY;0;0;0;0;0;1;0;3;7;6;41.7701883708;-87.6759588025;{'type': 'Point', 'coordinates': [-87.675958802465, 41.770188370847]};ON SCENE;2025-06-14T03:08:00.000
6f6a76a9559f231b1be1913727629ee12be1fc8735f7c659ff938e9fccf7be91eb53c7d437b9c97374969aba8e5ed5f87285d32b1d580c3e4ccb217b191e6926;2025-06-14 03:00:00;35;TRAFFIC SIGNAL;FUNCTIONING PROPERLY;CLEAR;DAYLIGHT;TURNING;FOUR WAY;STRAIGHT ON GRADE;DRY;NO DEFECTS;NO INJURY / DRIVE AWAY;Y;;OVER $1,500;IMPROPER TURNING/NO SIGNAL;NOT APPLICABLE;6700;S;JEFFERY BLVD;332;;;;;;;2;NO INDICATION OF INJURY;0;0;0;0;0;2;0;3;7;6;41.7733684085;-87.5766385522;{'type': 'Point', 'coordinates': [-87.576638552177, 41.773368408547]};NOT ON SCENE (DESK REPORT);2025-06-15T16:30:00.000
a30dedf9e28dc48923798d3e2d7bb998bd2d4d0919872917ba0865946d07d1d69aec4dc349b017a0379b6fb005112c601fe5a7dd58130ce193cce9134d6b6110;2025-06-14 03:00:00;30;TRAFFIC SIGNAL;FUNCTIONING PROPERLY;CLEAR;DARKNESS, LIGHTED ROAD;ANGLE;FIVE POINT, OR MORE;STRAIGHT AND LEVEL;DRY;NO DEFECTS;INJURY AND / OR TOW DUE TO CRASH;Y;;OVER $1,500;DISREGARDING TRAFFIC SIGNALS;FAILING TO REDUCE SPEED TO AVOID CRASH;6700;S;DR MARTIN LUTHER KING JR DR;322;;;;;;;2;NO INDICATION OF INJURY;0;0;0;0;0;2;0;3;7;6;41.7729100339;-87.6155947054;{'type': 'Point', 'coordinates': [-87.615594705433, 41.772910033936]};ON SCENE;2025-06-14T03:10:00.000
d62860717c2831115df74695be60aef7b0ae885771cb57eb0b74682cf46667a637ea0b22c7cdbb6f3b437e4f1f70d36f5eb61754ec4ab83d067e31dd3755e311;2025-06-14 03:00:00;20;NO CONTROLS;NO CONTROLS;CLEAR;DARKNESS, LIGHTED ROAD;PARKED MOTOR VEHICLE;ONE-WAY;STRAIGHT AND LEVEL;DRY;NO DEFECTS;NO INJURY / DRIVE AWAY;;Y;OVER $1,500;IMPROPER OVERTAKING/PASSING;NOT APPLICABLE;1543;N;MONITOR AVE;2531;;;;;;;2;NO INDICATION OF INJURY;0;0;0;0;0;1;0;3;7;6;41.9087613082;-87.7718015305;{'type': 'Point', 'coordinates': [-87.771801530503, 41.908761308205]};NOT ON SCENE (DESK REPORT);2025-06-14T11:00:00.000
fb1f1e8cb8ca31cde3255bec816e28abacbfa3746bc12164d937b033763d706676b83da7100a8bdd542e2aa8c7aff8eb2730b448857ff18e2c2d2fb70d9d0b69;2025-06-14 03:00:00;30;NO CONTROLS;NO CONTROLS;CLEAR;DAYLIGHT;PARKED MOTOR VEHICLE;NOT DIVIDED;STRAIGHT AND LEVEL;DRY;NO DEFECTS;NO INJURY / DRIVE AWAY;;Y;OVER $1,500;UNABLE TO DETERMINE;UNABLE TO DETERMINE;1770;W;ESTES AVE;2424;;;;;;;2;NO INDICATION OF INJURY;0;0;0;0;0;1;0;3;7;6;42.0115107684;-87.6750450842;{'type': 'Point', 'coordinates': [-87.675045084197, 42.011510768447]};ON SCENE;2025-06-14T15:59:00.000
0c2dfe99fb42f4b094022327827eb298e9160e01dabf21a5eb0ea2a9b4cb19b7c288ed0e4ff28f904522a54a03b7237bacbffb3099864381aaf617ef800292fb;2025-06-14 02:58:00;30;NO CONTROLS;NO CONTROLS;CLEAR;DARKNESS;PARKED MOTOR VEHICLE;DIVIDED - W/MEDIAN (NOT RAISED);STRAIGHT AND LEVEL;DRY;NO DEFECTS;INJURY AND / OR TOW DUE TO CRASH;;;OVER $1,500;CELL PHONE USE OTHER THAN TEXTING;NOT APPLICABLE;1915;N;KIMBALL AVE;1422;;;;;;;5;NO INDICATION OF INJURY;0;0;0;0;0;1;0;2;7;6;41.9159822977;-87.7117287649;{'type': 'Point', 'coordinates': [-87.71172876488, 41.915982297661]};ON SCENE;2025-06-14T03:05:00.000
47f913e9df8ea98e3d99dc597f573ebddc8754d50d4425031e0292eef3b15b521f5b5e975a8be0e73e674c8d709983006a1c0d161f22bb61fd027d09fce0000f;2025-06-14 02:47:00;10;NO CONTROLS;NO CONTROLS;CLEAR;DARKNESS, LIGHTED ROAD;PARKED MOTOR VEHICLE;PARKING LOT;STRAIGHT AND LEVEL;DRY;NO DEFECTS;NO INJURY / DRIVE AWAY;;;OVER $1,500;UNABLE TO DETERMINE;UNABLE TO DETERMINE;5332;S;KEDZIE AVE;822;;;;;;;2;NO INDICATION OF INJURY;0;0;0;0;0;1;0;2;7;6;41.7961462661;-87.7037780083;{'type': 'Point', 'coordinates': [-87.703778008321, 41.796146266087]};ON SCENE;2025-06-14T02:51:00.000
431ba0f5adcfb8e67874f490737833ee74cb09c842ed6deb71cc0106a4cf2cec349c42319fb3b8ddcf357c8929f5813d5be1093ddd3d9d09fdfbb7c04135bd20;2025-06-14 02:30:00;40;NO CONTROLS;NO CONTROLS;CLEAR;DARKNESS, LIGHTED ROAD;TURNING;DIVIDED - W/MEDIAN (NOT RAISED);STRAIGHT AND LEVEL;DRY;NO DEFECTS;INJURY AND / OR TOW DUE TO CRASH;Y;;OVER $1,500;IMPROPER TURNING/NO SIGNAL;DRIVING SKILLS/KNOWLEDGE/EXPERIENCE;13227;S;TORRENCE AVE;433;Y;;;;;;2;FATAL;2;1;0;1;0;0;0;2;7;6;41.6547387607;-87.5591521615;{'type': 'Point', 'coordinates': [-87.559152161531, 41.654738760655]};ON SCENE;2025-06-14T02:30:00.000
bccd31d984379d02f54a4cc0e564e2d2e0da0469b82995a0b52a57d5587223b2e8b67b857af9e908ab4217bfebb19078f56a325eafeaf1377a9e08291bdf23c4;2025-06-14 02:25:00;30;TRAFFIC SIGNAL;FUNCTIONING PROPERLY;FREEZING RAIN/DRIZZLE;DARKNESS, LIGHTED ROAD;REAR END;FOUR WAY;STRAIGHT AND LEVEL;WET;NO DEFECTS;NO INJURY / DRIVE AWAY;Y;;OVER $1,500;FAILING TO REDUCE SPEED TO AVOID CRASH;NOT APPLICABLE;4527;S;STATE ST;215;;;;;;;2;NO INDICATION OF INJURY;0;0;0;0;0;2;0;2;7;6;41.8122275522;-87.6260140008;{'type': 'Point', 'coordinates': [-87.626014000769, 41.812227552238]};ON SCENE;2025-06-14T02:27:00.000
79c0886f115489309f8534311899ad0d8dc6462272af6ca023f7c583d2db1fdb2439f08afb43df1a12bbc890da3ae9db05ae5f02b814ec621d0d768f0aa2fd9b;2025-06-14 02:20:00;25;NO CONTROLS;NO CONTROLS;CLEAR;DARKNESS, LIGHTED ROAD;PARKED MOTOR VEHICLE;NOT DIVIDED;STRAIGHT AND LEVEL;DRY;NO DEFECTS;NO INJURY / DRIVE AWAY;;Y;OVER $1,500;UNABLE TO DETERMINE;UNABLE TO DETERMINE;1855;W;108TH PL;2212;;Y;;;;;2;NO INDICATION OF INJURY;0;0;0;0;0;1;0;2;7;6;41.696006103;-87.6687521569;{'type': 'Point', 'coordinates': [-87.668752156899, 41.696006103024]};ON SCENE;2025-06-14T02:49:00.000