crash_record_id;crash_date;posted_speed_limit;traffic_control_device;device_condition;weather_condition;lighting_condition;first_crash_type;trafficway_type;alignment;roadway_surface_cond;road_defect;crash_type;intersection_related_i;hit_and_run_i;damage;prim_contributory_cause;sec_contributory_cause;street_no;street_direction;street_name;beat_of_occurrence;photos_taken_i;statements_taken_i;dooring_i;work_zone_i;work_zone_type;workers_present_i;num_units;most_severe_injury;injuries_total;injuries_fatal;injuries_incapacitating;injuries_non_incapacitating;injuries_reported_not_evident;injuries_no_indication;injuries_unknown;crash_hour;crash_day_of_week;crash_month;latitude;longitude;location;report_type;date_police_notified
03fb2126b652976c74c870147231307b93756c6761746b077c89973479aa5de5dfc710de7d01ae7178cec46acd7a9a322a7d02c23e73b6bfb3f3d7a389bb507e;2025-06-14 02:14:00;30;TRAFFIC SIGNAL;FUNCTIONING PROPERLY;CLEAR;DARKNESS, LIGHTED ROAD;TURNING;NOT DIVIDED;STRAIGHT AND LEVEL;DRY;NO DEFECTS;NO INJURY / DRIVE AWAY;;Y;OVER $1,500;IMPROPER TURNING/NO SIGNAL;IMPROPER TURNING/NO SIGNAL;3614;N;ASHLAND AVE;1922;;;;;;;2;NO INDICATION OF INJURY;0;0;0;0;0;2;0;2;7;6;41.9474755889;-87.669016676;{'type': 'Point', 'coordinates': [-87.669016675989, 41.947475588946]};;2025-06-14T02:14:00.000
5797065c47e4d6486c46f94986557e86aab5065a8d5b1e013da7d870afb33b2be54e3539935900265855f20d5739c523cf1fac6c6ee0a057afb911f8809082e4;2025-06-14 02:14:00;25;STOP SIGN/FLASHER;NO CONTROLS;CLEAR;DARKNESS, LIGHTED ROAD;PARKED MOTOR VEHICLE;NOT DIVIDED;STRAIGHT AND LEVEL;DRY;NO DEFECTS;NO INJURY / DRIVE AWAY;;;$500 OR LESS;IMPROPER BACKING;UNABLE TO DETERMINE;640;W;CERMAK RD;1235;;;;;;;2;NO INDICATION OF INJURY;0;0;0;0;0;1;0;2;7;6;41.8527970965;-87.6432930778;{'type': 'Point', 'coordinates': [-87.643293077755, 41.852797096499]};NOT ON SCENE (DESK REPORT);2025-06-16T22:40:00.000
b65085ec124950dab6410b6e405310cb5e1e0c47279cd34444ecc86e4a9baf92a2fddb9e08aeb44b49fc9a2af75d7a3feddd94b905a113337fee29ca73c99f25;2025-06-14 02:11:00;30;TRAFFIC SIGNAL;FUNCTIONING PROPERLY;CLEAR;DARKNESS, LIGHTED ROAD;FIXED OBJECT;DIVIDED - W/MEDIAN BARRIER;STRAIGHT AND LEVEL;DRY;NO DEFECTS;NO INJURY / DRIVE AWAY;;;OVER $1,500;UNDER THE INFLUENCE OF ALCOHOL/DRUGS (USE WHEN ARREST IS EFFECTED);FAILING TO REDUCE SPEED TO AVOID CRASH;2109;W;OGDEN AVE;1225;;;;;;;1;NO INDICATION OF INJURY;0;0;0;0;0;1;0;2;7;6;41.8701796909;-87.6793062985;{'type': 'Point', 'coordinates': [-87.679306298549, 41.870179690946]};ON SCENE;2025-06-14T02:11:00.000
ad4cafc61ddc4954435c8229da6b2d1b02609d06fbf6659deab25fbe7b38aba8e668e761c187f9ddc1f93201817040dd515e37d51accca5fea05b9a7208907f6;2025-06-14 02:10:00;30;UNKNOWN;NO CONTROLS;CLEAR;DARKNESS;PARKED MOTOR VEHICLE;NOT DIVIDED;STRAIGHT AND LEVEL;DRY;NO DEFECTS;NO INJURY / DRIVE AWAY;;;OVER $1,500;EQUIPMENT - VEHICLE CONDITION;NOT APPLICABLE;2911;N;WESTERN AVE;1432;;;;;;;2;NO INDICATION OF INJURY;0;0;0;0;0;3;0;2;7;6;41.9342149892;-87.6877990335;{'type': 'Point', 'coordinates': [-87.687799033452, 41.934214989248]};ON SCENE;2025-06-14T02:16:00.000
450ed4ff0184e14753c94290d29d8073a846418a030069c42a68b89523e60f7d3c5b179e694939b24ab0d626c2490915e8a8c97343f743b2fcbf60cdf7bb5f0f;2025-06-14 01:59:00;30;NO CONTROLS;NO CONTROLS;CLEAR;DARKNESS, LIGHTED ROAD;PARKED MOTOR VEHICLE;ONE-WAY;STRAIGHT AND LEVEL;DRY;NO DEFECTS;NO INJURY / DRIVE AWAY;;Y;OVER $1,500;UNABLE TO DETERMINE;UNABLE TO DETERMINE;1449;W;56TH ST;713;;;;;;;2;NO INDICATION OF INJURY;0;0;0;0;0;1;0;1;7;6;41.7921406863;-87.6616217817;{'type': 'Point', 'coordinates': [-87.661621781654, 41.792140686306]};ON SCENE;2025-06-14T02:14:00.000
021adc613a95cb8540a6b5a96a899aabe4a867bc3d225d6893f659771c6e29df4dfc8846ec6eec756bc4fa59f576fa3e23f2878cc0b61665a2b2d37ddc4153a5;2025-06-14 01:58:00;30;NO CONTROLS;NO CONTROLS;FOG/SMOKE/HAZE;DARKNESS, LIGHTED ROAD;REAR END;DIVIDED - W/MEDIAN (NOT RAISED);STRAIGHT AND LEVEL;DRY;NO DEFECTS;NO INJURY / DRIVE AWAY;;;OVER $1,500;FOLLOWING TOO CLOSELY;UNABLE TO DETERMINE;6343;S;KEDZIE AVE;823;;;;;;;2;NO INDICATION OF INJURY;0;0;0;0;0;4;0;1;7;6;41.7776552821;-87.7029597601;{'type': 'Point', 'coordinates': [-87.702959760143, 41.777655282099]};ON SCENE;2025-06-14T02:00:00.000
cd562a4c6c6f745115122cf3d34d463f462fc541941d9efa36ab05fb5d2cfacc4b74f929598cb40c2b72e1d58d1f86dcc839135b9c3859a890cae541a479558c;2025-06-14 01:50:00;30;NO CONTROLS;NO CONTROLS;OTHER;DARKNESS, LIGHTED ROAD;PARKED MOTOR VEHICLE;ONE-WAY;STRAIGHT AND LEVEL;WET;NO DEFECTS;NO INJURY / DRIVE AWAY;;;OVER $1,500;UNABLE TO DETERMINE;UNABLE TO DETERMINE;1518;E;71ST ST;332;;;;;;;2;NO INDICATION OF INJURY;0;0;0;0;0;1;0;1;7;6;41.7662512649;-87.587937769;{'type': 'Point', 'coordinates': [-87.587937769034, 41.766251264882]};ON SCENE;2025-06-14T01:55:00.000
90c27ad91ecc28116229d6803e58577876bbe3fc8d36c6b4409fab6601162604aba6518f05203ac4fcfdc1dc8292c3db10d82d4ebbb067eaec4131b562b65100;2025-06-14 01:20:00;30;TRAFFIC SIGNAL;FUNCTIONING PROPERLY;CLEAR;DARKNESS, LIGHTED ROAD;REAR END;NOT DIVIDED;STRAIGHT AND LEVEL;DRY;NO DEFECTS;NO INJURY / DRIVE AWAY;;;OVER $1,500;UNABLE TO DETERMINE;NOT APPLICABLE;2001;W;87TH ST;2221;;;;;;;2;NO INDICATION OF INJURY;0;0;0;0;0;2;0;1;7;6;41.7355447347;-87.6728012809;{'type': 'Point', 'coordinates': [-87.672801280906, 41.735544734727]};NOT ON SCENE (DESK REPORT);2025-06-14T02:12:00.000
cf30c952c3b20cc6e08586208ce2e66a683ef927851589f126012357b1b25463b1ea1930a1d6ddec2e07f1637bc05652a20bc4b0c1494fc466dae309f24b90e6;2025-06-14 01:14:00;25;NO CONTROLS;NO CONTROLS;CLEAR;DARKNESS, LIGHTED ROAD;PARKED MOTOR VEHICLE;NOT DIVIDED;STRAIGHT AND LEVEL;DRY;NO DEFECTS;NO INJURY / DRIVE AWAY;;Y;OVER $1,500;UNABLE TO DETERMINE;UNABLE TO DETERMINE;2524;N;LARAMIE AVE;2515;;;;;;;2;NO INDICATION OF INJURY;0;0;0;0;0;1;0;1;7;6;41.9268228984;-87.7563925652;{'type': 'Point', 'coordinates': [-87.756392565215, 41.926822898379]};ON SCENE;2025-06-14T01:22:00.000
6a530622e099d17b867ec7372a220b05e3ba98428983f00ae008bfd10891b868abfac52c8feda374fe784e2e9b5edbc263fdd2aadde2df0e8d2aa530679fe401;2025-06-14 01:12:00;30;NO CONTROLS;NO CONTROLS;CLEAR;DARKNESS, LIGHTED ROAD;PARKED MOTOR VEHICLE;ONE-WAY;STRAIGHT AND LEVEL;DRY;NO DEFECTS;NO INJURY / DRIVE AWAY;;Y;OVER $1,500;UNABLE TO DETERMINE;UNABLE TO DETERMINE;2116;W;WASHINGTON BLVD;1223;;;;;;;4;NO INDICATION OF INJURY;0;0;0;0;0;1;0;1;7;6;41.8832040791;-87.6798613708;{'type': 'Point', 'coordinates': [-87.679861370779, 41.883204079148]};ON SCENE;2025-06-14T01:15:00.000
9917a3f5d576aee649f433413501c0b5cc4cfef5a7fd4e51aa17008fdd7e0493fae84ae48869a70e06f6fd2cf9b2abe1e9fd7470aaf38dc7b31bf854bdbfdea0;2025-06-14 01:10:00;30;TRAFFIC SIGNAL;FUNCTIONING PROPERLY;CLEAR;DARKNESS, LIGHTED ROAD;SIDESWIPE SAME DIRECTION;FOUR WAY;STRAIGHT AND LEVEL;DRY;NO DEFECTS;NO INJURY / DRIVE AWAY;;Y;$501 - $1,500;FAILING TO YIELD RIGHT-OF-WAY;FAILING TO YIELD RIGHT-OF-WAY;798;W;GRAND AVE;1214;;;;;;;2;NO INDICATION OF INJURY;0;0;0;0;0;2;0;1;7;6;41.8912954209;-87.6475278747;{'type': 'Point', 'coordinates': [-87.647527874697, 41.891295420894]};NOT ON SCENE (DESK REPORT);2025-06-14T14:10:00.000
b6ec3052ad6a7379a4b7f18b7004252922a03a81561493c974c423a03386a10a2e87d5d34225ec203c12c0b0ffcb80ec851f268512c9ea71cb7375a428d42536;2025-06-14 01:10:00;30;NO CONTROLS;NO CONTROLS;CLEAR;DARKNESS, LIGHTED ROAD;SIDESWIPE OPPOSITE DIRECTION;NOT DIVIDED;STRAIGHT AND LEVEL;DRY;NO DEFECTS;INJURY AND / OR TOW DUE TO CRASH;;;OVER $1,500;UNDER THE INFLUENCE OF ALCOHOL/DRUGS (USE WHEN ARREST IS EFFECTED);UNDER THE INFLUENCE OF ALCOHOL/DRUGS (USE WHEN ARREST IS EFFECTED);3319;N;NARRAGANSETT AVE;1633;;;;;;;2;REPORTED, NOT EVIDENT;1;0;0;0;1;1;0;1;7;6;41.9407319147;-87.7860098151;{'type': 'Point', 'coordinates': [-87.786009815127, 41.94073191469]};ON SCENE;2025-06-14T01:18:00.000
d7166f5709b3c9e5aba7c69abcee775832ebe3da6955472d5c69c7b8fa072d3835b033e4d03e87c9dd24cf4203f428bdd20ca7c94988d667552f3747d856ca79;2025-06-14 01:06:00;30;NO CONTROLS;NO CONTROLS;CLEAR;DARKNESS, LIGHTED ROAD;PARKED MOTOR VEHICLE;NOT DIVIDED;STRAIGHT AND LEVEL;DRY;UNKNOWN;NO INJURY / DRIVE AWAY;;;OVER $1,500;FAILING TO REDUCE SPEED TO AVOID CRASH;NOT APPLICABLE;2400;N;SHEFFIELD AVE;1932;;;;;;;2;NO INDICATION OF INJURY;0;0;0;0;0;1;0;1;7;6;41.9254223924;-87.6537605693;{'type': 'Point', 'coordinates': [-87.65376056935, 41.925422392375]};ON SCENE;2025-06-14T01:10:00.000
89871d59d7a9f937bdf6c3505aa6744759a1f8ab71c8df847aeb929b40c9fb8ccd324d1fefea1763e4d1aad1d1bb27c56eebaf07bec98af3d60928b03148e213;2025-06-14 01:00:00;25;NO CONTROLS;OTHER;CLEAR;DAYLIGHT;OTHER OBJECT;PARKING LOT;STRAIGHT AND LEVEL;DRY;NO DEFECTS;INJURY AND / OR TOW DUE TO CRASH;;;OVER $1,500;UNABLE TO DETERMINE;UNABLE TO DETERMINE;2300;S;MICHIGAN AVE;131;N;;;;;;1;NONINCAPACITATING INJURY;1;0;0;1;0;0;0;1;7;6;41.8510210813;-87.6239050482;{'type': 'Point', 'coordinates': [-87.623905048197, 41.851021081261]};NOT ON SCENE (DESK REPORT);2025-06-15T14:20:00.000
dc5996a816b24375a990b6b387f0b724ad39a8db82d6abc52ed012a8053ee722b8d99e6c4fc404b260c930f3ff2e2bb992d3c265c20520423aef404663f6df48;2025-06-14 01:00:00;30;TRAFFIC SIGNAL;FUNCTIONING PROPERLY;CLEAR;DARKNESS, LIGHTED ROAD;TURNING;FOUR WAY;STRAIGHT AND LEVEL;DRY;UNKNOWN;NO INJURY / DRIVE AWAY;Y;;$501 - $1,500;IMPROPER LANE USAGE;IMPROPER LANE USAGE;300;W;WACKER DR;122;;;;;;;2;NO INDICATION OF INJURY;0;0;0;0;0;2;0;1;7;6;41.8868854561;-87.6356218242;{'type': 'Point', 'coordinates': [-87.635621824237, 41.886885456143]};NOT ON SCENE (DESK REPORT);2025-06-14T01:55:00.000
dd8f72faacd335463d1245f02eb6e2326cee9d55ce636c53ef72b185a9092695d098331923cd6533463a781a4d4d55480fc72660639688c900c9c581cd379665;2025-06-14 00:58:00;35;TRAFFIC SIGNAL;FUNCTIONING PROPERLY;CLEAR;DARKNESS, LIGHTED ROAD;ANGLE;DIVIDED - W/MEDIAN (NOT RAISED);STRAIGHT AND LEVEL;DRY;NO DEFECTS;INJURY AND / OR TOW DUE TO CRASH;;;OVER $1,500;DISREGARDING TRAFFIC SIGNALS;FAILING TO REDUCE SPEED TO AVOID CRASH;7855;S;CICERO AVE;834;;;;;;;2;NONINCAPACITATING INJURY;5;0;0;5;0;0;0;0;7;6;41.7493604102;-87.7412303585;{'type': 'Point', 'coordinates': [-87.741230358489, 41.749360410224]};ON SCENE;2025-06-14T01:00:00.000
8f5a8db9161cf7bca4c6c5c1de990c81d55db45c585baca47a2a7136640d6fc94d04bb3aec743a6508a4cb764e19196546957e9c72c67c0cd59921a0693b6ae3;2025-06-14 00:55:00;30;TRAFFIC SIGNAL;FUNCTIONING PROPERLY;RAIN;DARKNESS, LIGHTED ROAD;TURNING;NOT DIVIDED;STRAIGHT AND LEVEL;WET;NO DEFECTS;NO INJURY / DRIVE AWAY;Y;;OVER $1,500;IMPROPER TURNING/NO SIGNAL;UNABLE TO DETERMINE;2;N;FRANKLIN ST;122;;;;;;;2;NO INDICATION OF INJURY;0;0;0;0;0;2;0;0;7;6;41.8819639609;-87.6354591712;{'type': 'Point', 'coordinates': [-87.635459171235, 41.881963960924]};NOT ON SCENE (DESK REPORT);2025-06-14T01:30:00.000
43af9e942c5811a9528d93c8579ad5809d259c307060448614572fa4eda5288f033ff23dedbe0ed01acbac761b35e1e774b948ac66aa9628273d1e2c448ba850;2025-06-14 00:40:00;30;STOP SIGN/FLASHER;NO CONTROLS;CLEAR;DARKNESS, LIGHTED ROAD;SIDESWIPE SAME DIRECTION;FOUR WAY;STRAIGHT AND LEVEL;DRY;NO DEFECTS;NO INJURY / DRIVE AWAY;Y;;OVER $1,500;OPERATING VEHICLE IN ERRATIC, RECKLESS, CARELESS, NEGLIGENT OR AGGRESSIVE MANNER;UNABLE TO DETERMINE;1124;W;WASHINGTON BLVD;1224;;;;;;;2;NO INDICATION OF INJURY;0;0;0;0;0;2;0;0;7;6;41.8831124321;-87.6555121757;{'type': 'Point', 'coordinates': [-87.655512175734, 41.883112432132]};NOT ON SCENE (DESK REPORT);2025-06-15T22:15:00.000
ec91d92bc0dbe15832aa6686b95f465b01ed658142a0d6043fcb69cb94761889c8565f5777d5f3d7179ae28ad9e902213e95118ce9dd667622f754751696ae9e;2025-06-14 00:30:00;30;TRAFFIC SIGNAL;UNKNOWN;CLEAR;DARKNESS;REAR END;NOT DIVIDED;STRAIGHT AND LEVEL;DRY;NO DEFECTS;INJURY AND / OR TOW DUE TO CRASH;;;OVER $1,500;UNABLE TO DETERMINE;UNABLE TO DETERMINE;501;W;111TH ST;2233;;;;;;;2;NONINCAPACITATING INJURY;2;0;0;2;0;0;0;0;7;6;41.6923343638;-87.6351958981;{'type': 'Point', 'coordinates': [-87.63519589812, 41.692334363772]};NOT ON SCENE (DESK REPORT);2025-06-14T23:30:00.000
301268c117342996e2515d548e255d69c43b1f7ce98df508ffdcaba4378da6653b085308f05d69919887e674fa7d27c4608f8715de7860e440928b2bb5fcd028;2025-06-14 00:20:00;25;TRAFFIC SIGNAL;UNKNOWN;CLEAR;DARKNESS, LIGHTED ROAD;REAR END;FOUR WAY;STRAIGHT AND LEVEL;DRY;UNKNOWN;NO INJURY / DRIVE AWAY;Y;;$501 - $1,500;UNABLE TO DETERMINE;NOT APPLICABLE;6000;N;CALIFORNIA AVE;2413;;;;;;;2;NO INDICATION OF INJURY;0;0;0;0;0;2;0;0;7;6;41.9905277171;-87.6995520841;{'type': 'Point', 'coordinates': [-87.699552084052, 41.990527717148]};NOT ON SCENE (DESK REPORT);2025-06-14T01:30:00.000
2e213099438c225078f2ee5e4f9b2cfa9c860bfcc4e6eda36438b46b0116702b5651e3255820167250860e183b303700715a7c3aeaed4d481b4499e082f0190b;2025-06-14 00:16:00;30;TRAFFIC SIGNAL;FUNCTIONING PROPERLY;CLEAR;DARKNESS;REAR TO SIDE;OTHER;STRAIGHT AND LEVEL;DRY;UNKNOWN;NO INJURY / DRIVE AWAY;Y;Y;$500 OR LESS;FAILING TO YIELD RIGHT-OF-WAY;UNABLE TO DETERMINE;8708;S;HOLLAND RD;634;;;;;;;2;NO INDICATION OF INJURY;0;0;0;0;0;3;0;0;7;6;41.7357181359;-87.6326305858;{'type': 'Point', 'coordinates': [-87.632630585773, 41.735718135945]};ON SCENE;2025-06-14T00:16:00.000
3d480ce33512142ca838ce6c7c893a2e34bf8abdb6892986891ddba47699a673b7c4f6b74599d2b0a54f20ab713244cca6c1108c2a3484ed713e62448bd00c31;2025-06-14 00:15:00;30;STOP SIGN/FLASHER;FUNCTIONING PROPERLY;CLEAR;DARKNESS, LIGHTED ROAD;ANGLE;FOUR WAY;STRAIGHT AND LEVEL;DRY;UNKNOWN;NO INJURY / DRIVE AWAY;;;OVER $1,500;UNABLE TO DETERMINE;UNABLE TO DETERMINE;1400;W;71ST ST;734;;;;;;;2;NO INDICATION OF INJURY;0;0;0;0;0;2;0;0;7;6;41.7650894399;-87.6590315479;{'type': 'Point', 'coordinates': [-87.659031547879, 41.76508943991]};NOT ON SCENE (DESK REPORT);2025-06-14T00:25:00.000
aa4361775de3ced1b3084751be359698843c550cbca4e84343af61622dd132e563ac7d37d6dfd6bba0ed99f7461d57e93039ee6060bd3a18fc02e909559ae7e7;2025-06-14 00:13:00;30;NO CONTROLS;NO CONTROLS;CLEAR;DARKNESS, LIGHTED ROAD;FIXED OBJECT;NOT DIVIDED;STRAIGHT AND LEVEL;DRY;NO DEFECTS;INJURY AND / OR TOW DUE TO CRASH;;;OVER $1,500;IMPROPER TURNING/NO SIGNAL;NOT APPLICABLE;8328;W;BELMONT AVE;1631;;;;;;;1;NONINCAPACITATING INJURY;1;0;0;1;0;0;0;0;7;6;41.9376856209;-87.8347493959;{'type': 'Point', 'coordinates': [-87.834749395886, 41.937685620949]};ON SCENE;2025-06-14T00:25:00.000
651edea3e610900b7573d915f26889b22d8865e0cf5f8d82dd8426bb39850e56b77d5e70954ef160186a726daa9e039e740944a89fddbf63a51c103b0a7522b4;2025-06-14 00:07:00;30;TRAFFIC SIGNAL;FUNCTIONING PROPERLY;CLEAR;DARKNESS, LIGHTED ROAD;TURNING;FIVE POINT, OR MORE;STRAIGHT AND LEVEL;DRY;UNKNOWN;INJURY AND / OR TOW DUE TO CRASH;Y;;OVER $1,500;IMPROPER TURNING/NO SIGNAL;NOT APPLICABLE;3838;S;PULASKI RD;815;;;;;;;2;INCAPACITATING INJURY;1;0;1;0;0;1;0;0;7;6;41.8231223997;-87.7242001737;{'type': 'Point', 'coordinates': [-87.724200173724, 41.823122399703]};ON SCENE;2025-06-14T00:12:00.000
975336de6602a5e272c1a84c940e3f32e45d87ae71c1c97d068dc427ac07eae0f65e6c7b5e465f7ee2a4b7198e86d1e2059fc9011293211657cb93519eb83d8e;2025-06-14 00:07:00;30;TRAFFIC SIGNAL;FUNCTIONING PROPERLY;FREEZING RAIN/DRIZZLE;DARKNESS, LIGHTED ROAD;OTHER NONCOLLISION;DIVIDED - W/MEDIAN (NOT RAISED);STRAIGHT AND LEVEL;WET;NO DEFECTS;INJURY AND / OR TOW DUE TO CRASH;;;OVER $1,500;WEATHER;NOT APPLICABLE;4298;S;RACINE AVE;924;;;;;;;1;NO INDICATION OF INJURY;0;0;0;0;0;1;0;0;7;6;41.816050508;-87.6554810685;{'type': 'Point', 'coordinates': [-87.655481068453, 41.816050507988]};ON SCENE;2025-06-14T00:14:00.000
80818dd44b8ba602f312f5198c27a4fbae9d8823f51493f99557a31a9c66d5fabfaa963570a10c038df023b667e119746c397955eeedc3c29869b51ade39ad56;2025-06-14 00:05:00;30;NO CONTROLS;NO CONTROLS;CLEAR;DARKNESS, LIGHTED ROAD;PARKED MOTOR VEHICLE;NOT DIVIDED;STRAIGHT AND LEVEL;WET;UNKNOWN;NO INJURY / DRIVE AWAY;;;OVER $1,500;DISTRACTION - FROM INSIDE VEHICLE;NOT APPLICABLE;2222;W;MONTROSE AVE;1911;;;;;;;2;NO INDICATION OF INJURY;0;0;0;0;0;1;0;0;7;6;41.9614754948;-87.6849849716;{'type': 'Point', 'coordinates': [-87.68498497156, 41.961475494766]};NOT ON SCENE (DESK REPORT);2025-06-14T01:00:00.000
50e248545c4b84de9c375cdead609ef996b208693b3764d5092f3fc4b5dc4b33d2d29279436d4d26adf1cbae917c698620677360aefcb2ffec6753656e2095ed;2025-06-14 00:03:00;30;OTHER;FUNCTIONING PROPERLY;CLEAR;DARKNESS, LIGHTED ROAD;PARKED MOTOR VEHICLE;ONE-WAY;STRAIGHT AND LEVEL;DRY;NO DEFECTS;INJURY AND / OR TOW DUE TO CRASH;;;OVER $1,500;UNABLE TO DETERMINE;UNABLE TO DETERMINE;1956;N;ST LOUIS AVE;1422;;;;;;;3;NO INDICATION OF INJURY;0;0;0;0;0;1;0;0;7;6;41.9172913773;-87.7136769989;{'type': 'Point', 'coordinates': [-87.713676998942, 41.917291377321]};ON SCENE;2025-06-14T00:04:00.000
dfeb5da02e2531c000c507d8f1fb646d37e7b669fdced5222aa4f767f1264a0006181d67ea64210bb37746efc67b19b2c92dc26829586935e2298fc8f7103699;2025-06-14 00:01:00;30;NO CONTROLS;NO CONTROLS;CLEAR;DARKNESS;PARKED MOTOR VEHICLE;PARKING LOT;STRAIGHT AND LEVEL;DRY;NO DEFECTS;NO INJURY / DRIVE AWAY;;Y;OVER $1,500;FAILING TO REDUCE SPEED TO AVOID CRASH;NOT APPLICABLE;35;E;59TH ST;232;;;;;;;2;NO INDICATION OF INJURY;0;0;0;0;0;1;0;0;7;6;41.7872783754;-87.6240573057;{'type': 'Point', 'coordinates': [-87.624057305685, 41.787278375368]};ON SCENE;2025-06-14T00:09:00.000
b505895cdee67bdfe7e7fca276a38d7f265189ebf193ba7b8b241f95cf1c62dc1c65c357e5714611b8685fa428ea07ba86f4214993b30de017bfaeab906fbf7e;2025-06-14 00:00:00;30;UNKNOWN;UNKNOWN;UNKNOWN;UNKNOWN;PARKED MOTOR VEHICLE;UNKNOWN;STRAIGHT AND LEVEL;UNKNOWN;UNKNOWN;NO INJURY / DRIVE AWAY;;Y;OVER $1,500;UNABLE TO DETERMINE;NOT APPLICABLE;6250;N;KENMORE AVE;2433;;;;;;;2;NO INDICATION OF INJURY;0;0;0;0;0;1;0;0;7;6;41.9961319213;-87.6571469097;{'type': 'Point', 'coordinates': [-87.657146909675, 41.996131921266]};NOT ON SCENE (DESK REPORT);2025-06-16T16:30:00.000
19fc1b55bf21280f5d249e2c6fecb8a234cd8bf2baf81bf7ad4cce871ff45c14c22f5b37037be47dc1d5f9e91942151cafb130261b7c42f3dbc3cbc19de7c213;2025-06-13 23:57:00;45;NO CONTROLS;NO CONTROLS;CLEAR;DARKNESS, LIGHTED ROAD;SIDESWIPE SAME DIRECTION;DRIVEWAY;STRAIGHT AND LEVEL;DRY;NO DEFECTS;NO INJURY / DRIVE AWAY;;Y;$501 - $1,500;IMPROPER LANE USAGE;IMPROPER LANE USAGE;327;W;BELMONT AVE;1934;;;;;;;2;NO INDICATION OF INJURY;0;0;0;0;0;2;0;23;6;6;41.9401650184;-87.6386971038;{'type': 'Point', 'coordinates': [-87.638697103758, 41.940165018358]};ON SCENE;2025-06-14T00:45:00.000
45c4a92a5f2ad71141db52fb73f1666461b32e138346dfe4a932c0d8c3426596af22b17c2179b539e4755c6334f0b232632312b5249a065f877c6637f78a7938;2025-06-13 23:49:00;20;NO CONTROLS;NO CONTROLS;CLEAR;DARKNESS;PARKED MOTOR VEHICLE;T-INTERSECTION;STRAIGHT AND LEVEL;DRY;NO DEFECTS;INJURY AND / OR TOW DUE TO CRASH;Y;Y;OVER $1,500;UNABLE TO DETERMINE;UNABLE TO DETERMINE;825;W;DIVERSEY PKWY;1935;;;;;;;2;NO INDICATION OF INJURY;0;0;0;0;0;1;0;23;6;6;41.9325881285;-87.6500723525;{'type': 'Point', 'coordinates': [-87.65007235254, 41.932588128495]};ON SCENE;2025-06-13T23:55:00.000
db239208d43574c489496f8de6dfa435fe4d3f913135c927ece8915955bcee12dcefcac38387ebca6221e259c55429707decca395a692d487e700dd0c6989c15;2025-06-13 23:48:00;30;TRAFFIC SIGNAL;FUNCTIONING PROPERLY;CLEAR;DARKNESS, LIGHTED ROAD;PARKED MOTOR VEHICLE;FOUR WAY;STRAIGHT AND LEVEL;DRY;NO DEFECTS;NO INJURY / DRIVE AWAY;Y;;$501 - $1,500;UNDER THE INFLUENCE OF ALCOHOL/DRUGS (USE WHEN ARREST IS EFFECTED);NOT APPLICABLE;3201;W;OHIO ST;1121;;;;;;;2;NO INDICATION OF INJURY;0;0;0;0;0;1;0;23;6;6;41.8917856544;-87.7065047197;{'type': 'Point', 'coordinates': [-87.706504719711, 41.891785654403]};NOT ON SCENE (DESK REPORT);2025-06-13T23:48:00.000
6725429dc2549b3a9f40230fe39de86f7e09cf675760a985d20818856d029cc1f0f4a916ae3aa522868c7a0ddf5797e561040fddd6f4c572ade621aca5fb63a8;2025-06-13 23:38:00;30;NO CONTROLS;NO CONTROLS;CLEAR;DARKNESS, LIGHTED ROAD;SIDESWIPE SAME DIRECTION;NOT DIVIDED;STRAIGHT AND LEVEL;DRY;NO DEFECTS;NO INJURY / DRIVE AWAY;;;$500 OR LESS;NOT APPLICABLE;NOT APPLICABLE;606;N;STATE ST;1832;;;;;;;2;NO INDICATION OF INJURY;0;0;0;0;0;3;0;23;6;6;41.8926734973;-87.6282545302;{'type': 'Point', 'coordinates': [-87.628254530191, 41.892673497328]};ON SCENE;2025-06-14T00:07:00.000