crash_record_id;crash_date;posted_speed_limit;traffic_control_device;device_condition;weather_condition;lighting_condition;first_crash_type;trafficway_type;alignment;roadway_surface_cond;road_defect;crash_type;intersection_related_i;hit_and_run_i;damage;prim_contributory_cause;sec_contributory_cause;street_no;street_direction;street_name;beat_of_occurrence;photos_taken_i;statements_taken_i;dooring_i;work_zone_i;work_zone_type;workers_present_i;num_units;most_severe_injury;injuries_total;injuries_fatal;injuries_incapacitating;injuries_non_incapacitating;injuries_reported_not_evident;injuries_no_indication;injuries_unknown;crash_hour;crash_day_of_week;crash_month;latitude;longitude;location;report_type;date_police_notified
6e4441a70b48be0b08eaf65a9ead664dc6ed25a5f12f3d560f8d95a6de1a4130a037f5c6066e30e6332b5436ad067b65ec913cc4453b5105af395cd2752b5b93;2025-06-13 23:35:00;30;NO CONTROLS;NO CONTROLS;CLEAR;DARKNESS, LIGHTED ROAD;ANGLE;T-INTERSECTION;STRAIGHT AND LEVEL;DRY;NO DEFECTS;INJURY AND / OR TOW DUE TO CRASH;Y;;OVER $1,500;DISREGARDING STOP SIGN;DISREGARDING STOP SIGN;3099;S;DRAKE AVE;1032;;;;;;;2;NONINCAPACITATING INJURY;4;0;0;3;1;1;0;23;6;6;41.8371729666;-87.7132272978;{'type': 'Point', 'coordinates': [-87.713227297787, 41.837172966597]};ON SCENE;2025-06-13T23:36:00.000
1e277172769aaa084cfa78f3ed5c753b88f4536cd5a7296b311fdd2e51d118d5e487943e4679160efdc93751778e71e073c68f280b8a8af39284cae674001d10;2025-06-13 23:31:00;30;NO CONTROLS;NO CONTROLS;CLEAR;DARKNESS, LIGHTED ROAD;REAR TO FRONT;NOT DIVIDED;STRAIGHT AND LEVEL;DRY;NO DEFECTS;NO INJURY / DRIVE AWAY;;;$501 - $1,500;IMPROPER LANE USAGE;DRIVING SKILLS/KNOWLEDGE/EXPERIENCE;9501;S;COTTAGE GROVE AVE;511;;;;;;;2;NO INDICATION OF INJURY;0;0;0;0;0;2;0;23;6;6;41.721934481;-87.6030589686;{'type': 'Point', 'coordinates': [-87.603058968556, 41.721934480956]};ON SCENE;2025-06-13T23:31:00.000
0b7c4411e758d4a9b0a839c4411d1e87ea54b9b5507baf7cc744b090960262b3c0765a3a015beca3775cba25097d9467e7a9143a8d5d5ed1253c5c3f20eac0e5;2025-06-13 23:25:00;30;TRAFFIC SIGNAL;FUNCTIONING PROPERLY;CLEAR;DARKNESS, LIGHTED ROAD;TURNING;DIVIDED - W/MEDIAN BARRIER;STRAIGHT AND LEVEL;UNKNOWN;UNKNOWN;INJURY AND / OR TOW DUE TO CRASH;Y;;OVER $1,500;IMPROPER TURNING/NO SIGNAL;DISREGARDING OTHER TRAFFIC SIGNS;1900;N;ASHLAND AVE;1433;;;;;;;2;NONINCAPACITATING INJURY;1;0;0;1;0;1;0;23;6;6;41.916147281;-87.6679473535;{'type': 'Point', 'coordinates': [-87.667947353504, 41.916147280953]};ON SCENE;2025-06-13T23:28:00.000
ce7ba35ab56f082c175110bc89e7ad4b7e08deefdd3a7d2bbcd611b0f012e34b205212267fc592ad3c01f7ad8500ad2f8f1750d7dc82b3ac52c57722e8327759;2025-06-13 23:25:00;45;STOP SIGN/FLASHER;NO CONTROLS;CLEAR;DARKNESS, LIGHTED ROAD;TURNING;T-INTERSECTION;STRAIGHT AND LEVEL;DRY;UNKNOWN;INJURY AND / OR TOW DUE TO CRASH;Y;;OVER $1,500;UNABLE TO DETERMINE;UNABLE TO DETERMINE;4658;S;LAKE SHORE DR NB;222;;;;;;;2;NONINCAPACITATING INJURY;3;0;0;3;0;2;0;23;6;6;41.8108282806;-87.5895354104;{'type': 'Point', 'coordinates': [-87.58953541043, 41.810828280637]};ON SCENE;2025-06-13T23:28:00.000
471fc69ede2fdbbff97dac7df38a786c80a55d8c5b938114c1b939da435a13d0bada0a7874917e0b9dd76bcff8591134b971fdcdf271dfd48e1fd9240a854a3e;2025-06-13 23:17:00;30;TRAFFIC SIGNAL;UNKNOWN;UNKNOWN;UNKNOWN;REAR END;DIVIDED - W/MEDIAN (NOT RAISED);STRAIGHT AND LEVEL;UNKNOWN;UNKNOWN;NO INJURY / DRIVE AWAY;;Y;OVER $1,500;UNABLE TO DETERMINE;NOT APPLICABLE;3200;W;59TH ST;822;;;;;;;2;NO INDICATION OF INJURY;0;0;0;0;0;2;0;23;6;6;41.7863573187;-87.7034123861;{'type': 'Point', 'coordinates': [-87.70341238607, 41.786357318651]};NOT ON SCENE (DESK REPORT);2025-06-13T23:25:00.000
e61f7d59788d8687197721b9469de9dfd2603eb1d659c415eb109f7faaf3425a9e9bb118d102e513c78b93ae0c7e5f6388ecc1ec05fdd526c2b6ab50d3c43bd7;2025-06-13 23:17:00;30;NO CONTROLS;NO CONTROLS;CLEAR;DARKNESS, LIGHTED ROAD;REAR END;FOUR WAY;STRAIGHT AND LEVEL;DRY;NO DEFECTS;NO INJURY / DRIVE AWAY;;Y;OVER $1,500;UNABLE TO DETERMINE;NOT APPLICABLE;3248;W;NORTH AVE;1422;;;;;;;2;NO INDICATION OF INJURY;0;0;0;0;0;3;0;23;6;6;41.9102010287;-87.7086996383;{'type': 'Point', 'coordinates': [-87.708699638285, 41.910201028736]};NOT ON SCENE (DESK REPORT);2025-06-13T23:48:00.000
e890d26903da347121df62ae4085878558d2166722193989d87c1335822e1b1d6b97b1b87570c2930c0960dd05bd7b2338724e57602589a804d3ffe2a1bb47a2;2025-06-13 23:08:00;30;NO CONTROLS;NO CONTROLS;CLEAR;DARKNESS, LIGHTED ROAD;PARKED MOTOR VEHICLE;NOT DIVIDED;STRAIGHT AND LEVEL;DRY;UNKNOWN;NO INJURY / DRIVE AWAY;;;OVER $1,500;UNABLE TO DETERMINE;NOT APPLICABLE;941;N;CENTRAL AVE;1524;;;;;;;2;NO INDICATION OF INJURY;0;0;0;0;0;1;0;23;6;6;41.8978506109;-87.7653554425;{'type': 'Point', 'coordinates': [-87.76535544248, 41.897850610946]};ON SCENE;2025-06-13T23:17:00.000
e1e56e5a5d2e2ecccc691ff4259936717fbf4ac3ec129a8d854e08411935bbf395d18ccc83d9e61a81d946247a188e0aa831327671e16e8786c8fbfb4393c46f;2025-06-13 23:05:00;25;TRAFFIC SIGNAL;FUNCTIONING PROPERLY;CLEAR;DARKNESS, LIGHTED ROAD;SIDESWIPE SAME DIRECTION;NOT DIVIDED;STRAIGHT AND LEVEL;DRY;NO DEFECTS;NO INJURY / DRIVE AWAY;;;$500 OR LESS;UNABLE TO DETERMINE;UNABLE TO DETERMINE;400;W;63RD ST;711;;;;;;;2;NO INDICATION OF INJURY;0;0;0;0;0;3;0;23;6;6;41.7800180367;-87.6351127639;{'type': 'Point', 'coordinates': [-87.635112763932, 41.780018036652]};ON SCENE;2025-06-13T23:09:00.000
6b924411b9dd0164840812290e82288c6a058436b875a74e90fdca33b07fc90de7f9deefe35685e2edd99d6247355a771ab9f597fdba9c2ed871bcbdc87ffeed;2025-06-13 23:01:00;30;NO CONTROLS;NO CONTROLS;CLEAR;DARKNESS, LIGHTED ROAD;PARKED MOTOR VEHICLE;NOT DIVIDED;STRAIGHT AND LEVEL;DRY;NO DEFECTS;NO INJURY / DRIVE AWAY;;Y;OVER $1,500;IMPROPER OVERTAKING/PASSING;NOT APPLICABLE;3734;W;BELMONT AVE;1732;;;;;;;2;NO INDICATION OF INJURY;0;0;0;0;0;1;0;23;6;6;41.9392769873;-87.7212034318;{'type': 'Point', 'coordinates': [-87.721203431761, 41.939276987259]};ON SCENE;2025-06-13T23:19:00.000
0a204f2cba0f4c7480d216a45c2471c1017e3619985fc4be20fe1d051506843a12edc8077085c19ba45586bd3b3eaa30e3aa69704642bcfc99939d8a87e38bc6;2025-06-13 23:00:00;30;NO CONTROLS;NO CONTROLS;CLEAR;DARKNESS;PARKED MOTOR VEHICLE;ONE-WAY;STRAIGHT AND LEVEL;DRY;NO DEFECTS;NO INJURY / DRIVE AWAY;;;OVER $1,500;UNABLE TO DETERMINE;UNABLE TO DETERMINE;1806;N;WASHTENAW AVE;1421;;;;;;;2;NO INDICATION OF INJURY;0;0;0;0;0;1;0;23;6;6;41.9141784892;-87.694804007;{'type': 'Point', 'coordinates': [-87.694804006994, 41.91417848919]};NOT ON SCENE (DESK REPORT);2025-06-14T15:00:00.000
815d2419731be801f263230da170ae52b5b4cb8356eff6bf3c49503e5bced0a776dab0db3a203cef790a206d8deb9297a51a88f6555728261f643a496a47828c;2025-06-13 22:55:00;25;NO CONTROLS;UNKNOWN;CLEAR;DARKNESS, LIGHTED ROAD;TURNING;FOUR WAY;STRAIGHT AND LEVEL;DRY;UNKNOWN;NO INJURY / DRIVE AWAY;;;OVER $1,500;UNABLE TO DETERMINE;UNABLE TO DETERMINE;1000;S;CICERO AVE;1533;;;;;;;2;NO INDICATION OF INJURY;0;0;0;0;0;2;0;22;6;6;41.8685014917;-87.7449821867;{'type': 'Point', 'coordinates': [-87.744982186651, 41.868501491727]};NOT ON SCENE (DESK REPORT);2025-06-13T23:30:00.000
eb1fa060716766e7f0afe08ab7cfb0af369c15d6667be9f9ae8da8f6e1bb81bc0e4fcd7588c61484ec11f745968dae9c4c9e74a316f444d5a0e040244c2448c6;2025-06-13 22:35:00;30;NO CONTROLS;NO CONTROLS;CLEAR;DARKNESS, LIGHTED ROAD;REAR END;NOT DIVIDED;STRAIGHT AND LEVEL;DRY;NO DEFECTS;NO INJURY / DRIVE AWAY;;;OVER $1,500;UNABLE TO DETERMINE;NOT APPLICABLE;1128;N;HOMAN AVE;1121;;;;;;;4;NO INDICATION OF INJURY;0;0;0;0;0;8;0;22;6;6;41.9019236479;-87.7117930782;{'type': 'Point', 'coordinates': [-87.711793078226, 41.901923647933]};ON SCENE;2025-06-13T22:35:00.000
66a708179d26dfb0a269fad0d7d6a7fef8059a2c1db1ce420f6a800d0413ca47f2ce90a4db5ec6dc3fbcaf6c19479509d2d998bd554640bb1bcf35266b19ec62;2025-06-13 22:20:00;35;NO CONTROLS;NO CONTROLS;CLEAR;DARKNESS, LIGHTED ROAD;TURNING;OTHER;STRAIGHT AND LEVEL;DRY;NO DEFECTS;NO INJURY / DRIVE AWAY;;;OVER $1,500;IMPROPER TURNING/NO SIGNAL;DRIVING SKILLS/KNOWLEDGE/EXPERIENCE;4357;N;PULASKI RD;1723;;;;;;;2;NO INDICATION OF INJURY;0;0;0;0;0;2;0;22;6;6;41.9608253827;-87.7276776172;{'type': 'Point', 'coordinates': [-87.727677617201, 41.96082538273]};NOT ON SCENE (DESK REPORT);2025-06-14T20:00:00.000
cf39e3468580f5b85090ae473e9e6872f381ce3d44071cec318132602effb819858277d0aed5a89b280aeea4fa69616711ae2ee68a92cce8b93139dd5ca2435a;2025-06-13 22:20:00;30;NO CONTROLS;NO CONTROLS;CLEAR;DARKNESS;SIDESWIPE SAME DIRECTION;ONE-WAY;STRAIGHT AND LEVEL;DRY;NO DEFECTS;NO INJURY / DRIVE AWAY;;;$501 - $1,500;FOLLOWING TOO CLOSELY;NOT APPLICABLE;500;S;DEARBORN ST;123;;;;;;;2;NO INDICATION OF INJURY;0;0;0;0;0;3;0;22;6;6;41.8755691096;-87.6293832259;{'type': 'Point', 'coordinates': [-87.629383225868, 41.875569109604]};NOT ON SCENE (DESK REPORT);2025-06-15T16:04:00.000
9b697985613825eb7cde2dae3271dcf830adf025e88b31146cd36f6e9f283c1b4da7e60a3a54e26170aebc1816fcd22d9d172887d7474ace4de94ee8612dc274;2025-06-13 22:04:00;30;TRAFFIC SIGNAL;FUNCTIONING PROPERLY;CLEAR;DARKNESS;PARKED MOTOR VEHICLE;NOT DIVIDED;STRAIGHT AND LEVEL;DRY;NO DEFECTS;INJURY AND / OR TOW DUE TO CRASH;;Y;OVER $1,500;UNABLE TO DETERMINE;UNABLE TO DETERMINE;3500;S;WESTERN BLVD;911;;;;;;;2;NO INDICATION OF INJURY;0;0;0;0;0;1;0;22;6;6;41.8302367756;-87.6846047573;{'type': 'Point', 'coordinates': [-87.684604757265, 41.830236775648]};ON SCENE;2025-06-13T22:04:00.000
9b4065f3e33ff367f5fcebb99af8c34760667ac95cd98635b3b9aba42d45dd3b02464492fc93c7e86e644ff3294046e150915872f0d87c16368bb3609f839cb5;2025-06-13 21:55:00;30;TRAFFIC SIGNAL;UNKNOWN;UNKNOWN;UNKNOWN;REAR END;DIVIDED - W/MEDIAN (NOT RAISED);STRAIGHT AND LEVEL;UNKNOWN;UNKNOWN;NO INJURY / DRIVE AWAY;;Y;OVER $1,500;UNABLE TO DETERMINE;NOT APPLICABLE;3201;W;63RD ST;823;;;;;;;2;NO INDICATION OF INJURY;0;0;0;0;0;2;0;21;6;6;41.7788619983;-87.703255421;{'type': 'Point', 'coordinates': [-87.703255420963, 41.778861998346]};NOT ON SCENE (DESK REPORT);2025-06-13T21:58:00.000
a5790768f3b61ba55af11a838f7288229e2c32e2e276656525e248fd2bf5f220e30a346aa25c3b3496b1c6b12cbb28fedfb29832f063e13780b7c9aa71ade658;2025-06-13 21:47:00;30;TRAFFIC SIGNAL;FUNCTIONING PROPERLY;CLEAR;DARKNESS, LIGHTED ROAD;REAR END;T-INTERSECTION;STRAIGHT AND LEVEL;DRY;NO DEFECTS;NO INJURY / DRIVE AWAY;Y;Y;$500 OR LESS;IMPROPER LANE USAGE;FOLLOWING TOO CLOSELY;211;E;IDA B WELLS DR;114;;;;;;;2;NO INDICATION OF INJURY;0;0;0;0;0;2;0;21;6;6;41.8756458715;-87.6219541233;{'type': 'Point', 'coordinates': [-87.62195412334, 41.875645871503]};NOT ON SCENE (DESK REPORT);2025-06-13T23:06:00.000
2d2809bb0e2887c6ac92c9af55f040c2d97f83beedd259b573ccf7de597285535881dbf672044e6e3440d3e3ebb52d06815508c2105381a4c36bf125e2fb0599;2025-06-13 21:30:00;30;NO CONTROLS;NO CONTROLS;CLEAR;DARKNESS, LIGHTED ROAD;SIDESWIPE SAME DIRECTION;NOT DIVIDED;STRAIGHT AND LEVEL;DRY;NO DEFECTS;NO INJURY / DRIVE AWAY;;;OVER $1,500;UNABLE TO DETERMINE;NOT APPLICABLE;2500;S;ARCHER AVE;913;;;;;;;2;NO INDICATION OF INJURY;0;0;0;0;0;4;0;21;6;6;41.8472613472;-87.6466247965;{'type': 'Point', 'coordinates': [-87.646624796541, 41.847261347181]};NOT ON SCENE (DESK REPORT);2025-06-13T22:00:00.000
d070d31d60b44429052bf2626cebb53f463cbef13705983b271dad0778d14d7a08a28a27677f4de022747ea6f0323004291cadf707206d688958afe55fbd19d8;2025-06-13 21:27:00;30;NO CONTROLS;NO CONTROLS;CLEAR;DARKNESS, LIGHTED ROAD;SIDESWIPE SAME DIRECTION;DIVIDED - W/MEDIAN (NOT RAISED);STRAIGHT AND LEVEL;DRY;NO DEFECTS;NO INJURY / DRIVE AWAY;;;OVER $1,500;FAILING TO YIELD RIGHT-OF-WAY;FAILING TO YIELD RIGHT-OF-WAY;7919;S;DAMEN AVE;611;;;;;;;2;NO INDICATION OF INJURY;0;0;0;0;0;2;0;21;6;6;41.7496634386;-87.6729694297;{'type': 'Point', 'coordinates': [-87.672969429691, 41.749663438624]};ON SCENE;2025-06-13T21:38:00.000
f0a010821e61bbf0ad930ebded023970e91c84ebe16da2f64c50b973702d5eef9e1385c76412825fb608650dd375ec9918099956842b557f9066f674e0e68cd7;2025-06-13 21:21:00;30;STOP SIGN/FLASHER;FUNCTIONING PROPERLY;CLEAR;DARKNESS, LIGHTED ROAD;PEDALCYCLIST;T-INTERSECTION;STRAIGHT AND LEVEL;DRY;NO DEFECTS;INJURY AND / OR TOW DUE TO CRASH;Y;;$500 OR LESS;DRIVING ON WRONG SIDE/WRONG WAY;NOT APPLICABLE;4150;S;ARCHER AVE;921;;;;;;;2;NONINCAPACITATING INJURY;1;0;0;1;0;1;0;21;6;6;41.8180912187;-87.6979450325;{'type': 'Point', 'coordinates': [-87.697945032491, 41.818091218658]};ON SCENE;2025-06-13T21:21:00.000
b965cce40ad40d2201c5caa8e966ebb5c55cf32f056d088d972c2bbdb0c4e486dec4889ddfaf3c2641544c300d242c66c718ec4031ba93850069a03bdaa917e7;2025-06-13 21:15:00;30;TRAFFIC SIGNAL;FUNCTIONING PROPERLY;CLEAR;DARKNESS, LIGHTED ROAD;ANGLE;FOUR WAY;STRAIGHT AND LEVEL;DRY;NO DEFECTS;INJURY AND / OR TOW DUE TO CRASH;Y;Y;OVER $1,500;FAILING TO YIELD RIGHT-OF-WAY;UNABLE TO DETERMINE;6901;S;LAFAYETTE AVE;731;;;;;;;2;NO INDICATION OF INJURY;0;0;0;0;0;4;0;21;6;6;41.7691478168;-87.626519598;{'type': 'Point', 'coordinates': [-87.626519598037, 41.769147816783]};ON SCENE;2025-06-13T21:17:00.000
d733f4f1ef8d197c54f7c27b89c0110712ecd73d5cb6c75d0637a5b8cdf1cb968dcf7f7be4f24a9bf19144defac19007ef96bbb29a2570be8f2aff854241bbee;2025-06-13 21:11:00;30;UNKNOWN;UNKNOWN;CLEAR;DARKNESS;SIDESWIPE SAME DIRECTION;UNKNOWN;STRAIGHT AND LEVEL;DRY;NO DEFECTS;NO INJURY / DRIVE AWAY;;Y;OVER $1,500;UNABLE TO DETERMINE;UNABLE TO DETERMINE;6901;S;STATE ST;322;;;;;;;2;NO INDICATION OF INJURY;0;0;0;0;0;2;0;21;6;6;41.7690980427;-87.6247991399;{'type': 'Point', 'coordinates': [-87.624799139878, 41.769098042657]};NOT ON SCENE (DESK REPORT);2025-06-13T22:00:00.000
659743fadf5861179399823dd7168251740d1879456b4644bcaf81e1a23e3fdc8bc439f86e7bbe7f502256f64e7150a2fe88c037836cf0cdb57a6c8a86d6f002;2025-06-13 21:00:00;30;STOP SIGN/FLASHER;NO CONTROLS;CLEAR;DARKNESS, LIGHTED ROAD;SIDESWIPE SAME DIRECTION;DIVIDED - W/MEDIAN (NOT RAISED);STRAIGHT AND LEVEL;DRY;NO DEFECTS;NO INJURY / DRIVE AWAY;;;OVER $1,500;UNABLE TO DETERMINE;NOT APPLICABLE;2300;W;23RD ST;1034;;;;;;;2;NO INDICATION OF INJURY;0;0;0;0;0;2;0;21;6;6;41.8503596218;-87.6832675098;{'type': 'Point', 'coordinates': [-87.683267509806, 41.850359621819]};NOT ON SCENE (DESK REPORT);2025-06-14T12:15:00.000
b43376fdc43fe5061590d79b506ae3e1c74aec98c19bae18b92f062e5b76a07be89d0ee9f071d316fdea3b5f71da3f75e870922b7bd455bfc9c087530e40e49a;2025-06-13 21:00:00;30;NO CONTROLS;NO CONTROLS;CLEAR;DARKNESS, LIGHTED ROAD;REAR END;NOT DIVIDED;STRAIGHT AND LEVEL;DRY;NO DEFECTS;NO INJURY / DRIVE AWAY;;;OVER $1,500;UNABLE TO DETERMINE;NOT APPLICABLE;8601;S;WESTERN AVE;614;;;;;;;2;NO INDICATION OF INJURY;0;0;0;0;0;3;0;21;6;6;41.7372991317;-87.6824041131;{'type': 'Point', 'coordinates': [-87.682404113088, 41.737299131711]};NOT ON SCENE (DESK REPORT);2025-06-13T22:30:00.000
0d1e6d19c7784e50d4614601fbb67620525b9c2a82d27a2bf4183d62bf91f58f9333ca5461dc305b46fa644add1518bab4bba9a441e14033388abe17f777d45c;2025-06-13 20:50:00;30;TRAFFIC SIGNAL;FUNCTIONING PROPERLY;CLOUDY/OVERCAST;DARKNESS, LIGHTED ROAD;PEDESTRIAN;NOT DIVIDED;STRAIGHT AND LEVEL;DRY;NO DEFECTS;INJURY AND / OR TOW DUE TO CRASH;Y;;$500 OR LESS;NOT APPLICABLE;NOT APPLICABLE;1000;W;63RD ST;712;;;;;;;2;REPORTED, NOT EVIDENT;1;0;0;0;1;1;0;20;6;6;41.7797840729;-87.6497029533;{'type': 'Point', 'coordinates': [-87.64970295329, 41.779784072879]};ON SCENE;2025-06-13T20:56:00.000
0e9164e50d393c185f8f0a6b132b51ccb0e5ac86770f0c8710e6a679f12fa257b358f51c469dd45af00128e9bf7d98433f47d8b4a93802d51ad56733572583c3;2025-06-13 20:45:00;30;NO CONTROLS;NO CONTROLS;CLEAR;DAYLIGHT;REAR END;NOT DIVIDED;STRAIGHT AND LEVEL;DRY;NO DEFECTS;NO INJURY / DRIVE AWAY;;;$501 - $1,500;FOLLOWING TOO CLOSELY;FOLLOWING TOO CLOSELY;6446;N;SHERIDAN RD;2432;;;;;;;2;NO INDICATION OF INJURY;0;0;0;0;0;2;0;20;6;6;41.9995381761;-87.6608241032;{'type': 'Point', 'coordinates': [-87.660824103225, 41.999538176118]};NOT ON SCENE (DESK REPORT);2025-06-14T15:00:00.000
6abc9d62e99661dab990f7dc123c18e5f94ac5195f8e32f3587c607fd16c763777e4d7048d0303b68529e373f069c4fd1ac7091b1ff63a05a77f4d48cf765199;2025-06-13 20:45:00;25;TRAFFIC SIGNAL;FUNCTIONING PROPERLY;CLEAR;DARKNESS, LIGHTED ROAD;REAR END;FOUR WAY;STRAIGHT AND LEVEL;DRY;NO DEFECTS;NO INJURY / DRIVE AWAY;;;$501 - $1,500;FAILING TO REDUCE SPEED TO AVOID CRASH;NOT APPLICABLE;957;N;PULASKI RD;1112;;;;;;;2;NO INDICATION OF INJURY;0;0;0;0;0;2;0;20;6;6;41.8988749605;-87.7260426077;{'type': 'Point', 'coordinates': [-87.726042607707, 41.898874960486]};NOT ON SCENE (DESK REPORT);2025-06-14T10:00:00.000
c1e96969bffb879224bd090eb2d2855eed032dbbacad0a1be8bc5c9edd6bbada249304f4f372a16860763817f26d74f04db6da696b617aed884f75f86fe6ad77;2025-06-13 20:43:00;25;NO CONTROLS;NO CONTROLS;CLEAR;DARKNESS;PARKED MOTOR VEHICLE;NOT DIVIDED;STRAIGHT AND LEVEL;DRY;NO DEFECTS;NO INJURY / DRIVE AWAY;;Y;OVER $1,500;DRIVING SKILLS/KNOWLEDGE/EXPERIENCE;FAILING TO YIELD RIGHT-OF-WAY;207;S;RACINE AVE;1232;;;;;;;2;NO INDICATION OF INJURY;0;0;0;0;0;1;0;20;6;6;41.8788334919;-87.6568966909;{'type': 'Point', 'coordinates': [-87.656896690947, 41.878833491936]};NOT ON SCENE (DESK REPORT);2025-06-16T10:00:00.000
c4b94f3c53af6ff2978d0053906cebfc74ef3e53bb1b4d32d9329ba093cb9ff2060c8939e6941115421f0c4915a51a1d46bf5129ee01f334435c78e4cfd42079;2025-06-13 20:42:00;30;NO CONTROLS;NO CONTROLS;CLEAR;DARKNESS, LIGHTED ROAD;TURNING;CENTER TURN LANE;STRAIGHT AND LEVEL;DRY;NO DEFECTS;INJURY AND / OR TOW DUE TO CRASH;;;OVER $1,500;FAILING TO YIELD RIGHT-OF-WAY;NOT APPLICABLE;299;E;130TH ST;533;;;;;;;2;NO INDICATION OF INJURY;0;0;0;0;0;2;0;20;6;6;41.6582228485;-87.6152785896;{'type': 'Point', 'coordinates': [-87.61527858962, 41.658222848535]};ON SCENE;2025-06-13T21:31:00.000
a531f76b3b223d5107744371c492954bf03628d0289b3b7463c1f8d1e68ae48d4afd47e72368611b53c2fe9d3aad4c8423510933072210b21c4d5bd432ad3866;2025-06-13 20:40:00;30;TRAFFIC SIGNAL;FUNCTIONING PROPERLY;CLEAR;DARKNESS, LIGHTED ROAD;TURNING;NOT DIVIDED;STRAIGHT AND LEVEL;DRY;NO DEFECTS;NO INJURY / DRIVE AWAY;;Y;OVER $1,500;UNABLE TO DETERMINE;NOT APPLICABLE;9851;S;WESTERN AVE;2213;;;;;;;2;NO INDICATION OF INJURY;0;0;0;0;0;2;0;20;6;6;41.7139834526;-87.6817035892;{'type': 'Point', 'coordinates': [-87.681703589232, 41.713983452596]};NOT ON SCENE (DESK REPORT);2025-06-13T21:20:00.000
dc6d7e5e9069f0e237dbc1605d48e3ad5c7fd091d9f370d9fef96d008b1ea012122cb5c562e7ef5c5581b6be26a8bde633e9879e43d32810e423b72c2e56247b;2025-06-13 20:30:00;30;NO CONTROLS;NO CONTROLS;CLEAR;DAYLIGHT;PARKED MOTOR VEHICLE;NOT DIVIDED;STRAIGHT ON GRADE;DRY;NO DEFECTS;NO INJURY / DRIVE AWAY;;Y;$501 - $1,500;UNABLE TO DETERMINE;NOT APPLICABLE;909;W;ADDISON ST;1924;;;;;;;2;NO INDICATION OF INJURY;0;0;0;0;0;1;0;20;6;6;41.9471686728;-87.6522966407;{'type': 'Point', 'coordinates': [-87.652296640679, 41.947168672779]};NOT ON SCENE (DESK REPORT);2025-06-14T14:00:00.000
210df8c38edc930035f3641a149d68c1be1571cf9e03df456438e824e4caf3f050996aba00834b964b4c6cc45600c81ed0ac655c118387b01f55ae28103f855b;2025-06-13 20:20:00;30;NO CONTROLS;NO CONTROLS;CLEAR;DUSK;ANGLE;NOT DIVIDED;STRAIGHT AND LEVEL;DRY;NO DEFECTS;INJURY AND / OR TOW DUE TO CRASH;Y;;OVER $1,500;FAILING TO YIELD RIGHT-OF-WAY;UNABLE TO DETERMINE;3820;W;NORTH AVE;2535;;;;;;;2;NONINCAPACITATING INJURY;1;0;0;1;0;2;0;20;6;6;41.9100400643;-87.7223759183;{'type': 'Point', 'coordinates': [-87.722375918261, 41.910040064322]};ON SCENE;2025-06-13T20:20:00.000
edc5bd7c8a2f02032555cb0806abf4669919f15b1380be2ee7350736b85aa300dbd0748ba5adf0f717e21df86d78e4ba037830e7fc102f80fef7f00802ade146;2025-06-13 20:20:00;30;NO CONTROLS;NO CONTROLS;CLEAR;DARKNESS, LIGHTED ROAD;SIDESWIPE SAME DIRECTION;UNKNOWN;STRAIGHT AND LEVEL;WET;UNKNOWN;NO INJURY / DRIVE AWAY;;;$501 - $1,500;FAILING TO YIELD RIGHT-OF-WAY;UNABLE TO DETERMINE;164;N;PEORIA ST;1224;Y;;;;;;2;NO INDICATION OF INJURY;0;0;0;0;0;2;0;20;6;6;41.8849597552;-87.6499356021;{'type': 'Point', 'coordinates': [-87.649935602125, 41.884959755234]};NOT ON SCENE (DESK REPORT);2025-06-13T21:00:00.000
7589722bd9e0e999df3631b90f7f53ca95a9fa12ca30cf55e02664b2e11d86967d7cf1849bff3c014862df18d969dc5cc4ff4df48c39e6a0a5634a2400ce037f;2025-06-13 20:15:00;30;NO CONTROLS;NO CONTROLS;CLEAR;DAYLIGHT;SIDESWIPE SAME DIRECTION;ONE-WAY;STRAIGHT AND LEVEL;DRY;NO DEFECTS;NO INJURY / DRIVE AWAY;;;$501 - $1,500;IMPROPER BACKING;DRIVING SKILLS/KNOWLEDGE/EXPERIENCE;1648;N;KEYSTONE AVE;2534;;;;;;;2;NO INDICATION OF INJURY;0;0;0;0;0;3;0;20;6;6;41.9113141801;-87.7277464943;{'type': 'Point', 'coordinates': [-87.727746494276, 41.911314180065]};NOT ON SCENE (DESK REPORT);2025-06-13T21:15:00.000
00df804315d0f19e40a281edaa6c8d964b3c99e685e9a6cab82cd1846ea063b8c1c4f471237be7c4db9e405ac5458a903e2643ded9e7b7cad30b30bbac31f785;2025-06-13 20:00:00;35;NO CONTROLS;NO CONTROLS;CLEAR;DARKNESS, LIGHTED ROAD;TURNING;NOT DIVIDED;STRAIGHT AND LEVEL;DRY;NO DEFECTS;NO INJURY / DRIVE AWAY;;;$501 - $1,500;IMPROPER TURNING/NO SIGNAL;FAILING TO REDUCE SPEED TO AVOID CRASH;3532;W;LAWRENCE AVE;1712;;;;;;;2;NO INDICATION OF INJURY;0;0;0;0;0;2;0;20;6;6;41.9684720964;-87.7171742267;{'type': 'Point', 'coordinates': [-87.717174226661, 41.968472096372]};NOT ON SCENE (DESK REPORT);2025-06-13T20:20:00.000