crash_record_id;crash_date;posted_speed_limit;traffic_control_device;device_condition;weather_condition;lighting_condition;first_crash_type;trafficway_type;alignment;roadway_surface_cond;road_defect;crash_type;intersection_related_i;hit_and_run_i;damage;prim_contributory_cause;sec_contributory_cause;street_no;street_direction;street_name;beat_of_occurrence;photos_taken_i;statements_taken_i;dooring_i;work_zone_i;work_zone_type;workers_present_i;num_units;most_severe_injury;injuries_total;injuries_fatal;injuries_incapacitating;injuries_non_incapacitating;injuries_reported_not_evident;injuries_no_indication;injuries_unknown;crash_hour;crash_day_of_week;crash_month;latitude;longitude;location;report_type;date_police_notified
518650532a1375511f43d383cf95b4923d812e15d9ae32ed974e1e4330faae2650e77655775bef2051564e9449cde97ece3208f3f72d4205cf03cf8b692b9951;2025-06-13 20:00:00;25;TRAFFIC SIGNAL;FUNCTIONING PROPERLY;CLEAR;DUSK;ANGLE;FOUR WAY;STRAIGHT AND LEVEL;DRY;NO DEFECTS;NO INJURY / DRIVE AWAY;;Y;OVER $1,500;UNABLE TO DETERMINE;UNABLE TO DETERMINE;5800;S;PRINCETON AVE;711;;;;;;;2;NO INDICATION OF INJURY;0;0;0;0;0;2;0;20;6;6;41.7887653676;-87.6329918687;{'type': 'Point', 'coordinates': [-87.6329918687, 41.788765367606]};NOT ON SCENE (DESK REPORT);2025-06-14T13:00:00.000
999aa216d10b0b3011943da6d23a9e5695925d1d600e83a41f8042fa7d202d40ef4dfe01b105441b097cba88650f8388b23f69a5e0a101417d572c45b10db49f;2025-06-13 20:00:00;10;NO CONTROLS;NO CONTROLS;CLEAR;DARKNESS, LIGHTED ROAD;PARKED MOTOR VEHICLE;UNKNOWN;STRAIGHT AND LEVEL;DRY;NO DEFECTS;NO INJURY / DRIVE AWAY;;;OVER $1,500;DRIVING SKILLS/KNOWLEDGE/EXPERIENCE;UNABLE TO DETERMINE;1624;N;HALSTED ST;1813;;;;;;;2;NO INDICATION OF INJURY;0;0;0;0;0;3;0;20;6;6;41.9117000688;-87.6484409627;{'type': 'Point', 'coordinates': [-87.648440962729, 41.91170006882]};;2025-06-14T11:00:00.000
5a970998f68b23866ee2bc5efcacbfaa1773251eb75afa3e5d933a78831545088c67796df5b0719a6281abd8b673657725a08672103ccdc0c40726dd12543128;2025-06-13 19:58:00;35;TRAFFIC SIGNAL;FUNCTIONING PROPERLY;CLEAR;DAYLIGHT;PEDALCYCLIST;FOUR WAY;STRAIGHT AND LEVEL;DRY;NO DEFECTS;INJURY AND / OR TOW DUE TO CRASH;Y;Y;$500 OR LESS;IMPROPER OVERTAKING/PASSING;IMPROPER TURNING/NO SIGNAL;2;E;RANDOLPH ST;111;;;;;;;2;NONINCAPACITATING INJURY;1;0;0;1;0;1;0;19;6;6;41.884600962;-87.627828521;{'type': 'Point', 'coordinates': [-87.627828520965, 41.884600961961]};ON SCENE;2025-06-13T19:58:00.000
10df5fb575a28db35d90f06274d971ae88dd8d723d732b7e3517c363137cc2e5a9b61fc5531021c17f6f033c0264a7fcd3896e509e440885b07ff563cc111af9;2025-06-13 19:50:00;30;TRAFFIC SIGNAL;FUNCTIONING PROPERLY;CLEAR;DARKNESS, LIGHTED ROAD;TURNING;FOUR WAY;STRAIGHT AND LEVEL;DRY;UNKNOWN;NO INJURY / DRIVE AWAY;Y;;$501 - $1,500;FAILING TO YIELD RIGHT-OF-WAY;FAILING TO YIELD RIGHT-OF-WAY;800;N;HOYNE AVE;1212;;;;;;;2;NO INDICATION OF INJURY;0;0;0;0;0;2;0;19;6;6;41.8959108218;-87.679648923;{'type': 'Point', 'coordinates': [-87.679648922969, 41.895910821791]};NOT ON SCENE (DESK REPORT);2025-06-13T22:05:00.000
f43fd9ffb417b949f5080078f932ba6b0e7f8339bac88a934f1dd7a094565bc7a9a72e1ff4206cac83317b8ab5ac96d06670c72accc97fd6eecf5e65ecda5f2c;2025-06-13 19:50:00;30;NO CONTROLS;NO CONTROLS;CLEAR;DAYLIGHT;PARKED MOTOR VEHICLE;ONE-WAY;STRAIGHT AND LEVEL;DRY;NO DEFECTS;NO INJURY / DRIVE AWAY;N;;OVER $1,500;OPERATING VEHICLE IN ERRATIC, RECKLESS, CARELESS, NEGLIGENT OR AGGRESSIVE MANNER;UNABLE TO DETERMINE;10522;S;LAFAYETTE AVE;512;;;;;;;4;NO INDICATION OF INJURY;0;0;0;0;0;1;0;19;6;6;41.7028120303;-87.6247350153;{'type': 'Point', 'coordinates': [-87.624735015286, 41.702812030326]};NOT ON SCENE (DESK REPORT);2025-06-13T21:00:00.000
12e3994ce07b4d0c1e8c9e7be94cdd0e800aba6e391f697a6216006dc284f9e58ddadd1a9118f2fca609ca85d3b7757090224c83efc0b82efadce29f705a9903;2025-06-13 19:47:00;30;TRAFFIC SIGNAL;FUNCTIONING PROPERLY;CLEAR;DUSK;TURNING;DIVIDED - W/MEDIAN (NOT RAISED);STRAIGHT AND LEVEL;DRY;UNKNOWN;NO INJURY / DRIVE AWAY;;;OVER $1,500;UNABLE TO DETERMINE;NOT APPLICABLE;3500;S;KOSTNER AVE;1031;;;;;;;2;NO INDICATION OF INJURY;0;0;0;0;0;2;0;19;6;6;41.83053058;-87.7355759982;{'type': 'Point', 'coordinates': [-87.735575998177, 41.830530579976]};ON SCENE;2025-06-13T20:18:00.000
aafd0d4043b073f27277bf8b5d76d8f7cdc592150f3f4aa7f921f4f619a565a9312276fe0a087f7811eb1b1a7b1b1a8bae7db3ec47a7a4481e661327c4226cf1;2025-06-13 19:44:00;30;TRAFFIC SIGNAL;FUNCTIONING PROPERLY;CLEAR;DAYLIGHT;TURNING;FOUR WAY;STRAIGHT AND LEVEL;DRY;NO DEFECTS;NO INJURY / DRIVE AWAY;Y;;OVER $1,500;IMPROPER TURNING/NO SIGNAL;IMPROPER LANE USAGE;12401;S;HALSTED ST;523;;;;;;;2;NO INDICATION OF INJURY;0;0;0;0;0;2;0;19;6;6;41.6686265303;-87.6414545717;{'type': 'Point', 'coordinates': [-87.641454571743, 41.668626530316]};ON SCENE;2025-06-13T20:23:00.000
0505ab832385d29809e3109d2df606033124be80146b5194ba89a911c485f248f6a4267a4acbe2c85a2fac3198433196cb4c5da00536961cb7044cb1b958800f;2025-06-13 19:30:00;30;STOP SIGN/FLASHER;FUNCTIONING PROPERLY;CLEAR;DAYLIGHT;TURNING;DIVIDED - W/MEDIAN (NOT RAISED);STRAIGHT AND LEVEL;DRY;NO DEFECTS;NO INJURY / DRIVE AWAY;;;OVER $1,500;IMPROPER TURNING/NO SIGNAL;FAILING TO YIELD RIGHT-OF-WAY;3334;N;KEYSTONE AVE;1731;;;;;;;2;NO INDICATION OF INJURY;0;0;0;0;0;4;0;19;6;6;;;;ON SCENE;2025-06-13T20:00:00.000
1a338e6002de78891ac1b7551247da8d632abd4e0ed536e0ccc08e27b1fffdbf93257d21f84ba09c51176fe5b027b8eaaeacb8274812286ace9a7c89d3a60f97;2025-06-13 19:30:00;30;NO CONTROLS;NO CONTROLS;CLEAR;DAYLIGHT;PEDALCYCLIST;DIVIDED - W/MEDIAN (NOT RAISED);STRAIGHT AND LEVEL;DRY;NO DEFECTS;INJURY AND / OR TOW DUE TO CRASH;;;OVER $1,500;IMPROPER TURNING/NO SIGNAL;FAILING TO REDUCE SPEED TO AVOID CRASH;4726;N;CLARK ST;1912;;;;;;;2;REPORTED, NOT EVIDENT;1;0;0;0;1;1;0;19;6;6;41.9678866535;-87.667440195;{'type': 'Point', 'coordinates': [-87.66744019495, 41.967886653484]};ON SCENE;2025-06-13T19:36:00.000
3cf20e182abcd74c17762c0dca70966d95a87694a4202c1ec4292fba84696d4180cdb2b16fab127da4fd7889766200025f3e86d27f781312981c21689d0c6a8a;2025-06-13 19:30:00;30;NO CONTROLS;NO CONTROLS;CLEAR;UNKNOWN;PARKED MOTOR VEHICLE;ONE-WAY;STRAIGHT AND LEVEL;DRY;NO DEFECTS;NO INJURY / DRIVE AWAY;;Y;OVER $1,500;DRIVING SKILLS/KNOWLEDGE/EXPERIENCE;UNABLE TO DETERMINE;4700;W;FLOURNOY ST;1131;;;;;;;2;NO INDICATION OF INJURY;0;0;0;0;0;1;0;19;6;6;41.8724190745;-87.742600422;{'type': 'Point', 'coordinates': [-87.742600421981, 41.872419074484]};ON SCENE;2025-06-14T04:58:00.000
9651a5658fbdf8ba53c417df7492795daef38e5da5baf84a7a146206c9340e81fa90b28d6f463d003b16af2b2180fec47a12c095d52432ee420520762a096fb7;2025-06-13 19:30:00;30;NO CONTROLS;NO CONTROLS;UNKNOWN;DARKNESS, LIGHTED ROAD;REAR END;DIVIDED - W/MEDIAN BARRIER;STRAIGHT AND LEVEL;UNKNOWN;UNKNOWN;NO INJURY / DRIVE AWAY;;;OVER $1,500;UNABLE TO DETERMINE;UNABLE TO DETERMINE;3624;W;IRVING PARK RD;1723;;;;;;;2;NO INDICATION OF INJURY;0;0;0;0;0;4;0;19;6;6;41.9538462176;-87.7189428927;{'type': 'Point', 'coordinates': [-87.718942892703, 41.953846217626]};NOT ON SCENE (DESK REPORT);2025-06-13T20:15:00.000
6f347ec7addd197b464c03fbb222a3572ad46f600c02cb1c4d5822e0a81e6bd3c10cfb6c823a5f834d3f3006dde1c6c546c766558fd8adff400a9755d179196a;2025-06-13 19:25:00;30;NO CONTROLS;NO CONTROLS;CLEAR;DAYLIGHT;REAR END;DIVIDED - W/MEDIAN (NOT RAISED);STRAIGHT AND LEVEL;DRY;NO DEFECTS;NO INJURY / DRIVE AWAY;Y;;OVER $1,500;FAILING TO REDUCE SPEED TO AVOID CRASH;FAILING TO REDUCE SPEED TO AVOID CRASH;733;W;69TH ST;732;;N;;;;;2;NO INDICATION OF INJURY;0;0;0;0;0;4;0;19;6;6;41.768751438;-87.6431002663;{'type': 'Point', 'coordinates': [-87.64310026626, 41.768751437975]};ON SCENE;2025-06-13T19:32:00.000
74521230ae765d7c99437f27ca5071f43b0d80a90ad904836399de150ec35380e7afec937237bfb8d06e6950253a8529265cc3419aa323d4cb0bf7aa7779a173;2025-06-13 19:20:00;30;TRAFFIC SIGNAL;FUNCTIONING PROPERLY;CLEAR;DAYLIGHT;REAR END;DIVIDED - W/MEDIAN BARRIER;STRAIGHT AND LEVEL;DRY;NO DEFECTS;INJURY AND / OR TOW DUE TO CRASH;Y;;OVER $1,500;UNABLE TO DETERMINE;UNABLE TO DETERMINE;800;N;HALSTED ST;1213;;;;;;;2;NO INDICATION OF INJURY;0;0;0;0;0;4;0;19;6;6;41.8964740178;-87.6478949927;{'type': 'Point', 'coordinates': [-87.647894992663, 41.896474017804]};ON SCENE;2025-06-13T19:23:00.000
b23a30305201f58764b0adf4ad1637278f9dc7c3eaeef76d285483e03bd683f859b42c1efcfce385d6f8401c49cf798f7e8f5cd653e77e82f50cb3b827abe011;2025-06-13 19:15:00;30;TRAFFIC SIGNAL;FUNCTIONING PROPERLY;CLEAR;DAYLIGHT;REAR END;DIVIDED - W/MEDIAN BARRIER;STRAIGHT AND LEVEL;DRY;NO DEFECTS;NO INJURY / DRIVE AWAY;;Y;OVER $1,500;UNABLE TO DETERMINE;UNABLE TO DETERMINE;4401;W;LAKE ST;1113;;;;;;;2;NO INDICATION OF INJURY;0;0;0;0;0;6;0;19;6;6;41.8859213668;-87.7357793169;{'type': 'Point', 'coordinates': [-87.735779316909, 41.88592136685]};NOT ON SCENE (DESK REPORT);2025-06-13T20:20:00.000
992bb72b81cfd1d2d5cd4b9246b08c3eed0f99ab67aeb0518a9e575194277707c0ad6e1eb27581240cbd62f98be6b79f3ce7a6ae2d8f3860d76429850e39ca87;2025-06-13 19:04:00;30;TRAFFIC SIGNAL;FUNCTIONING PROPERLY;CLEAR;DAYLIGHT;REAR END;FOUR WAY;STRAIGHT AND LEVEL;DRY;NO DEFECTS;INJURY AND / OR TOW DUE TO CRASH;Y;;OVER $1,500;EQUIPMENT - VEHICLE CONDITION;NOT APPLICABLE;1001;N;CENTRAL AVE;1524;;;;;;;2;NONINCAPACITATING INJURY;1;0;0;1;0;2;0;19;6;6;41.8985451645;-87.7653794163;{'type': 'Point', 'coordinates': [-87.765379416268, 41.898545164532]};ON SCENE;2025-06-13T19:09:00.000
fde7bbcf4deb5e238607ea422d6d09c4edcaaa2d50493ca6cdcbccb83626b952c1fd6df82eb44f901b08be45be49821f4cb363a01df2e93b510549b53aacb5df;2025-06-13 19:00:00;30;NO CONTROLS;NO CONTROLS;CLOUDY/OVERCAST;DAYLIGHT;TURNING;NOT DIVIDED;STRAIGHT AND LEVEL;DRY;NO DEFECTS;INJURY AND / OR TOW DUE TO CRASH;Y;Y;OVER $1,500;FAILING TO YIELD RIGHT-OF-WAY;IMPROPER TURNING/NO SIGNAL;4906;W;AUGUSTA BLVD;1531;;;;;;;2;NO INDICATION OF INJURY;0;0;0;0;0;2;0;19;6;6;41.8987619682;-87.7486937187;{'type': 'Point', 'coordinates': [-87.748693718689, 41.898761968177]};ON SCENE;2025-06-13T19:14:00.000
161d54f7e8724494b772333361ef7c8799f014b1ebf725529e8af91625b1d0aa74eda073d20c14eda151bc4323a9a954b0c1fc1aa2e9972acb84c0a7a5d8a209;2025-06-13 18:55:00;30;TRAFFIC SIGNAL;FUNCTIONING PROPERLY;CLEAR;DAYLIGHT;REAR END;ONE-WAY;STRAIGHT AND LEVEL;DRY;NO DEFECTS;NO INJURY / DRIVE AWAY;;Y;$500 OR LESS;UNABLE TO DETERMINE;NOT APPLICABLE;805;W;99TH ST;2232;;;;;;;2;NO INDICATION OF INJURY;0;0;0;0;0;3;0;18;6;6;41.714101803;-87.6432327265;{'type': 'Point', 'coordinates': [-87.643232726528, 41.714101802965]};ON SCENE;2025-06-13T19:05:00.000
de16d38a36d04258bc5f2a3dc59a931fcbf58697eab5448c967e4073dfd12887bb334756c4d16ab2d0665d09f7a2c604f7d71cecdef21b454bcf0d1cf067494e;2025-06-13 18:55:00;30;TRAFFIC SIGNAL;UNKNOWN;UNKNOWN;UNKNOWN;PEDESTRIAN;NOT DIVIDED;STRAIGHT AND LEVEL;UNKNOWN;UNKNOWN;INJURY AND / OR TOW DUE TO CRASH;N;Y;OVER $1,500;FAILING TO REDUCE SPEED TO AVOID CRASH;NOT APPLICABLE;6900;S;DR MARTIN LUTHER KING JR DR;322;;;;;;;2;NONINCAPACITATING INJURY;1;0;0;1;0;1;0;18;6;6;41.769246677;-87.6154989599;{'type': 'Point', 'coordinates': [-87.61549895992, 41.769246676973]};ON SCENE;2025-06-13T18:56:00.000
86ed692e84764163921ef11fa9bc54462e7bc9c705b7ebcac90f82d80836ec36229b6df2fd68c4fa17e57320633a9d70d846f77b5413b767b18160a615686a88;2025-06-13 18:50:00;25;NO CONTROLS;NO CONTROLS;CLOUDY/OVERCAST;DAYLIGHT;SIDESWIPE SAME DIRECTION;PARKING LOT;STRAIGHT AND LEVEL;UNKNOWN;UNKNOWN;NO INJURY / DRIVE AWAY;;;OVER $1,500;UNABLE TO DETERMINE;NOT APPLICABLE;524;W;OHARE ST;1654;;;;;;;2;NO INDICATION OF INJURY;0;0;0;0;0;2;0;18;6;6;;;;ON SCENE;2025-06-13T18:54:00.000
bf9f0ed3024340911a28c6d92b281d24443e9e8525152b061aa9572a269698fe9917f0c20358289734a163cc2cb5f78032d025263302d35e3ea95c2d06b47d02;2025-06-13 18:45:00;35;NO CONTROLS;NO CONTROLS;CLEAR;DAYLIGHT;REAR END;NOT DIVIDED;STRAIGHT AND LEVEL;DRY;NO DEFECTS;NO INJURY / DRIVE AWAY;;;$501 - $1,500;FOLLOWING TOO CLOSELY;FAILING TO REDUCE SPEED TO AVOID CRASH;3865;N;ELSTON AVE;1732;;;;;;;3;NO INDICATION OF INJURY;0;0;0;0;0;3;0;18;6;6;41.9516540546;-87.715958859;{'type': 'Point', 'coordinates': [-87.715958859042, 41.951654054621]};NOT ON SCENE (DESK REPORT);2025-06-13T19:00:00.000
dc0a61ab0bc596f1f3cb69b4e06bb4d0c99900e65b4bd9954163700631066077a2c3263fee8eb7db728dc49c336878b22881e72c28ee523db9165ba46fcf24b8;2025-06-13 18:45:00;25;STOP SIGN/FLASHER;UNKNOWN;CLEAR;DAYLIGHT;TURNING;T-INTERSECTION;STRAIGHT AND LEVEL;WET;UNKNOWN;NO INJURY / DRIVE AWAY;;;OVER $1,500;FAILING TO YIELD RIGHT-OF-WAY;NOT APPLICABLE;2430;W;WILSON AVE;1911;;;;;;;2;NO INDICATION OF INJURY;0;0;0;0;0;2;0;18;6;6;41.9649557925;-87.6900739806;{'type': 'Point', 'coordinates': [-87.690073980621, 41.964955792547]};NOT ON SCENE (DESK REPORT);2025-06-13T19:20:00.000
aac962d5697451143fbaa8433a6d743b5dc7bb2a5367cf9f73dc815b00747c58cae1ead19f479843f432cc70682085d9cf311e271f63592d4b0a996b00921fbe;2025-06-13 18:37:00;25;NO CONTROLS;NO CONTROLS;CLEAR;DAYLIGHT;PARKED MOTOR VEHICLE;DIVIDED - W/MEDIAN (NOT RAISED);STRAIGHT AND LEVEL;DRY;NO DEFECTS;NO INJURY / DRIVE AWAY;;Y;$501 - $1,500;UNABLE TO DETERMINE;UNABLE TO DETERMINE;8015;S;KARLOV AVE;834;;;;;;;2;NO INDICATION OF INJURY;0;0;0;0;0;1;0;18;6;6;41.7470921811;-87.7240604819;{'type': 'Point', 'coordinates': [-87.724060481851, 41.747092181121]};NOT ON SCENE (DESK REPORT);2025-06-14T14:35:00.000
042cab2cd4458910513de4314695c419eb1c05d0c5a0983ce1034743ab57a535540ceb76b350d2d36a6c06e45cd963487fc0f9ed64a0e8c336f680429328f845;2025-06-13 18:30:00;30;NO CONTROLS;NO CONTROLS;CLEAR;DAYLIGHT;SIDESWIPE SAME DIRECTION;NOT DIVIDED;STRAIGHT AND LEVEL;DRY;NO DEFECTS;NO INJURY / DRIVE AWAY;;;$501 - $1,500;FAILING TO YIELD RIGHT-OF-WAY;NOT APPLICABLE;327;W;87TH ST;634;;;;;;;2;NO INDICATION OF INJURY;0;0;0;0;0;3;0;18;6;6;41.7358633345;-87.6326776307;{'type': 'Point', 'coordinates': [-87.632677630684, 41.735863334466]};ON SCENE;2025-06-13T18:52:00.000
31e8cbbba39b1c29c1270099bc2f7f6b2843a69dc9cfba2f71503fff3e0f66277c70b5d19aa36013b31122bd9a880e56eae0f67f26392193a05327cd2806e590;2025-06-13 18:30:00;30;TRAFFIC SIGNAL;FUNCTIONING PROPERLY;CLOUDY/OVERCAST;DAYLIGHT;SIDESWIPE SAME DIRECTION;NOT DIVIDED;STRAIGHT AND LEVEL;DRY;NO DEFECTS;NO INJURY / DRIVE AWAY;Y;Y;OVER $1,500;UNABLE TO DETERMINE;NOT APPLICABLE;4600;N;PULASKI RD;1722;;;;;;;2;NO INDICATION OF INJURY;0;0;0;0;0;3;0;18;6;6;41.9646447659;-87.7280765643;{'type': 'Point', 'coordinates': [-87.728076564314, 41.964644765911]};NOT ON SCENE (DESK REPORT);2025-06-13T19:15:00.000
0d5a10d29701052b929885418cd542391d98bfc0f17d8b84015376e47f17ba58303f049929345cba4e2622bdc10b613dd6ef29e425033c5b7b2ddc784c14d0c6;2025-06-13 18:17:00;25;NO CONTROLS;NO CONTROLS;CLEAR;DAYLIGHT;PARKED MOTOR VEHICLE;ONE-WAY;STRAIGHT AND LEVEL;DRY;NO DEFECTS;NO INJURY / DRIVE AWAY;;;$500 OR LESS;UNABLE TO DETERMINE;UNABLE TO DETERMINE;4645;S;FAIRFIELD AVE;922;;;;;;;2;NO INDICATION OF INJURY;0;0;0;0;0;2;0;18;6;6;41.8087822448;-87.6928523862;{'type': 'Point', 'coordinates': [-87.692852386176, 41.808782244842]};ON SCENE;2025-06-13T18:52:00.000
c35fb644b9900c5733b3dc4112d62b50b9dde196484042bc1261fb77d301296694e43697cb81a4827596f1f6bdfb3188ca032abeed5b0fb100820312fd10ba82;2025-06-13 18:15:00;30;NO CONTROLS;NO CONTROLS;CLEAR;DAYLIGHT;SIDESWIPE SAME DIRECTION;NOT DIVIDED;STRAIGHT AND LEVEL;DRY;NO DEFECTS;INJURY AND / OR TOW DUE TO CRASH;;Y;OVER $1,500;IMPROPER LANE USAGE;IMPROPER LANE USAGE;2630;W;DIVISION ST;1423;;;;;;;3;NONINCAPACITATING INJURY;1;0;0;1;0;1;0;18;6;6;41.903066945;-87.693224029;{'type': 'Point', 'coordinates': [-87.693224028955, 41.903066944961]};NOT ON SCENE (DESK REPORT);2025-06-14T17:10:00.000
7af3c57806f799f5ef4fa3d6c734bfa2335e6ce1020565e0f1f2154dcdbcf7e69a8521696f860479bcc93038b8aa74288f6ae43baf8e030659f076b95c2dae79;2025-06-13 18:11:00;30;NO CONTROLS;NO CONTROLS;CLEAR;DAYLIGHT;REAR END;RAMP;STRAIGHT AND LEVEL;DRY;NO DEFECTS;NO INJURY / DRIVE AWAY;;;$501 - $1,500;FOLLOWING TOO CLOSELY;DRIVING SKILLS/KNOWLEDGE/EXPERIENCE;401;E;WACKER DR;114;;;;;;;2;NO INDICATION OF INJURY;0;0;0;0;0;3;0;18;6;6;41.8874243341;-87.6174822896;{'type': 'Point', 'coordinates': [-87.617482289581, 41.887424334085]};ON SCENE;2025-06-13T18:12:00.000
256b385380e7244f7005b92719cea512f6ecaa3835ddf119b454c7f7cf01483c15eaa414d65bc535e8789d2a12ed19630d5c98088bca4e8b1fd5edcb1a3c59ca;2025-06-13 18:00:00;30;STOP SIGN/FLASHER;FUNCTIONING PROPERLY;RAIN;DUSK;TURNING;DIVIDED - W/MEDIAN (NOT RAISED);STRAIGHT AND LEVEL;DRY;NO DEFECTS;NO INJURY / DRIVE AWAY;;;OVER $1,500;FAILING TO YIELD RIGHT-OF-WAY;UNABLE TO DETERMINE;4640;W;ADDISON ST;1731;;;;;;;2;NO INDICATION OF INJURY;0;0;0;0;0;2;0;18;6;6;41.9462749159;-87.7440063353;{'type': 'Point', 'coordinates': [-87.744006335285, 41.94627491587]};NOT ON SCENE (DESK REPORT);2025-06-13T19:45:00.000
417a8a13fbe8aac14e9a5b2325481a919b93a6b146c2d29477355367a6917106ded2d55425072b7c9aefeb5745cdc8a236dcf0d6fefbed89b76b8a479c2d8e50;2025-06-13 18:00:00;30;NO CONTROLS;NO CONTROLS;CLEAR;DAYLIGHT;PARKED MOTOR VEHICLE;NOT DIVIDED;STRAIGHT AND LEVEL;DRY;NO DEFECTS;NO INJURY / DRIVE AWAY;;Y;OVER $1,500;IMPROPER BACKING;DRIVING SKILLS/KNOWLEDGE/EXPERIENCE;1315;W;BELMONT AVE;1933;;;;;;;2;NO INDICATION OF INJURY;0;0;0;0;0;1;0;18;6;6;41.9396854305;-87.6618811094;{'type': 'Point', 'coordinates': [-87.661881109391, 41.939685430456]};ON SCENE;2025-06-13T18:01:00.000
48e681b902285870bccc62a50aaa4ab616b0d2605c262eab6ad47cdeacbd2df73ebb42edd6c53362fd5999f678efab0c65acf649bd8f7c3e65d6df28fd931b24;2025-06-13 18:00:00;30;NO CONTROLS;NO CONTROLS;UNKNOWN;UNKNOWN;PARKED MOTOR VEHICLE;NOT DIVIDED;STRAIGHT AND LEVEL;UNKNOWN;UNKNOWN;NO INJURY / DRIVE AWAY;;Y;OVER $1,500;UNABLE TO DETERMINE;NOT APPLICABLE;814;W;BUENA AVE;1915;;;;;;;2;NO INDICATION OF INJURY;0;0;0;0;0;1;0;18;6;6;41.9585896597;-87.6504302671;{'type': 'Point', 'coordinates': [-87.650430267053, 41.9585896597]};ON SCENE;2025-06-14T08:51:00.000
5365cc9a90b4765eca271f0df709b0255c22c04b8315be5100f143fba5df94edddc4d6c899fd535e6632dc3ee46ad17d949a14179976ae65aaf5ba10a6c577bf;2025-06-13 18:00:00;30;TRAFFIC SIGNAL;FUNCTIONING PROPERLY;CLEAR;DAYLIGHT;SIDESWIPE SAME DIRECTION;NOT DIVIDED;STRAIGHT AND LEVEL;DRY;NO DEFECTS;NO INJURY / DRIVE AWAY;Y;;$501 - $1,500;IMPROPER OVERTAKING/PASSING;NOT APPLICABLE;10700;S;WESTERN AVE;2212;;;;;;;2;NO INDICATION OF INJURY;0;0;0;0;0;2;0;18;6;6;41.6990125359;-87.6815320091;{'type': 'Point', 'coordinates': [-87.681532009133, 41.699012535928]};NOT ON SCENE (DESK REPORT);2025-06-14T11:20:00.000
5d9c3235c2258725d3f1fea42d8544d85c1f30c8c92e03701ae337c7287e4bb1db7cc6a35a7e7a08ff0592a58b1042fac834df5292e66535217ccde4d2804ae0;2025-06-13 18:00:00;20;NO CONTROLS;NO CONTROLS;CLEAR;DAYLIGHT;PARKED MOTOR VEHICLE;ONE-WAY;STRAIGHT AND LEVEL;WET;NO DEFECTS;NO INJURY / DRIVE AWAY;;Y;OVER $1,500;UNABLE TO DETERMINE;NOT APPLICABLE;3214;W;LELAND AVE;1713;;;;;;;2;NO INDICATION OF INJURY;0;0;0;0;0;1;0;18;6;6;41.9667342447;-87.7090316278;{'type': 'Point', 'coordinates': [-87.70903162782, 41.966734244669]};ON SCENE;2025-06-13T18:10:00.000
65d3c932ba75112c3d0b01f399b61a03bbc5e153bf0619b754f756c47c0e3b2cccdd68d33b32788230055d9142b8098bfd14e055a6e4cd056be461da375df32d;2025-06-13 18:00:00;30;TRAFFIC SIGNAL;FUNCTIONING PROPERLY;CLOUDY/OVERCAST;DAYLIGHT;REAR END;NOT DIVIDED;STRAIGHT AND LEVEL;DRY;NO DEFECTS;INJURY AND / OR TOW DUE TO CRASH;;;OVER $1,500;FOLLOWING TOO CLOSELY;NOT APPLICABLE;4000;W;COLUMBUS AVE;834;;;;;;;3;NONINCAPACITATING INJURY;1;0;0;1;0;4;0;18;6;6;41.7356347871;-87.7216223892;{'type': 'Point', 'coordinates': [-87.721622389173, 41.73563478707]};;2025-06-13T19:56:00.000
fc3fb55d9eb4c3278df1e2322b96812b9883f11cf1d773c97fef66c1caa24ba47430fea2bfc4d26c4ba67e4b2ab562fc38e6c39c726117e81719fe771cfc271b;2025-06-13 18:00:00;40;NO CONTROLS;NO CONTROLS;UNKNOWN;UNKNOWN;PARKED MOTOR VEHICLE;PARKING LOT;STRAIGHT AND LEVEL;UNKNOWN;UNKNOWN;NO INJURY / DRIVE AWAY;;Y;$501 - $1,500;UNABLE TO DETERMINE;NOT APPLICABLE;3001;S;DR MARTIN LUTHER KING JR DR;133;;;;;;;2;NO INDICATION OF INJURY;0;0;0;0;0;1;0;18;6;6;41.8401846133;-87.617006543;{'type': 'Point', 'coordinates': [-87.617006543002, 41.84018461325]};ON SCENE;2025-06-14T18:40:00.000