crash_record_id;crash_date;posted_speed_limit;traffic_control_device;device_condition;weather_condition;lighting_condition;first_crash_type;trafficway_type;alignment;roadway_surface_cond;road_defect;crash_type;intersection_related_i;hit_and_run_i;damage;prim_contributory_cause;sec_contributory_cause;street_no;street_direction;street_name;beat_of_occurrence;photos_taken_i;statements_taken_i;dooring_i;work_zone_i;work_zone_type;workers_present_i;num_units;most_severe_injury;injuries_total;injuries_fatal;injuries_incapacitating;injuries_non_incapacitating;injuries_reported_not_evident;injuries_no_indication;injuries_unknown;crash_hour;crash_day_of_week;crash_month;latitude;longitude;location;report_type;date_police_notified
4f52a5a60aecfb6193207f8a612f4b60e02922dd571379ddd2011749402925c69ac2d903769ace9a257db1de7d90679e7efa17a792e2b16c5cc84e4672f65231;2025-06-13 17:57:00;20;NO CONTROLS;NO CONTROLS;CLEAR;DAYLIGHT;PARKED MOTOR VEHICLE;NOT DIVIDED;STRAIGHT AND LEVEL;DRY;NO DEFECTS;INJURY AND / OR TOW DUE TO CRASH;;Y;OVER $1,500;UNABLE TO DETERMINE;UNABLE TO DETERMINE;6405;S;SAYRE AVE;812;;;;;;;2;NO INDICATION OF INJURY;0;0;0;0;0;1;0;17;6;6;41.7754539107;-87.795739768;{'type': 'Point', 'coordinates': [-87.795739768033, 41.775453910666]};NOT ON SCENE (DESK REPORT);2025-06-14T08:10:00.000
82df7628712b07da34825cc67bfb7c58bbb0a00beba5845eed376ca498f8789388d02c51318312d1a5de1fb3007a0e54e90242304906096301a8dd9af12dd19f;2025-06-13 17:55:00;25;TRAFFIC SIGNAL;FUNCTIONING PROPERLY;CLOUDY/OVERCAST;DAYLIGHT;REAR END;FOUR WAY;STRAIGHT AND LEVEL;DRY;NO DEFECTS;NO INJURY / DRIVE AWAY;;;OVER $1,500;UNABLE TO DETERMINE;UNABLE TO DETERMINE;4333;S;ARCHER AVE;922;;;;;;;2;NO INDICATION OF INJURY;0;0;0;0;0;3;0;17;6;6;41.8147332156;-87.7029664003;{'type': 'Point', 'coordinates': [-87.702966400306, 41.81473321558]};NOT ON SCENE (DESK REPORT);2025-06-13T19:15:00.000
2cb432d6ebeee9ec98bd39fa0f9fa902ea7e606ff34438c7a7043c11dda6e4e05ed1f78bbab6a1cf56eb6f8630368a113de55303a2b5e5b3c924def1a11f5c29;2025-06-13 17:50:00;30;NO CONTROLS;NO CONTROLS;CLEAR;DAYLIGHT;SIDESWIPE SAME DIRECTION;DIVIDED - W/MEDIAN (NOT RAISED);STRAIGHT AND LEVEL;DRY;NO DEFECTS;NO INJURY / DRIVE AWAY;;;OVER $1,500;IMPROPER OVERTAKING/PASSING;IMPROPER OVERTAKING/PASSING;5200;W;MADISON ST;1522;;;;;;;2;NO INDICATION OF INJURY;0;0;0;0;0;2;0;17;6;6;41.8804807517;-87.755130433;{'type': 'Point', 'coordinates': [-87.755130432965, 41.880480751702]};ON SCENE;2025-06-13T19:06:00.000
6e6ddc94f7f5d6b05ce5229a89f614e824fab3ee5d8686b70e85c106fcd74ad846d873ce22e3ea50265b46279a9b4a333279b7f94e1a9af6a4fd292537e54b86;2025-06-13 17:50:00;30;NO CONTROLS;NO CONTROLS;CLEAR;DARKNESS, LIGHTED ROAD;TURNING;ALLEY;STRAIGHT AND LEVEL;DRY;UNKNOWN;NO INJURY / DRIVE AWAY;;;$501 - $1,500;UNABLE TO DETERMINE;UNABLE TO DETERMINE;1128;W;THORNDALE AVE;2433;;;;;;;2;NO INDICATION OF INJURY;0;0;0;0;0;2;0;17;6;6;41.9901445225;-87.6594447206;{'type': 'Point', 'coordinates': [-87.659444720609, 41.990144522485]};NOT ON SCENE (DESK REPORT);2025-06-13T20:45:00.000
652db920e5d43352b8c5a5a66679ab155397424660025f5ffea8b8b999344f0bd19386c8d80cd353bc64ad674f2bf56be5b2dccd7deefc059e944368d2c189ab;2025-06-13 17:49:00;30;TRAFFIC SIGNAL;FUNCTIONING IMPROPERLY;CLEAR;DAYLIGHT;TURNING;NOT DIVIDED;STRAIGHT AND LEVEL;OTHER;UNKNOWN;NO INJURY / DRIVE AWAY;;;OVER $1,500;UNABLE TO DETERMINE;NOT APPLICABLE;2384;W;PRATT BLVD;2411;;;;;;;2;NO INDICATION OF INJURY;0;0;0;0;0;2;0;17;6;6;42.0051445345;-87.6899687325;{'type': 'Point', 'coordinates': [-87.689968732521, 42.005144534455]};NOT ON SCENE (DESK REPORT);2025-06-13T19:22:00.000
0e34f3e8cdff85fa24c125d619b85f4f3a13161f10bd150661355e39951ea71b89108b80afd82261b18fa3a7091ed2fdaeed71438913e88ea8c2f3843b48a77a;2025-06-13 17:46:00;30;STOP SIGN/FLASHER;FUNCTIONING PROPERLY;CLEAR;DAWN;ANGLE;T-INTERSECTION;STRAIGHT AND LEVEL;DRY;UNKNOWN;INJURY AND / OR TOW DUE TO CRASH;Y;;OVER $1,500;FAILING TO YIELD RIGHT-OF-WAY;FAILING TO REDUCE SPEED TO AVOID CRASH;5000;S;MICHIGAN AVE;224;;;;;;;2;NONINCAPACITATING INJURY;1;0;0;1;0;5;0;17;6;6;41.8037268016;-87.6228384284;{'type': 'Point', 'coordinates': [-87.622838428379, 41.803726801644]};ON SCENE;2025-06-13T17:47:00.000
51f0c7b0a6092bc87e745cd585827c55cca8be1987c3a53143e9f2a394165b747eb8168190f0247a541d5523db64d2bf02b80da39b94260c49f972eda68062c1;2025-06-13 17:45:00;30;TRAFFIC SIGNAL;FUNCTIONING PROPERLY;CLEAR;DAYLIGHT;TURNING;FOUR WAY;STRAIGHT AND LEVEL;DRY;NO DEFECTS;NO INJURY / DRIVE AWAY;;Y;OVER $1,500;UNABLE TO DETERMINE;UNABLE TO DETERMINE;2801;N;NARRAGANSETT AVE;2511;;;;;;;2;NO INDICATION OF INJURY;0;0;0;0;0;2;0;17;6;6;41.9310955968;-87.785544899;{'type': 'Point', 'coordinates': [-87.785544899041, 41.931095596833]};NOT ON SCENE (DESK REPORT);2025-06-14T15:30:00.000
9ebbe8f51593e576418f98addb8907d49b97d0238d9ee292c32f00619defff873bfc899c1e5e2880d6e363bfbc565df798b87affdcb9dcf0d6c3b56d74a227b9;2025-06-13 17:45:00;30;NO CONTROLS;NO CONTROLS;CLEAR;DUSK;SIDESWIPE SAME DIRECTION;DIVIDED - W/MEDIAN (NOT RAISED);STRAIGHT AND LEVEL;WET;UNKNOWN;NO INJURY / DRIVE AWAY;;;OVER $1,500;UNABLE TO DETERMINE;NOT APPLICABLE;6500;N;WESTERN AVE;2412;;;;;;;2;NO INDICATION OF INJURY;0;0;0;0;0;2;0;17;6;6;41.9996324383;-87.690080925;{'type': 'Point', 'coordinates': [-87.690080925006, 41.999632438278]};NOT ON SCENE (DESK REPORT);2025-06-13T18:45:00.000
a0df45f164d48afc382ad59a8294a46f2d4fdfc95e1436b1574b103656dbb22598d024072d3210c2b9f06424a19c461a4004949155b1e55c34a98a4f73af5990;2025-06-13 17:45:00;30;TRAFFIC SIGNAL;FUNCTIONING PROPERLY;CLEAR;DAYLIGHT;REAR END;NOT DIVIDED;STRAIGHT AND LEVEL;DRY;NO DEFECTS;NO INJURY / DRIVE AWAY;;Y;$500 OR LESS;FOLLOWING TOO CLOSELY;FOLLOWING TOO CLOSELY;8156;S;COTTAGE GROVE AVE;631;;;;;;;2;NO INDICATION OF INJURY;0;0;0;0;0;2;0;17;6;6;41.7459437834;-87.6052353391;{'type': 'Point', 'coordinates': [-87.605235339148, 41.745943783413]};ON SCENE;2025-06-13T17:49:00.000
9327c47764c0587cb4461b4728f8e18786c5cbe0aec51c5ab5775ed5fddbbd1041e471427326fac7778ed374ad52973df5b9c89ff08550864fc562b7c5789d22;2025-06-13 17:37:00;25;NO CONTROLS;NO CONTROLS;UNKNOWN;DAYLIGHT;SIDESWIPE SAME DIRECTION;NOT DIVIDED;STRAIGHT AND LEVEL;UNKNOWN;UNKNOWN;NO INJURY / DRIVE AWAY;;Y;OVER $1,500;NOT APPLICABLE;NOT APPLICABLE;7818;S;MARQUETTE AVE;421;;;;;;;2;NO INDICATION OF INJURY;0;0;0;0;0;2;0;17;6;6;41.7530488688;-87.5586160099;{'type': 'Point', 'coordinates': [-87.558616009888, 41.753048868803]};NOT ON SCENE (DESK REPORT);2025-06-13T18:20:00.000
a0415e4830d681ae73a54aa104bb1a60030ba47c56ec0cd7d94d8c10d5b232c4d5c99a466bd480616246e5104af64d2cadcff1dd545ce19b7311ebbc27cface6;2025-06-13 17:34:00;30;NO CONTROLS;NO CONTROLS;CLOUDY/OVERCAST;DAYLIGHT;SIDESWIPE SAME DIRECTION;NOT DIVIDED;STRAIGHT AND LEVEL;DRY;NO DEFECTS;NO INJURY / DRIVE AWAY;;;OVER $1,500;FAILING TO YIELD RIGHT-OF-WAY;NOT APPLICABLE;3522;N;RACINE AVE;1924;;;;;;;2;NO INDICATION OF INJURY;0;0;0;0;0;2;0;17;6;6;41.9460503777;-87.659293867;{'type': 'Point', 'coordinates': [-87.659293866956, 41.946050377659]};ON SCENE;2025-06-13T18:00:00.000
b9e126697d242c8af4abe6b1d0fb9539e930c9b0bbda53433a4502d6147883df1284e0856b80880bd8b1150166ddc9904a8423749e66a430ff0797044b997b7a;2025-06-13 17:33:00;30;NO CONTROLS;NO CONTROLS;CLEAR;DAYLIGHT;REAR END;DIVIDED - W/MEDIAN BARRIER;STRAIGHT AND LEVEL;DRY;NO DEFECTS;INJURY AND / OR TOW DUE TO CRASH;;;OVER $1,500;DISTRACTION - FROM INSIDE VEHICLE;UNABLE TO DETERMINE;124;W;95TH ST;634;;;;;;;2;NO INDICATION OF INJURY;0;0;0;0;0;2;0;17;6;6;41.7217862879;-87.6273919101;{'type': 'Point', 'coordinates': [-87.627391910088, 41.721786287893]};ON SCENE;2025-06-13T17:33:00.000
23abfe151ce97f13a02bbf63d7ed13c56741899c95ccfacaf1b0768005d168562ead939fffce7f37ee16eecf93aba978a1ca48022e44792dfad6f04a6c9d3a31;2025-06-13 17:30:00;25;NO CONTROLS;NO CONTROLS;CLEAR;DAYLIGHT;ANGLE;NOT DIVIDED;STRAIGHT AND LEVEL;DRY;NO DEFECTS;INJURY AND / OR TOW DUE TO CRASH;;;OVER $1,500;FAILING TO YIELD RIGHT-OF-WAY;UNABLE TO DETERMINE;398;N;LARAMIE AVE;1523;;;;;;;2;NO INDICATION OF INJURY;0;0;0;0;0;3;0;17;6;6;41.8877983393;-87.7554835652;{'type': 'Point', 'coordinates': [-87.755483565155, 41.887798339255]};ON SCENE;2025-06-13T17:40:00.000
753f9b737e6bb420387a892816a6539f9b8f24210ba45ec3b46c8694ce2a541260c23f1964863156cac778f62b3ca87b3e99c218aa5ea716991bfba47266a03b;2025-06-13 17:30:00;35;UNKNOWN;UNKNOWN;UNKNOWN;UNKNOWN;SIDESWIPE SAME DIRECTION;UNKNOWN;STRAIGHT AND LEVEL;UNKNOWN;UNKNOWN;NO INJURY / DRIVE AWAY;;Y;OVER $1,500;UNABLE TO DETERMINE;UNABLE TO DETERMINE;5500;S;CALIFORNIA AVE;824;;;;;;;2;NO INDICATION OF INJURY;0;0;0;0;0;2;0;17;6;6;41.7935975128;-87.6939420481;{'type': 'Point', 'coordinates': [-87.6939420481, 41.793597512795]};NOT ON SCENE (DESK REPORT);2025-06-13T18:10:00.000
b2690b36f261e88945329d5edfc76901297de30a544c5708971fd46ae17a9f81adefa3d10d9e8365b5f130079bf051463546d28783280b33dedd035012710cd3;2025-06-13 17:30:00;30;STOP SIGN/FLASHER;FUNCTIONING PROPERLY;CLEAR;DAYLIGHT;ANGLE;NOT DIVIDED;STRAIGHT AND LEVEL;DRY;NO DEFECTS;NO INJURY / DRIVE AWAY;;;$501 - $1,500;DISREGARDING YIELD SIGN;NOT APPLICABLE;379;N;PULASKI RD;1122;;;;;;;2;NO INDICATION OF INJURY;0;0;0;0;0;2;0;17;6;6;41.8877244488;-87.7257199968;{'type': 'Point', 'coordinates': [-87.725719996809, 41.887724448783]};NOT ON SCENE (DESK REPORT);2025-06-13T18:30:00.000
3f8825c15de5601c840086e099bbc6a14e586ba4c4010decaa57ce8a127444a33b5d75a2c7424bc147df46ddfb4a19472e10c5c8bbe412f563b3973fbd00588c;2025-06-13 17:25:00;30;TRAFFIC SIGNAL;FUNCTIONING PROPERLY;CLEAR;DAYLIGHT;REAR END;NOT DIVIDED;STRAIGHT AND LEVEL;UNKNOWN;UNKNOWN;NO INJURY / DRIVE AWAY;;;OVER $1,500;DRIVING SKILLS/KNOWLEDGE/EXPERIENCE;NOT APPLICABLE;7833;S;STONY ISLAND AVE;411;;;;;;;2;NO INDICATION OF INJURY;0;0;0;0;0;2;0;17;6;6;41.752304305;-87.585335906;{'type': 'Point', 'coordinates': [-87.58533590598, 41.752304305022]};NOT ON SCENE (DESK REPORT);2025-06-14T17:30:00.000
b9fd437b82523a9cd484e2d3c352e60340f76d8138b616301d5d3c07976ee13621c2821ddf1a8affc660ed1c698da3ccaaf349fa503b4e133573570dae86dcd0;2025-06-13 17:20:00;30;NO CONTROLS;NO CONTROLS;CLOUDY/OVERCAST;DAYLIGHT;REAR END;DIVIDED - W/MEDIAN (NOT RAISED);STRAIGHT AND LEVEL;UNKNOWN;NO DEFECTS;NO INJURY / DRIVE AWAY;;;OVER $1,500;UNABLE TO DETERMINE;UNABLE TO DETERMINE;3950;W;DIVERSEY AVE;2523;;;;;;;3;NO INDICATION OF INJURY;0;0;0;0;0;3;0;17;6;6;41.9319069314;-87.7266067872;{'type': 'Point', 'coordinates': [-87.726606787181, 41.931906931407]};NOT ON SCENE (DESK REPORT);2025-06-13T18:50:00.000
a01ffa2b639c7a6d62e3cc0f4f3cfbbf3b150b054b2d26ac5ff5a6ba86c8a705ec5e7f786e05bda291ec7d21afad35956d4e3a7f746aee6d5ba19f05d374c31b;2025-06-13 17:19:00;35;UNKNOWN;UNKNOWN;UNKNOWN;DAYLIGHT;SIDESWIPE SAME DIRECTION;NOT DIVIDED;STRAIGHT AND LEVEL;UNKNOWN;UNKNOWN;NO INJURY / DRIVE AWAY;;;OVER $1,500;IMPROPER OVERTAKING/PASSING;UNABLE TO DETERMINE;3405;W;GRAND AVE;1121;;;;;;;2;NO INDICATION OF INJURY;0;0;0;0;0;2;0;17;6;6;41.8998054561;-87.7117734727;{'type': 'Point', 'coordinates': [-87.711773472682, 41.899805456113]};NOT ON SCENE (DESK REPORT);2025-06-13T22:14:00.000
522d1b421d5f2f6c4fe22b09dbccfd53b100e3549ea2589e5c04bc92599ec9beae90473cc0d2de6c9ac09f095ba043daa3ae09d42ea411d50624298e1131a02b;2025-06-13 17:15:00;30;STOP SIGN/FLASHER;UNKNOWN;UNKNOWN;DAYLIGHT;ANGLE;FOUR WAY;STRAIGHT AND LEVEL;DRY;NO DEFECTS;INJURY AND / OR TOW DUE TO CRASH;Y;;OVER $1,500;UNABLE TO DETERMINE;UNABLE TO DETERMINE;3130;W;ADDISON ST;1733;Y;Y;;;;;2;NO INDICATION OF INJURY;0;0;0;0;0;2;0;17;6;6;41.9467496041;-87.7066574675;{'type': 'Point', 'coordinates': [-87.706657467511, 41.946749604074]};ON SCENE;2025-06-13T18:17:00.000
8885eafdc980b83021021d6173f56683eee1e33f6d3ac47ffd48301997251b88df6e9b58de54fad3a775df5b032c0d64d19611f1d81012166b97e53a7dbf2843;2025-06-13 17:15:00;30;TRAFFIC SIGNAL;FUNCTIONING PROPERLY;CLEAR;DAYLIGHT;SIDESWIPE SAME DIRECTION;NOT DIVIDED;STRAIGHT AND LEVEL;DRY;NO DEFECTS;NO INJURY / DRIVE AWAY;N;Y;$501 - $1,500;IMPROPER OVERTAKING/PASSING;IMPROPER OVERTAKING/PASSING;3955;W;JACKSON BLVD;1132;;;;;;;2;NO INDICATION OF INJURY;0;0;0;0;0;2;0;17;6;6;41.8769813608;-87.7252698678;{'type': 'Point', 'coordinates': [-87.725269867821, 41.876981360802]};NOT ON SCENE (DESK REPORT);2025-06-13T17:25:00.000
e370921983f5448632876fd704ee4696c2ed300f30422ee848aaa70372d942493b6b5601f2ef21df11f4903cc4119b4aea39c1018e81d49475181e96fc6da5b5;2025-06-13 17:15:00;30;NO CONTROLS;NO CONTROLS;CLEAR;DAYLIGHT;PEDALCYCLIST;DIVIDED - W/MEDIAN (NOT RAISED);STRAIGHT AND LEVEL;DRY;NO DEFECTS;INJURY AND / OR TOW DUE TO CRASH;;Y;$500 OR LESS;OPERATING VEHICLE IN ERRATIC, RECKLESS, CARELESS, NEGLIGENT OR AGGRESSIVE MANNER;NOT APPLICABLE;4355;N;LINCOLN AVE;1911;;;;;;;2;NONINCAPACITATING INJURY;1;0;0;1;0;1;0;17;6;6;41.9611010758;-87.6834732346;{'type': 'Point', 'coordinates': [-87.683473234629, 41.961101075844]};ON SCENE;2025-06-13T17:16:00.000
11f92dcc03219477b4af0678f48f85663bd07b3d5eb8898d4031277bdfab4068a22244bdbded4914ea2bc9915910fbbe72e6de052f20dec795a4f826608915ce;2025-06-13 17:14:00;30;NO CONTROLS;NO CONTROLS;CLEAR;DAYLIGHT;FIXED OBJECT;ONE-WAY;STRAIGHT ON GRADE;UNKNOWN;UNKNOWN;INJURY AND / OR TOW DUE TO CRASH;;;OVER $1,500;UNABLE TO DETERMINE;NOT APPLICABLE;44;E;ILLINOIS ST;1834;;;;;;;1;NO INDICATION OF INJURY;0;0;0;0;0;1;0;17;6;6;41.8910079603;-87.6263977305;{'type': 'Point', 'coordinates': [-87.62639773052, 41.891007960255]};ON SCENE;2025-06-13T17:14:00.000
5ce87664fa5d32c7c79995da9e78527df76ccee087f05a2316d780dbf175eeb298b4d38c35ea7fe4face5b505e210bd38c4af42bdb58f9ae4dbe0b97e268113f;2025-06-13 17:01:00;30;TRAFFIC SIGNAL;FUNCTIONING PROPERLY;CLEAR;DAYLIGHT;REAR END;DIVIDED - W/MEDIAN (NOT RAISED);STRAIGHT AND LEVEL;DRY;NO DEFECTS;NO INJURY / DRIVE AWAY;Y;;$501 - $1,500;FOLLOWING TOO CLOSELY;UNABLE TO DETERMINE;4756;W;LAWRENCE AVE;1712;;;;;;;2;NO INDICATION OF INJURY;0;0;0;0;0;2;0;17;6;6;41.9681406898;-87.7476080714;{'type': 'Point', 'coordinates': [-87.74760807138, 41.968140689784]};NOT ON SCENE (DESK REPORT);2025-06-14T12:30:00.000
c79bfb2bc971a8baeebc1e047f53f7cf46ba25bb9f6451d3c67368a937ea0379438eb72fc7b22714feb932898fb00444f682ef7072bc415950da6ddee0379974;2025-06-13 17:00:00;10;NO CONTROLS;NO CONTROLS;RAIN;DAYLIGHT;REAR TO REAR;PARKING LOT;STRAIGHT AND LEVEL;WET;UNKNOWN;NO INJURY / DRIVE AWAY;;;OVER $1,500;FAILING TO YIELD RIGHT-OF-WAY;NOT APPLICABLE;5200;N;LINCOLN AVE;2011;;;;;;;2;NO INDICATION OF INJURY;0;0;0;0;0;2;0;17;6;6;41.975912899;-87.6924941747;{'type': 'Point', 'coordinates': [-87.692494174663, 41.975912898994]};NOT ON SCENE (DESK REPORT);2025-06-13T17:15:00.000
9061e3d16069fc6d3c01b7c751521c471f8cab5428ae97592c6dcfb97feb081000797515ffe28b22ac21fa42977bad8bd8491269293613c90b9a78587570ffd5;2025-06-13 16:56:00;30;NO CONTROLS;NO CONTROLS;CLEAR;DAYLIGHT;SIDESWIPE SAME DIRECTION;NOT DIVIDED;STRAIGHT AND LEVEL;DRY;UNKNOWN;NO INJURY / DRIVE AWAY;;;$500 OR LESS;UNABLE TO DETERMINE;UNABLE TO DETERMINE;12999;S;INDIANA AVE;532;;;;;;;2;NO INDICATION OF INJURY;0;0;0;0;0;2;0;16;6;6;41.6591591577;-87.6182943853;{'type': 'Point', 'coordinates': [-87.618294385314, 41.659159157679]};ON SCENE;2025-06-13T18:40:00.000
6d4aa2fdd70cff1f05174b7c6af142b9020fea3758063828c39255159a00017fb8963380bfd750ac12174910c38bf6ecaa3a0c130e5ddaf5f46c9ff9662746f7;2025-06-13 16:55:00;30;NO CONTROLS;NO CONTROLS;OTHER;DARKNESS, LIGHTED ROAD;REAR END;DIVIDED - W/MEDIAN BARRIER;STRAIGHT AND LEVEL;DRY;NO DEFECTS;INJURY AND / OR TOW DUE TO CRASH;;Y;$501 - $1,500;UNABLE TO DETERMINE;NOT APPLICABLE;58;W;63RD ST;311;;;;;;;2;NO INDICATION OF INJURY;0;0;0;0;0;2;0;16;6;6;41.7801320864;-87.6276377448;{'type': 'Point', 'coordinates': [-87.6276377448, 41.780132086445]};ON SCENE;2025-06-13T17:00:00.000
432bb11c525cdb18ac0b958f73b639f0573a2634610cd063a6bf83ce453e1fb783f3fb834af0f0f064629fd839f169930a7bfc779aa3fd7595b2f94469913bb5;2025-06-13 16:45:00;25;NO CONTROLS;NO CONTROLS;RAIN;DAYLIGHT;SIDESWIPE SAME DIRECTION;ONE-WAY;STRAIGHT AND LEVEL;WET;NO DEFECTS;INJURY AND / OR TOW DUE TO CRASH;;;OVER $1,500;FAILING TO YIELD RIGHT-OF-WAY;WEATHER;2241;W;ARTHUR AVE;2412;;;;;;;2;NONINCAPACITATING INJURY;1;0;0;1;0;1;0;16;6;6;41.9994896627;-87.6866739885;{'type': 'Point', 'coordinates': [-87.686673988468, 41.999489662678]};NOT ON SCENE (DESK REPORT);2025-06-13T18:30:00.000
53decb096407c4a8d51b8b39d3254f17ccfbae3c4432608485cca1899810bb1dd556ee804488f09f053e5b30585135875d8511997681fd31c76c561baabfc5a9;2025-06-13 16:45:00;30;NO CONTROLS;NO CONTROLS;CLEAR;DAYLIGHT;SIDESWIPE SAME DIRECTION;NOT DIVIDED;STRAIGHT AND LEVEL;WET;UNKNOWN;NO INJURY / DRIVE AWAY;;;OVER $1,500;IMPROPER OVERTAKING/PASSING;NOT APPLICABLE;2239;W;FULLERTON AVE;1432;;;;;;;2;NO INDICATION OF INJURY;0;0;0;0;0;2;0;16;6;6;41.9248370013;-87.684337074;{'type': 'Point', 'coordinates': [-87.684337074026, 41.924837001329]};;2025-06-13T17:20:00.000
dd8555aff70e41ced29ae08ed768f101172aaf117dfdc3c66752c673da6dc879eaa8f88f7a6d423f34887fcdcdea97c2878efcd74ca63de110ce22bd2833f044;2025-06-13 16:45:00;30;NO CONTROLS;NO CONTROLS;CLOUDY/OVERCAST;DAYLIGHT;TURNING;DIVIDED - W/MEDIAN (NOT RAISED);STRAIGHT AND LEVEL;WET;NO DEFECTS;NO INJURY / DRIVE AWAY;;;OVER $1,500;DRIVING SKILLS/KNOWLEDGE/EXPERIENCE;DRIVING SKILLS/KNOWLEDGE/EXPERIENCE;7141;N;KEDZIE AVE;2411;;;;;;;2;NO INDICATION OF INJURY;0;0;0;0;0;3;0;16;6;6;42.0112767679;-87.7089566768;{'type': 'Point', 'coordinates': [-87.708956676772, 42.011276767884]};ON SCENE;2025-06-13T17:07:00.000
bb33f46baa155e0dce4fe9bdce10a40a414ce365715f329ccbda926b9abb60ffead1e04a57ba13622e7f9af4c98e4c864c2ddd5db7e9c4b6449ff67397b9171e;2025-06-13 16:40:00;30;STOP SIGN/FLASHER;FUNCTIONING PROPERLY;CLEAR;DAYLIGHT;TURNING;OTHER;STRAIGHT AND LEVEL;UNKNOWN;UNKNOWN;NO INJURY / DRIVE AWAY;;;OVER $1,500;UNABLE TO DETERMINE;NOT APPLICABLE;2409;W;CATALPA AVE;2011;;;;;;;2;NO INDICATION OF INJURY;0;0;0;0;0;2;0;16;6;6;41.9812642406;-87.6897929987;{'type': 'Point', 'coordinates': [-87.689792998721, 41.981264240636]};NOT ON SCENE (DESK REPORT);2025-06-13T18:42:00.000
84888c253a824b1cd71a306a627c7fc812ef9c6cac97197172a9ece1fb0d62ea38d88ee7e2431b9de700bf9924eec871d2e87623dc733bcddca2e05f217859dd;2025-06-13 16:38:00;30;POLICE/FLAGMAN;FUNCTIONING PROPERLY;CLOUDY/OVERCAST;DAYLIGHT;PEDESTRIAN;NOT DIVIDED;STRAIGHT AND LEVEL;WET;UNKNOWN;INJURY AND / OR TOW DUE TO CRASH;Y;;$500 OR LESS;FAILING TO YIELD RIGHT-OF-WAY;UNABLE TO DETERMINE;1158;W;WAVELAND AVE;1923;;;;;;;2;REPORTED, NOT EVIDENT;1;0;0;0;1;1;0;16;6;6;41.9490782567;-87.6591507076;{'type': 'Point', 'coordinates': [-87.659150707635, 41.949078256724]};ON SCENE;2025-06-13T16:38:00.000
95776a99d4732637f32c8b082d4a4b6db21a7e34a765183de23048c7c533d502cfef0ffdfb123aaf31023c5913c026f7d76271875ec71189698983dfa71beae3;2025-06-13 16:30:00;25;STOP SIGN/FLASHER;FUNCTIONING PROPERLY;RAIN;DAYLIGHT;PARKED MOTOR VEHICLE;NOT DIVIDED;STRAIGHT ON HILLCREST;WET;NO DEFECTS;NO INJURY / DRIVE AWAY;Y;;OVER $1,500;WEATHER;IMPROPER TURNING/NO SIGNAL;6300;N;CLARK ST;2433;;;;;;;2;NO INDICATION OF INJURY;0;0;0;0;0;1;0;16;6;6;41.9964083631;-87.6703720112;{'type': 'Point', 'coordinates': [-87.670372011188, 41.996408363117]};NOT ON SCENE (DESK REPORT);2025-06-13T17:30:00.000
6b662cc1ba86bfa41ef2904dbd41c40d50b65a8eb45addb8a1f59cb1c9322d5d767d81125bf2937738f6a37048110f62f51188d1b335f411d011975eed515df6;2025-06-13 16:25:00;30;NO CONTROLS;NO CONTROLS;RAIN;DAYLIGHT;TURNING;NOT DIVIDED;STRAIGHT AND LEVEL;WET;NO DEFECTS;NO INJURY / DRIVE AWAY;;;OVER $1,500;UNABLE TO DETERMINE;NOT APPLICABLE;2565;W;TOUHY AVE;2411;;;;;;;2;NO INDICATION OF INJURY;0;0;0;0;0;3;0;16;6;6;42.0120688709;-87.6948743733;{'type': 'Point', 'coordinates': [-87.694874373306, 42.012068870883]};ON SCENE;2025-06-13T16:49:00.000
8f9412264eeed92ffeddca924aa71c440a5213a14dec02d702b3cddf7f338591db2e5ae6f875a6e163723966991e82aae86217006a485ba08ca90c46794b6aa9;2025-06-13 16:20:00;30;NO CONTROLS;NO CONTROLS;RAIN;DAYLIGHT;REAR END;NOT DIVIDED;STRAIGHT AND LEVEL;UNKNOWN;UNKNOWN;NO INJURY / DRIVE AWAY;;;OVER $1,500;UNABLE TO DETERMINE;NOT APPLICABLE;3036;W;BRYN MAWR AVE;2011;;;;;;;2;NO INDICATION OF INJURY;0;0;0;0;0;2;0;16;6;6;41.9832003737;-87.7054048888;{'type': 'Point', 'coordinates': [-87.705404888823, 41.983200373716]};NOT ON SCENE (DESK REPORT);2025-06-13T16:46:00.000
ad5eff932ef712d6ce5c3211cca993491870f1e863c7f0a6b67ab59adae3e38847418dc9f53d3e1de60fd7ce2f400b9c844c291c85e049ed8042ebf90bbed550;2025-06-13 16:14:00;30;NO CONTROLS;NO CONTROLS;CLEAR;DAYLIGHT;PARKED MOTOR VEHICLE;ONE-WAY;STRAIGHT AND LEVEL;WET;UNKNOWN;INJURY AND / OR TOW DUE TO CRASH;;Y;OVER $1,500;DRIVING ON WRONG SIDE/WRONG WAY;NOT APPLICABLE;4435;W;WRIGHTWOOD AVE;2524;;;;;;;2;NO INDICATION OF INJURY;0;0;0;0;0;2;0;16;6;6;41.9281938794;-87.7381120529;{'type': 'Point', 'coordinates': [-87.738112052927, 41.928193879397]};ON SCENE;2025-06-13T16:14:00.000