crash_record_id;crash_date;posted_speed_limit;traffic_control_device;device_condition;weather_condition;lighting_condition;first_crash_type;trafficway_type;alignment;roadway_surface_cond;road_defect;crash_type;intersection_related_i;hit_and_run_i;damage;prim_contributory_cause;sec_contributory_cause;street_no;street_direction;street_name;beat_of_occurrence;photos_taken_i;statements_taken_i;dooring_i;work_zone_i;work_zone_type;workers_present_i;num_units;most_severe_injury;injuries_total;injuries_fatal;injuries_incapacitating;injuries_non_incapacitating;injuries_reported_not_evident;injuries_no_indication;injuries_unknown;crash_hour;crash_day_of_week;crash_month;latitude;longitude;location;report_type;date_police_notified
832a64da4b8ea5cd32328bdf5da5267901134534cb9f18cea922c4bd86f035249e954a9c71e197cc243436e0858617be17061d1834d13591b24462f88f526fae;2025-06-13 14:10:00;30;NO CONTROLS;NO CONTROLS;CLEAR;DAYLIGHT;REAR END;NOT DIVIDED;STRAIGHT AND LEVEL;WET;NO DEFECTS;INJURY AND / OR TOW DUE TO CRASH;;;OVER $1,500;UNABLE TO DETERMINE;NOT APPLICABLE;2214;N;SACRAMENTO AVE;1414;;;;;;;2;REPORTED, NOT EVIDENT;1;0;0;0;1;1;0;14;6;6;41.9220499978;-87.7023707904;{'type': 'Point', 'coordinates': [-87.702370790386, 41.922049997788]};NOT ON SCENE (DESK REPORT);2025-06-13T15:45:00.000
8c47dbbd3045a89fbd45cd0b768e200b9ab362cf21d26f53f3bf1f6b277d804939165986f174907c36d188b401b3f5f4310c3b54ad0058e4576e86271634f732;2025-06-13 14:10:00;30;TRAFFIC SIGNAL;FUNCTIONING PROPERLY;RAIN;DAYLIGHT;SIDESWIPE SAME DIRECTION;DIVIDED - W/MEDIAN (NOT RAISED);STRAIGHT AND LEVEL;WET;NO DEFECTS;NO INJURY / DRIVE AWAY;;Y;$500 OR LESS;FAILING TO YIELD RIGHT-OF-WAY;FAILING TO REDUCE SPEED TO AVOID CRASH;3801;W;FULLERTON AVE;2525;;;;;;;2;NO INDICATION OF INJURY;0;0;0;0;0;3;0;14;6;6;41.9244317115;-87.7219398593;{'type': 'Point', 'coordinates': [-87.721939859288, 41.924431711484]};ON SCENE;2025-06-13T14:15:00.000
8eb32a182a2f62814fa08e67c3cf1734b64d6e285cb9a7fcae2c89616b91d9172f179567de1191abfc45715cfd8b385945d63793f783e26a3fb3fd367311e07c;2025-06-13 14:10:00;30;NO CONTROLS;NO CONTROLS;RAIN;DAYLIGHT;TURNING;DIVIDED - W/MEDIAN BARRIER;STRAIGHT AND LEVEL;WET;NO DEFECTS;INJURY AND / OR TOW DUE TO CRASH;Y;;OVER $1,500;FOLLOWING TOO CLOSELY;NOT APPLICABLE;1630;E;71ST ST;332;;;;;;;2;NO INDICATION OF INJURY;0;0;0;0;0;2;0;14;6;6;41.7662699529;-87.5845646476;{'type': 'Point', 'coordinates': [-87.584564647628, 41.766269952886]};NOT ON SCENE (DESK REPORT);2025-06-13T15:15:00.000
4f79e459a098ecf8905cb83c6f7ce84de76b0767f45001f73316d885a3b334364dac1d3ae110620937d081110c9d76e44bf60d5bea7f4264e918c44674189512;2025-06-13 14:08:00;15;NO CONTROLS;NO CONTROLS;RAIN;DAYLIGHT;FIXED OBJECT;PARKING LOT;STRAIGHT AND LEVEL;WET;NO DEFECTS;NO INJURY / DRIVE AWAY;;;OVER $1,500;VISION OBSCURED (SIGNS, TREE LIMBS, BUILDINGS, ETC.);IMPROPER BACKING;3907;N;CICERO AVE;1731;Y;Y;;;;;1;NO INDICATION OF INJURY;0;0;0;0;0;2;0;14;6;6;41.9517927927;-87.7471257864;{'type': 'Point', 'coordinates': [-87.747125786401, 41.951792792719]};ON SCENE;2025-06-13T14:08:00.000
a05b7ca6dd9e232aa346205c8901d786ffc99b9fb149ba9e1b97146e9b55f5abae8a5b09d7603b3391955f4313d96fe08cdb043c891635907b2e2875f75ba9e2;2025-06-13 14:08:00;30;NO CONTROLS;NO CONTROLS;RAIN;DAYLIGHT;PARKED MOTOR VEHICLE;NOT DIVIDED;STRAIGHT AND LEVEL;WET;NO DEFECTS;NO INJURY / DRIVE AWAY;;;OVER $1,500;FOLLOWING TOO CLOSELY;DRIVING SKILLS/KNOWLEDGE/EXPERIENCE;2612;W;37TH PL;911;;;;;;;2;NO INDICATION OF INJURY;0;0;0;0;0;1;0;14;6;6;41.8257240039;-87.690378909;{'type': 'Point', 'coordinates': [-87.690378909021, 41.825724003859]};ON SCENE;2025-06-13T14:09:00.000
e40d5629d0e43e61483783d94f1474b23db17bed78d39fd7acb29fd9febc966d564f9d9771517a412c4d6af2797a89f9df440d47997e5f4696d358496b278f5a;2025-06-13 14:05:00;30;TRAFFIC SIGNAL;FUNCTIONING PROPERLY;RAIN;DARKNESS;REAR END;UNKNOWN;STRAIGHT AND LEVEL;WET;UNKNOWN;INJURY AND / OR TOW DUE TO CRASH;Y;;$501 - $1,500;FOLLOWING TOO CLOSELY;UNABLE TO DETERMINE;600;S;HALSTED ST;1232;;;;;;;2;NONINCAPACITATING INJURY;1;0;0;1;0;3;0;14;6;6;41.8742945333;-87.6472722465;{'type': 'Point', 'coordinates': [-87.647272246471, 41.874294533285]};NOT ON SCENE (DESK REPORT);2025-06-13T15:00:00.000
4977839e3f521272ca07321344e373c5b7f408e8f59aefd6bb9d7f34dd15199035274b7975de38a58eaa7099a620e0099f8fc577f666f9ec1e57235a7a71f40b;2025-06-13 14:01:00;30;TRAFFIC SIGNAL;FUNCTIONING PROPERLY;RAIN;DAYLIGHT;ANGLE;NOT DIVIDED;STRAIGHT AND LEVEL;WET;NO DEFECTS;INJURY AND / OR TOW DUE TO CRASH;Y;;OVER $1,500;UNABLE TO DETERMINE;NOT APPLICABLE;2198;S;WENTWORTH AVE;914;;;;;;;3;REPORTED, NOT EVIDENT;1;0;0;0;1;6;0;14;6;6;41.8529204122;-87.6319261949;{'type': 'Point', 'coordinates': [-87.631926194869, 41.852920412182]};ON SCENE;2025-06-13T14:03:00.000
376e6ff51687e0c92f99a6fe379528808940f0cca5aee09e669682e201c6f12dc1d3cf71fee3326831b68aa427a7f57c5bc0a83e09f2b5d624c3390704a7829e;2025-06-13 14:00:00;30;NO CONTROLS;NO CONTROLS;CLEAR;DAYLIGHT;REAR TO SIDE;NOT DIVIDED;STRAIGHT AND LEVEL;DRY;NO DEFECTS;NO INJURY / DRIVE AWAY;;;OVER $1,500;UNABLE TO DETERMINE;UNABLE TO DETERMINE;1631;E;95TH ST;431;;;;;;;2;NO INDICATION OF INJURY;0;0;0;0;0;2;0;14;6;6;41.7222528726;-87.5838433942;{'type': 'Point', 'coordinates': [-87.583843394153, 41.722252872604]};ON SCENE;2025-06-13T14:05:00.000
4754fd0a38f052f9a20ccdbe47a58dc4acad097d28f8e6118a4efa156ebd8c48e25cd00d8b136c8ed21532428c0656b00b03788d0bcd6b03b867b847be4d0d5c;2025-06-13 14:00:00;30;STOP SIGN/FLASHER;FUNCTIONING PROPERLY;RAIN;DAYLIGHT;ANGLE;NOT DIVIDED;STRAIGHT AND LEVEL;WET;NO DEFECTS;NO INJURY / DRIVE AWAY;Y;;OVER $1,500;FAILING TO REDUCE SPEED TO AVOID CRASH;FAILING TO YIELD RIGHT-OF-WAY;4600;N;BEACON ST;1913;;;;;;;2;NO INDICATION OF INJURY;0;0;0;0;0;2;0;14;6;6;41.9653883567;-87.6640028391;{'type': 'Point', 'coordinates': [-87.664002839064, 41.965388356681]};ON SCENE;2025-06-13T14:10:00.000
9b683618350864b7b745931f58e98da6b790f248ef5026bf3d6dfdec0b7e1b7b22b18477cdba098764fc8451bf6991a6779ae1c64474f84db4a0222d448ccca2;2025-06-13 14:00:00;30;NO CONTROLS;NO CONTROLS;RAIN;DAYLIGHT;PARKED MOTOR VEHICLE;UNKNOWN;STRAIGHT AND LEVEL;WET;UNKNOWN;NO INJURY / DRIVE AWAY;;Y;$501 - $1,500;DRIVING SKILLS/KNOWLEDGE/EXPERIENCE;UNABLE TO DETERMINE;924;S;RACINE AVE;1231;;;;;;;2;NO INDICATION OF INJURY;0;0;0;0;0;1;0;14;6;6;41.8695665655;-87.6569058996;{'type': 'Point', 'coordinates': [-87.656905899623, 41.869566565543]};NOT ON SCENE (DESK REPORT);2025-06-13T14:23:00.000
a2ee422329736de0a50f8cc64b84a4bb57acdf42f688e5f2bb9e042ccd0b0717249d54fb5e68848ed2ae2f01bc8e9341d66bb052ba1e6c4bf1956e6325083781;2025-06-13 14:00:00;30;STOP SIGN/FLASHER;FUNCTIONING PROPERLY;RAIN;DAYLIGHT;PARKED MOTOR VEHICLE;NOT DIVIDED;STRAIGHT AND LEVEL;WET;UNKNOWN;NO INJURY / DRIVE AWAY;;;OVER $1,500;UNABLE TO DETERMINE;NOT APPLICABLE;995;W;38TH PL;915;;;;;;;2;NO INDICATION OF INJURY;0;0;0;0;0;1;0;14;6;6;41.8243474395;-87.6507294028;{'type': 'Point', 'coordinates': [-87.650729402781, 41.824347439507]};NOT ON SCENE (DESK REPORT);2025-06-13T17:00:00.000
a72670aee5ceddfb68669a3ab8ff55d2e3d8e1656ebb6fecbcd16b01960d91f5351966c3e5373d5d011895cc645fd842738797957a4b910f5b91f76031f5479f;2025-06-13 14:00:00;30;NO CONTROLS;NO CONTROLS;RAIN;DAYLIGHT;TURNING;T-INTERSECTION;STRAIGHT AND LEVEL;WET;UNKNOWN;INJURY AND / OR TOW DUE TO CRASH;Y;;OVER $1,500;FAILING TO YIELD RIGHT-OF-WAY;NOT APPLICABLE;1504;N;KEDVALE AVE;2534;;;;;;;2;NO INDICATION OF INJURY;0;0;0;0;0;2;0;14;6;6;41.9082510207;-87.7302938524;{'type': 'Point', 'coordinates': [-87.730293852402, 41.908251020688]};NOT ON SCENE (DESK REPORT);2025-06-13T15:25:00.000
b8aba6b80511cd741d24c53774a0f7e2cacf405d3ec0cf343b69687e8aac4a0952a413742bb6674b879ab1e198a684be6804156ba03e1fd48ec6ffd202394d53;2025-06-13 14:00:00;30;NO CONTROLS;NO CONTROLS;CLEAR;DAYLIGHT;REAR END;NOT DIVIDED;STRAIGHT AND LEVEL;UNKNOWN;UNKNOWN;NO INJURY / DRIVE AWAY;;;OVER $1,500;FOLLOWING TOO CLOSELY;NOT APPLICABLE;2498;W;OGDEN AVE;1023;;;;;;;2;NO INDICATION OF INJURY;0;0;0;0;0;2;0;14;6;6;41.8638429132;-87.6889435488;{'type': 'Point', 'coordinates': [-87.688943548797, 41.863842913194]};NOT ON SCENE (DESK REPORT);2025-06-14T20:40:00.000
91ccb290e30011c9bb482168cdd3abfa67a8262b31e8feccf570ffb96954206f350a733ced591f6ce853beeb4bd2210713a2edc835bc44484723a93af0d27b5c;2025-06-13 13:58:00;15;NO CONTROLS;NO CONTROLS;CLEAR;DAYLIGHT;REAR TO FRONT;DIVIDED - W/MEDIAN BARRIER;STRAIGHT AND LEVEL;DRY;UNKNOWN;NO INJURY / DRIVE AWAY;;Y;OVER $1,500;IMPROPER BACKING;NOT APPLICABLE;251;E;HURON ST;1834;;;;;;;2;NO INDICATION OF INJURY;0;0;0;0;0;3;0;13;6;6;41.8949033024;-87.6207437262;{'type': 'Point', 'coordinates': [-87.62074372624, 41.894903302355]};NOT ON SCENE (DESK REPORT);2025-06-13T22:45:00.000
15c86ab6ea778a0d2fe4fd95b27e5473cf04a975fc3212d6de59cc8a0227ef0edd65484086a8c6666d9d20f9a29c710ee6879de4d83fa1db200f1f8290872dae;2025-06-13 13:44:00;30;NO CONTROLS;NO CONTROLS;RAIN;DAYLIGHT;ANGLE;NOT DIVIDED;STRAIGHT AND LEVEL;WET;NO DEFECTS;NO INJURY / DRIVE AWAY;;;OVER $1,500;UNABLE TO DETERMINE;UNABLE TO DETERMINE;101;E;79TH ST;623;;;;;;;2;NO INDICATION OF INJURY;0;0;0;0;0;4;0;13;6;6;41.7508986392;-87.6213020886;{'type': 'Point', 'coordinates': [-87.62130208856, 41.750898639229]};ON SCENE;2025-06-13T14:00:00.000
09b9fe20671253d34b20b38d585aab8afb3a4bc4053b8929b9aca4290f2fdfeb6ec0035984a74b8411f0c69ac88e8eb1bb0715c34625a9e8073a368ffad87e9b;2025-06-13 13:40:00;30;NO CONTROLS;NO CONTROLS;CLOUDY/OVERCAST;DAYLIGHT;ANGLE;NOT DIVIDED;STRAIGHT AND LEVEL;DRY;NO DEFECTS;NO INJURY / DRIVE AWAY;;;OVER $1,500;FAILING TO YIELD RIGHT-OF-WAY;NOT APPLICABLE;2400;W;24TH ST;1034;;;;;;;2;NO INDICATION OF INJURY;0;0;0;0;0;2;0;13;6;6;41.8485077268;-87.6856518495;{'type': 'Point', 'coordinates': [-87.685651849503, 41.848507726792]};NOT ON SCENE (DESK REPORT);2025-06-13T14:59:00.000
2939aae48770686926a36ec70fd73edd1a0f49d04240495a216645a2b5119091ef8e3b55f219b6dc5f3689687ae3c01ad723afb2fc5419f5560124d288226520;2025-06-13 13:40:00;30;NO CONTROLS;NO CONTROLS;CLEAR;DAYLIGHT;ANGLE;NOT DIVIDED;STRAIGHT AND LEVEL;UNKNOWN;UNKNOWN;NO INJURY / DRIVE AWAY;;;OVER $1,500;UNABLE TO DETERMINE;UNABLE TO DETERMINE;1102;N;CALIFORNIA AVE;1211;;;;;;;2;NO INDICATION OF INJURY;0;0;0;0;0;3;0;13;6;6;41.9012069872;-87.6969848546;{'type': 'Point', 'coordinates': [-87.696984854632, 41.901206987226]};NOT ON SCENE (DESK REPORT);2025-06-13T15:09:00.000
bb719c70bcb84ace9915874010b687f9f68d1a360473c884a7b92e90c9dec9f9da2411cb40e5f26bd8a49beb92d5cd71a726e126a0b8d59996c730288d966dfc;2025-06-13 13:40:00;25;NO CONTROLS;NO CONTROLS;CLEAR;DAYLIGHT;ANGLE;NOT DIVIDED;STRAIGHT AND LEVEL;WET;NO DEFECTS;NO INJURY / DRIVE AWAY;Y;;OVER $1,500;UNABLE TO DETERMINE;UNABLE TO DETERMINE;2607;S;KOSTNER AVE;1031;;;;;;;2;NO INDICATION OF INJURY;0;0;0;0;0;2;0;13;6;6;41.8438533271;-87.7341282793;{'type': 'Point', 'coordinates': [-87.734128279261, 41.843853327085]};NOT ON SCENE (DESK REPORT);2025-06-13T14:50:00.000
d079acea69857749ded6ccf584f0b25f3a7102bb9685bca6b9680704c4a86566a032e086786e93a538432873d13a00b54a423b963770bff0ead1f1017dbd6d3f;2025-06-13 13:39:00;30;NO CONTROLS;NO CONTROLS;RAIN;DAYLIGHT;PEDESTRIAN;NOT DIVIDED;STRAIGHT AND LEVEL;DRY;NO DEFECTS;INJURY AND / OR TOW DUE TO CRASH;;;$500 OR LESS;DRIVING SKILLS/KNOWLEDGE/EXPERIENCE;UNABLE TO DETERMINE;6029;W;IRVING PARK RD;1633;;;;;;;3;NONINCAPACITATING INJURY;2;0;0;2;0;1;0;13;6;6;41.952923492;-87.7779357436;{'type': 'Point', 'coordinates': [-87.777935743631, 41.95292349196]};ON SCENE;2025-06-13T13:40:00.000
8ab417258dff0f0b027d90007ca8eb177fd0877ecc0196b3b1983009c1a259e5155885680ed85da1d7934d504b7ae37f0931be8dbd3339d7ff19c9a3a42ae661;2025-06-13 13:37:00;35;STOP SIGN/FLASHER;UNKNOWN;RAIN;DAYLIGHT;TURNING;DIVIDED - W/MEDIAN (NOT RAISED);STRAIGHT AND LEVEL;WET;NO DEFECTS;NO INJURY / DRIVE AWAY;Y;;OVER $1,500;FAILING TO YIELD RIGHT-OF-WAY;UNABLE TO DETERMINE;6599;S;WESTERN AVE;832;;;;;;;2;NO INDICATION OF INJURY;0;0;0;0;0;2;0;13;6;6;41.7738768813;-87.6833506008;{'type': 'Point', 'coordinates': [-87.683350600816, 41.773876881273]};ON SCENE;2025-06-13T13:45:00.000
5590414d68a8073c49421d7c07a9db9e2a870b45637beefdf822495d61e6d57ec5187be1b81e0f96a2b3e76d58b6fdad8087c78764fc64f4a3c63724637b09f2;2025-06-13 13:35:00;30;NO CONTROLS;NO CONTROLS;RAIN;DAYLIGHT;TURNING;NOT DIVIDED;STRAIGHT AND LEVEL;WET;NO DEFECTS;NO INJURY / DRIVE AWAY;;;$500 OR LESS;IMPROPER OVERTAKING/PASSING;NOT APPLICABLE;938;W;38TH PL;915;;;;;;;2;NO INDICATION OF INJURY;0;0;0;0;0;2;0;13;6;6;41.8245894163;-87.6491247473;{'type': 'Point', 'coordinates': [-87.649124747254, 41.824589416321]};ON SCENE;2025-06-13T13:37:00.000
81d0b73ee54a526359fe1a46f5189c15958e8ccfda7f0a5d08b0635e280c12dba035b2d96e0596d597438e34ba73a796f5ae607063f9446a664a1234c13d14d3;2025-06-13 13:30:00;20;NO CONTROLS;NO CONTROLS;RAIN;DAYLIGHT;PARKED MOTOR VEHICLE;ONE-WAY;STRAIGHT AND LEVEL;WET;UNKNOWN;NO INJURY / DRIVE AWAY;;;$501 - $1,500;WEATHER;NOT APPLICABLE;5;W;TERMINAL ST;1655;;;;;;;2;NO INDICATION OF INJURY;0;0;0;0;0;1;0;13;6;6;;;;ON SCENE;2025-06-13T13:35:00.000
96e0c04448d920293b8463b821c4907c0adf3e5fb4f57adc4403d543902d239c298290aed163b9713112de251ebca4e441e63cdfd7841d38b73ef4b2fb59ec0a;2025-06-13 13:30:00;30;TRAFFIC SIGNAL;FUNCTIONING PROPERLY;UNKNOWN;DAYLIGHT;REAR END;DIVIDED - W/MEDIAN (NOT RAISED);STRAIGHT AND LEVEL;UNKNOWN;UNKNOWN;NO INJURY / DRIVE AWAY;;Y;OVER $1,500;UNABLE TO DETERMINE;NOT APPLICABLE;7500;S;STONY ISLAND AVE;411;;;;;;;2;NO INDICATION OF INJURY;0;0;0;0;0;2;0;13;6;6;41.7587154667;-87.5862809648;{'type': 'Point', 'coordinates': [-87.586280964844, 41.758715466706]};NOT ON SCENE (DESK REPORT);2025-06-13T16:40:00.000
2225a82f8b2b42e5b94f4bac7b315583497563e67ee8fc23c9d14238eda516e5b4f21bc6af69bae7e2255e6cfa8251905484bd1b984040fd0d039a4e8bfdd10d;2025-06-13 13:27:00;30;NO CONTROLS;NO CONTROLS;RAIN;DAYLIGHT;REAR END;DIVIDED - W/MEDIAN BARRIER;STRAIGHT AND LEVEL;UNKNOWN;UNKNOWN;NO INJURY / DRIVE AWAY;;Y;OVER $1,500;FOLLOWING TOO CLOSELY;FAILING TO REDUCE SPEED TO AVOID CRASH;500;N;MICHIGAN AVE;1834;;;;;;;2;NO INDICATION OF INJURY;0;0;0;0;0;2;0;13;6;6;41.8909712296;-87.6242769456;{'type': 'Point', 'coordinates': [-87.624276945562, 41.890971229645]};NOT ON SCENE (DESK REPORT);2025-06-13T14:30:00.000
ce47b65c9bd497290e2cb0a95e36a6ae22dfb3b013ae6915fbba8c35d2552d4a0864fc9fe924df74bdbd4b95b8c07629a962d3664daf5f4d2612af2727d62a19;2025-06-13 13:25:00;30;TRAFFIC SIGNAL;NO CONTROLS;RAIN;DAYLIGHT;SIDESWIPE SAME DIRECTION;DIVIDED - W/MEDIAN BARRIER;STRAIGHT AND LEVEL;DRY;NO DEFECTS;NO INJURY / DRIVE AWAY;;;$500 OR LESS;IMPROPER LANE USAGE;NOT APPLICABLE;248;N;COLUMBUS DR;114;;;;;;;2;NO INDICATION OF INJURY;0;0;0;0;0;5;0;13;6;6;41.886733709;-87.620844034;{'type': 'Point', 'coordinates': [-87.620844033959, 41.886733708957]};NOT ON SCENE (DESK REPORT);2025-06-13T14:45:00.000
6cc2b914637e26ccacaf5b6840afe90498cf138dbe85cefa72e8661c5d494b052df27124b6ad2a1b2a5429638da1f41078c0b8c2890dc866389833a725b9605c;2025-06-13 13:22:00;30;NO CONTROLS;FUNCTIONING PROPERLY;RAIN;DAYLIGHT;REAR END;NOT DIVIDED;STRAIGHT AND LEVEL;WET;NO DEFECTS;NO INJURY / DRIVE AWAY;;Y;$500 OR LESS;UNABLE TO DETERMINE;UNABLE TO DETERMINE;1654;W;119TH ST;2234;;;;;;;2;NO INDICATION OF INJURY;0;0;0;0;0;2;0;13;6;6;41.6776170559;-87.6631131459;{'type': 'Point', 'coordinates': [-87.663113145868, 41.677617055887]};ON SCENE;2025-06-13T13:31:00.000
0945b0321c646592101602958376947995e28839156636c34d02e34c1210b97d8532fc56e1193be792f9d763ffed212d9b4df0bcede27e2e3936deaf92659129;2025-06-13 13:20:00;30;NO CONTROLS;NO CONTROLS;RAIN;DAYLIGHT;PEDALCYCLIST;NOT DIVIDED;STRAIGHT AND LEVEL;WET;NO DEFECTS;NO INJURY / DRIVE AWAY;;;OVER $1,500;DISTRACTION - FROM INSIDE VEHICLE;NOT APPLICABLE;23;S;HALSTED ST;1232;;;;;;;2;NO INDICATION OF INJURY;0;0;0;0;0;3;0;13;6;6;41.8810794657;-87.6471910511;{'type': 'Point', 'coordinates': [-87.647191051097, 41.881079465702]};ON SCENE;2025-06-13T13:26:00.000
b0a14c46415f66962358beeca95bf5a50d3e9c63a9fa5eb5970c0112dee60dfeeef7198d49412b4dcae8bb5ab49d3d82d2666f784fe823ffd5a45f1d2a0e7578;2025-06-13 13:20:00;30;NO CONTROLS;NO CONTROLS;RAIN;DAYLIGHT;ANGLE;T-INTERSECTION;STRAIGHT AND LEVEL;WET;NO DEFECTS;NO INJURY / DRIVE AWAY;Y;;OVER $1,500;DRIVING SKILLS/KNOWLEDGE/EXPERIENCE;PHYSICAL CONDITION OF DRIVER;112;N;KOSTNER AVE;1113;;;;;;;2;NO INDICATION OF INJURY;0;0;0;0;0;2;0;13;6;6;41.8824097153;-87.7356783436;{'type': 'Point', 'coordinates': [-87.735678343609, 41.882409715262]};NOT ON SCENE (DESK REPORT);2025-06-13T18:30:00.000
15c5b5954f311c4c0cbd53dbd3981835379eae82144095d2517e27ccf9e9567fa664ef00258fb28420197676093d0563224ae3b0b7ce59e07140ab87e42eb4df;2025-06-13 13:15:00;30;UNKNOWN;UNKNOWN;RAIN;DAYLIGHT;REAR TO SIDE;ONE-WAY;STRAIGHT AND LEVEL;UNKNOWN;UNKNOWN;NO INJURY / DRIVE AWAY;;;$500 OR LESS;UNABLE TO DETERMINE;UNABLE TO DETERMINE;9755;S;CRANDON AVE;431;;;;;;;2;NO INDICATION OF INJURY;0;0;0;0;0;2;0;13;6;6;41.7169191058;-87.5666437256;{'type': 'Point', 'coordinates': [-87.566643725562, 41.716919105753]};NOT ON SCENE (DESK REPORT);2025-06-13T16:00:00.000
1834e6675fc94c108e76c3d2c5d7307ece32d681ba0aff8f66cfc7cd76c11be1cf8cbbdc3f3027e214c4ac46dcad0ec3479499408136b18aac152ea06d0ec40f;2025-06-13 13:15:00;25;UNKNOWN;UNKNOWN;RAIN;DAYLIGHT;TURNING;FOUR WAY;STRAIGHT AND LEVEL;WET;UNKNOWN;NO INJURY / DRIVE AWAY;Y;;OVER $1,500;UNABLE TO DETERMINE;NOT APPLICABLE;5330;N;ASHLAND AVE;2012;;;;;;;2;NO INDICATION OF INJURY;0;0;0;0;0;2;0;13;6;6;41.9788633064;-87.6698358514;{'type': 'Point', 'coordinates': [-87.669835851368, 41.978863306449]};NOT ON SCENE (DESK REPORT);2025-06-13T17:30:00.000
a01b5eba868028b114c4cf06358b840376fbdbd579597424340a1e8ca2c913a6e0125ceb26102425c25f85816e5adbbb096bc268b7fe5f87d057fab82e1aa49b;2025-06-13 13:15:00;30;NO CONTROLS;NO CONTROLS;CLEAR;DAYLIGHT;TURNING;DIVIDED - W/MEDIAN (NOT RAISED);STRAIGHT AND LEVEL;DRY;NO DEFECTS;INJURY AND / OR TOW DUE TO CRASH;;;OVER $1,500;IMPROPER TURNING/NO SIGNAL;HAD BEEN DRINKING (USE WHEN ARREST IS NOT MADE);4730;W;79TH ST;834;;;;;;;2;REPORTED, NOT EVIDENT;1;0;0;0;1;2;0;13;6;6;41.7492888381;-87.7400953795;{'type': 'Point', 'coordinates': [-87.740095379467, 41.749288838092]};ON SCENE;2025-06-13T13:20:00.000
983e1926c9605a5620e1c11b4d57d821cb875b03a9a24f042f7e5415fed0438b35073628005fbc79347137d62b7097c299d8b28ce33e8c7ec1e038a5bef865b0;2025-06-13 13:10:00;30;TRAFFIC SIGNAL;FUNCTIONING PROPERLY;CLEAR;DAYLIGHT;SIDESWIPE SAME DIRECTION;FOUR WAY;STRAIGHT AND LEVEL;WET;NO DEFECTS;NO INJURY / DRIVE AWAY;;Y;OVER $1,500;UNABLE TO DETERMINE;UNABLE TO DETERMINE;7859;S;DAMEN AVE;611;;;;;;;2;NO INDICATION OF INJURY;0;0;0;0;0;2;0;13;6;6;41.7503257718;-87.6729916406;{'type': 'Point', 'coordinates': [-87.672991640589, 41.750325771762]};NOT ON SCENE (DESK REPORT);2025-06-13T13:45:00.000
a644e90aaf45808d4198ff9d786dfc686200891b04a24eb6eda8d7c02a53545e65e3df0a25fb386190778976da2f7f1f9caecaa8840cf715b878e80f1374fb5a;2025-06-13 13:10:00;30;NO CONTROLS;NO CONTROLS;RAIN;DAYLIGHT;SIDESWIPE SAME DIRECTION;ONE-WAY;STRAIGHT AND LEVEL;WET;NO DEFECTS;NO INJURY / DRIVE AWAY;;Y;$500 OR LESS;UNABLE TO DETERMINE;NOT APPLICABLE;6647;W;DIVERSEY AVE;2512;;;;;;;2;NO INDICATION OF INJURY;0;0;0;0;0;3;0;13;6;6;41.9308105022;-87.7924903961;{'type': 'Point', 'coordinates': [-87.79249039607, 41.930810502241]};ON SCENE;2025-06-13T13:19:00.000
96d934ab3857e786b3d2a9d8ed7cf0aea5011a04754244a1ee5f0e8e5089c1ad19c015f235b00de22255a3343d725dfab510c77578c888571c402f224ef1c76d;2025-06-13 13:05:00;10;NO CONTROLS;NO CONTROLS;CLEAR;DAYLIGHT;PARKED MOTOR VEHICLE;PARKING LOT;STRAIGHT AND LEVEL;DRY;NO DEFECTS;NO INJURY / DRIVE AWAY;;;OVER $1,500;FAILING TO YIELD RIGHT-OF-WAY;UNABLE TO DETERMINE;25;N;MICHIGAN AVE;114;;;;;;;2;NO INDICATION OF INJURY;0;0;0;0;0;1;0;13;6;6;41.882670497;-87.6242415386;{'type': 'Point', 'coordinates': [-87.624241538569, 41.882670496958]};NOT ON SCENE (DESK REPORT);2025-06-13T13:50:00.000
7bd2c27fa73cb05842e09dbb48d16fed771ccf004e8afffb185e74188fb864e37a39fe1c8e60dec44606c6e3f06e9fd0394dbd03bcc3ee70d89a59232365b949;2025-06-13 13:01:00;35;STOP SIGN/FLASHER;FUNCTIONING PROPERLY;RAIN;DAYLIGHT;PEDESTRIAN;NOT DIVIDED;STRAIGHT AND LEVEL;DRY;NO DEFECTS;INJURY AND / OR TOW DUE TO CRASH;;Y;$500 OR LESS;FAILING TO YIELD RIGHT-OF-WAY;NOT APPLICABLE;3545;W;ARMITAGE AVE;1422;;;;;;;2;NONINCAPACITATING INJURY;1;0;0;1;0;1;0;13;6;6;41.9171876289;-87.7153767643;{'type': 'Point', 'coordinates': [-87.715376764299, 41.91718762894]};ON SCENE;2025-06-13T13:01:00.000